{"type":"FeatureCollection","features":[{"type":"Feature","id":1,"geometry":{"type":"LineString","coordinates":[[-99.200404746045351,19.398282374807543,0,null],[-99.19788256933559,19.398858927136057,0,null],[-99.19749524511478,19.398952003641757,0,null],[-99.197155153072543,19.399033073631976,0,null],[-99.196736372134751,19.399162048776009,0,null],[-99.196490794233512,19.399257959218108,0,null],[-99.196163373053878,19.399398790560639,0,null],[-99.195433006297009,19.399743299111496,0,null],[-99.194088753887868,19.400384361595133,0,null],[-99.193764495688853,19.400540130157321,0,null],[-99.193138820830896,19.40085377046136,0,null],[-99.192612312783766,19.40112717636724,0,null],[-99.192313251788292,19.401282915648718,0,null],[-99.192026746769116,19.401402773231325,0,null],[-99.191783147894142,19.401476215870044,0,null],[-99.191427320247882,19.401524644715423,0,null],[-99.190887709215588,19.401567614963014,0,null],[-99.189845125658948,19.401610551110235,0,null],[-99.189407318182518,19.401640896732864,0,null],[-99.189158534158125,19.401694956361631,0,null],[-99.188938134311243,19.401778874148942,0,null],[-99.188661076814356,19.401898717528478,0,null],[-99.188472175984302,19.401982602057078,0,null],[-99.188311638613087,19.402078413292081,0,null],[-99.188026833381471,19.402262332426428,0,null],[-99.187636526317291,19.402513802351873,0,null],[-99.187238694180834,19.402796363722956,0,null],[-99.187102757933403,19.402920840918412,0,null],[-99.186966869700726,19.403088358775495,0,null],[-99.186783137889847,19.403287010230759,0,null],[-99.186657329583738,19.403454516591772,0,null],[-99.186444885803041,19.40377186894208,0,null],[-99.186192169308768,19.404249154757355,0,null],[-99.185669317318741,19.405265747656465,0,null],[-99.185169095027533,19.406175627591924,0,null],[-99.184127572815086,19.408100782844187,0,null],[-99.183259851561957,19.409784401677364,0,null],[-99.183029291886982,19.410309144965545,0,null],[-99.182581517477189,19.411451927651463,0,null],[-99.180775212927941,19.415984202271641,0,null],[-99.179567649887176,19.418698993920341,0,null],[-99.178923280053922,19.41989769377108,0,null],[-99.178805476748636,19.420029201275955,0,null],[-99.178714842306206,19.420115370167309,0,null],[-99.178507295736452,19.420226761207957,0,null],[-99.178318345701882,19.42028971314009,0,null],[-99.178053841110795,19.420370660706244,0,null],[-99.177791580481212,19.420445528149397,0,null],[-99.177572378016364,19.42050025972847,0,null],[-99.17720955203751,19.420583824462238,0,null],[-99.173669178751609,19.421309312408219,0,null],[-99.170321506180201,19.42201898604079,0,null],[-99.166979770508618,19.422784254809027,0,null],[-99.165444374677094,19.423126214867558,0,null],[-99.160539228715876,19.424322218126807,0,null],[-99.155363585750251,19.425481260902401,0,null],[-99.153884053873682,19.425828804327391,0,null],[-99.151173903438149,19.426548641414854,0,null],[-99.148566440670777,19.427240619753658,0,null],[-99.148376885410258,19.427286226653713,0,null],[-99.148278252287597,19.427298111672268,0,null],[-99.148164423979168,19.427305082837151,0,null],[-99.147808784417037,19.427299378291803,0,null],[-99.147248866401227,19.427277093722701,0,null],[-99.147076846145453,19.427262832299245,0,null],[-99.146321012398587,19.427210892307052,0,null],[-99.145726163715537,19.42716163603885,0,null],[-99.143117886708723,19.426921650799493,0,null],[-99.142907803514348,19.426908724915418,0,null],[-99.142692311462739,19.426906503134884,0,null],[-99.142489426206723,19.426910249342463,0,null],[-99.142324342468257,19.426909183188041,0,null],[-99.142184455649442,19.426900923390665,0,null],[-99.141828860540713,19.426859656382337,0,null],[-99.141680138543848,19.426835861748934,0,null],[-99.141533923551037,19.426795326256304,0,null],[-99.141332230494797,19.426736781037409,0,null],[-99.141129316439461,19.426690433206875,0,null],[-99.140965468503964,19.426661866328814,0,null],[-99.140809191403804,19.426644054982006,0,null],[-99.139224181901767,19.426521071120376,0,null],[-99.133048674796086,19.425955778918187,0,null],[-99.131624355633491,19.425843637176438,0,null],[-99.131400538578717,19.425829452645814,0,null],[-99.131288638331824,19.425833837123797,0,null],[-99.131154077239259,19.425864062741045,0,null],[-99.131004413842533,19.425920122186866,0,null],[-99.130430077495802,19.42618034476396,0,null],[-99.13029184425335,19.426235035306796,0,null],[-99.130165413225313,19.42626217627226,0,null],[-99.130011169806252,19.426265156101934,0,null],[-99.129823647460398,19.42625381296611,0,null],[-99.129617222872696,19.426227514736798,0,null],[-99.129268326999963,19.42618033326449,0,null],[-99.128836793369942,19.426116558643294,0,null],[-99.128429456999555,19.426053722022576,0,null],[-99.128102768774411,19.425987958281965,0,null],[-99.126886807770731,19.425797523309225,0,null],[-99.126048446709888,19.425672573482451,0,null],[-99.125794366492315,19.42563257910226,0,null],[-99.125668332037435,19.425609711755829,0,null],[-99.123519369939217,19.425201441842244,0,null],[-99.123364683632488,19.425174342160844,0,null],[-99.123137936078422,19.425144870147847,0,null],[-99.122437928878725,19.425058605755563,0,null],[-99.122277887983074,19.425057517965193,0,null],[-99.122125424489994,19.425080336600409,0,null],[-99.121953807270501,19.425129299183638,0,null],[-99.121712205384839,19.425233644518215,0,null],[-99.12150940778686,19.425353335933703,0,null],[-99.121373396244053,19.425470591238092,0,null],[-99.121219492929015,19.425666824977927,0,null],[-99.121095227383123,19.425913133205565,0,null],[-99.120997156086844,19.426212086658829,0,null],[-99.120976736847808,19.42649397299768,0,null],[-99.12090815094659,19.429603553304592,0,null],[-99.120870115485772,19.430572616353174,0,null],[-99.120849365325554,19.430968314222358,0,null],[-99.120823172433333,19.431197244179081,0,null],[-99.120767888801879,19.431404035963784,0,null],[-99.120693628838282,19.431567757086999,0,null],[-99.120505226502658,19.431782428247615,0,null],[-99.120309221766533,19.431964579204976,0,null],[-99.120099434319712,19.432106562189844,0,null],[-99.119902919959145,19.432196427413452,0,null],[-99.11974571679437,19.432232059297551,0,null],[-99.119628440577713,19.432241034690101,0,null],[-99.119484922748597,19.432243232176805,0,null],[-99.118199130175753,19.432082674155705,0,null],[-99.117907243202964,19.432054170718263,0,null],[-99.11706941445162,19.432003065098527,0,null],[-99.116642945671742,19.431987557879044,0,null],[-99.116087944835186,19.431986479427493,0,null],[-99.115861968688122,19.431979025277403,0,null],[-99.11567973384625,19.431968381749364,0,null],[-99.115559499501671,19.43195411169852,0,null],[-99.115455135049146,19.431928354173177,0,null],[-99.11531798381813,19.431872728534113,0,null],[-99.115175771056187,19.43178673904756,0,null],[-99.115045629204957,19.431662005450054,0,null],[-99.114965412627697,19.431567368518905,0,null],[-99.114845499142987,19.431382949934036,0,null],[-99.114722490543599,19.431185761783667,0,null],[-99.114580845569336,19.430920577311834,0,null],[-99.114028149903092,19.429431722385072,0,null],[-99.113945596695757,19.429281482958661,0,null],[-99.113829045402568,19.42912517731909,0,null],[-99.113668619199458,19.428938770693211,0,null],[-99.113484005695497,19.428763857250633,0,null],[-99.113269286970606,19.428607949660961,0,null],[-99.112913268119158,19.428400874074331,0,null],[-99.112405969698443,19.428142456893141,0,null],[-99.107484772627643,19.425710580456897,0,null],[-99.101777957213528,19.422857098853299,0,null],[-99.099504414347507,19.421710085527902,0,null],[-99.098203972964612,19.421045915787495,0,null],[-99.09272516383696,19.417936521118314,0,null],[-99.087891085948002,19.415133668124579,0,null],[-99.081984360763201,19.411745827179026,0,null],[-99.080025662280519,19.410598964815502,0,null],[-99.078780372831062,19.409858262648008,0,null],[-99.078500580364931,19.409729262757029,0,null],[-99.078190565588955,19.409638534746776,0,null],[-99.077981379337245,19.409600366235519,0,null],[-99.077825124561485,19.409581304022879,0,null],[-99.07749751499432,19.409586226565654,0,null],[-99.077200167880832,19.409636566953875,0,null],[-99.076960796894383,19.409715574757822,0,null],[-99.076771833563598,19.409808908535709,0,null],[-99.076567775210989,19.409957243916622,0,null],[-99.076373819991446,19.410155788635834,0,null],[-99.075540562939622,19.411371410077241,0,null],[-99.075439750925739,19.411561109108622,0,null],[-99.075353281813079,19.411824463147692,0,null],[-99.07525831378652,19.412376467569324,0,null],[-99.074735727011728,19.416334085608497,0,null]]},"properties":{"id":1,"sistema":"STC Metro","linea":"1","ruta":"Observatorio - Pantitlàn","objectid":1}},{"type":"Feature","id":2,"geometry":{"type":"LineString","coordinates":[[-99.215842489697238,19.459593208504113,0,null],[-99.215852998479818,19.459987668100421,0,null],[-99.215780795991932,19.461953072553158,0,null],[-99.215747034574989,19.462162797904927,0,null],[-99.215686753475765,19.462329289299717,0,null],[-99.215588167097607,19.462505391178386,0,null],[-99.215507637399583,19.462610695058295,0,null],[-99.21536866114451,19.462744761388681,0,null],[-99.21519539230971,19.462873129712108,0,null],[-99.215046273350353,19.462963211229759,0,null],[-99.214850754943839,19.463041871305432,0,null],[-99.214626977447921,19.463101435630616,0,null],[-99.214403156084828,19.463128480345013,0,null],[-99.214225692155807,19.463134428744656,0,null],[-99.214013899147488,19.463105985844038,0,null],[-99.21379398135376,19.463033555669476,0,null],[-99.213544439063497,19.462919005291898,0,null],[-99.212750067005857,19.462512091269431,0,null],[-99.212471394257847,19.462360344909033,0,null],[-99.212269535444236,19.462217115205263,0,null],[-99.211242332683696,19.461290571374992,0,null],[-99.210800814846863,19.461008936261631,0,null],[-99.21044941184239,19.460820780033785,0,null],[-99.210199034997274,19.460711465704279,0,null],[-99.209976165360601,19.460628441777441,0,null],[-99.205281932206006,19.459327085366521,0,null],[-99.202864811135385,19.458613672729602,0,null],[-99.201880046633107,19.458308711992352,0,null],[-99.201730005911543,19.458267034074495,0,null],[-99.201516926805041,19.458211080463204,0,null],[-99.201354300540359,19.458184959282754,0,null],[-99.201138741956413,19.4581624835394,0,null],[-99.200889171230017,19.458155586480242,0,null],[-99.20073289758075,19.458170106083575,0,null],[-99.200546399012779,19.458204983625148,0,null],[-99.197979547217528,19.458712325445919,0,null],[-99.194620143266434,19.45944644125721,0,null],[-99.193946441287054,19.459593092996098,0,null],[-99.193675047029501,19.459633959178209,0,null],[-99.193273013032339,19.459670254070662,0,null],[-99.19312681555472,19.459679974813113,0,null],[-99.192975561903069,19.459677744613391,0,null],[-99.192456242466776,19.459673577356064,0,null],[-99.190208479003303,19.459673652914951,0,null],[-99.189779916287932,19.459659157177168,0,null],[-99.189322970424413,19.459623768056197,0,null],[-99.188985733703333,19.459561353841661,0,null],[-99.185593695161103,19.458728398205871,0,null],[-99.183386978910761,19.45824502781667,0,null],[-99.183012632829133,19.45815725267596,0,null],[-99.182711046510278,19.458072433632218,0,null],[-99.182511313814572,19.457998032702463,0,null],[-99.182371078465437,19.457929310343296,0,null],[-99.182236864356781,19.457834757124076,0,null],[-99.181935117977062,19.457605515270615,0,null],[-99.181590971685381,19.457330405490715,0,null],[-99.180641036815558,19.456566920999467,0,null],[-99.180533560697086,19.456485252206331,0,null],[-99.180427602875199,19.456410038013718,0,null],[-99.180304249670272,19.456331971743023,0,null],[-99.1801597225287,19.456255361531259,0,null],[-99.179771555229024,19.45605919846135,0,null],[-99.179438624210036,19.455890955465307,0,null],[-99.179172284587878,19.455759948025261,0,null],[-99.179091314598722,19.455712683911333,0,null],[-99.178989144244525,19.45564105198887,0,null],[-99.178899070437623,19.45556725541342,0,null],[-99.178512236986307,19.455205385761168,0,null],[-99.177722019192188,19.454466401707069,0,null],[-99.177363932352023,19.454198664503476,0,null],[-99.176980224591972,19.453923584451168,0,null],[-99.174498860361325,19.452230221250542,0,null],[-99.173451680257685,19.451518199927389,0,null],[-99.173241292281375,19.45136847912752,0,null],[-99.173161052189428,19.451292519385397,0,null],[-99.173079269787735,19.451187867036548,0,null],[-99.172927054361409,19.450984290030544,0,null],[-99.172830783073252,19.450835220840894,0,null],[-99.171550096568538,19.44893325694985,0,null],[-99.170816724266842,19.447871105044744,0,null],[-99.169882635134357,19.446488729935833,0,null],[-99.169502705503007,19.445937936279591,0,null],[-99.169442134497586,19.445865064338577,0,null],[-99.169368962053952,19.445794595388008,0,null],[-99.169309672636359,19.445742046902517,0,null],[-99.16905492966734,19.445589672084846,0,null],[-99.168714435770099,19.44538871758207,0,null],[-99.166777676497048,19.444271333829764,0,null],[-99.165913851960667,19.44376760318654,0,null],[-99.165375361002589,19.44343214430063,0,null],[-99.165077750684205,19.443255473779065,0,null],[-99.164928961940916,19.443182680528064,0,null],[-99.16476379928713,19.443120661736707,0,null],[-99.164621339205624,19.443074165312694,0,null],[-99.164510401411732,19.4430431815065,0,null],[-99.16425449770361,19.442981244496242,0,null],[-99.163065769301383,19.442715708730937,0,null],[-99.162693898455046,19.442632353355663,0,null],[-99.162232513023483,19.442515602498478,0,null],[-99.162059794331327,19.442457174859154,0,null],[-99.161846730138492,19.442382045206518,0,null],[-99.161597095992732,19.442285428440876,0,null],[-99.161334845217041,19.442174475053296,0,null],[-99.159606303649952,19.441480192651255,0,null],[-99.157781907489309,19.440696310568534,0,null],[-99.15660140123083,19.440205828289805,0,null],[-99.153522546872551,19.438936376265055,0,null],[-99.153368362653453,19.438870501428575,0,null],[-99.153142113114043,19.438792455397671,0,null],[-99.152028819900409,19.43855236853836,0,null],[-99.149295006924433,19.437953992126346,0,null],[-99.148354201111914,19.437793124604358,0,null],[-99.147698735343837,19.437649237033209,0,null],[-99.142890693183929,19.436612476792245,0,null],[-99.140761033399144,19.436221042927759,0,null],[-99.139000301713608,19.435880710158671,0,null],[-99.13595842547295,19.435420372754439,0,null],[-99.133186142058435,19.435044943632224,0,null],[-99.132689752987616,19.434962466436648,0,null],[-99.132533444546311,19.434914758280353,0,null],[-99.13241835990533,19.434845950501739,0,null],[-99.132283791457681,19.434759517967276,0,null],[-99.132204229724877,19.434684259585765,0,null],[-99.132152573576406,19.434570716280778,0,null],[-99.132124751903035,19.434451181093159,0,null],[-99.132106975067714,19.434286207484387,0,null],[-99.132116892231565,19.434082956370702,0,null],[-99.132211235071097,19.433329169236785,0,null],[-99.132328548853792,19.43089306374608,0,null],[-99.132702759519688,19.428199027738472,0,null],[-99.133017174929037,19.426067701189673,0,null],[-99.133018555878877,19.425907017923979,0,null],[-99.132972666968712,19.425264320680885,0,null],[-99.13293086765367,19.424072143910283,0,null],[-99.132844061123023,19.421458245114621,0,null],[-99.132853031477936,19.42133198814615,0,null],[-99.132878610362951,19.421174156422587,0,null],[-99.132920828257141,19.421023485383351,0,null],[-99.132975139800322,19.420868501034963,0,null],[-99.133143283855674,19.42064642564511,0,null],[-99.133543240475618,19.420292783570822,0,null],[-99.13367470281139,19.42017647863965,0,null],[-99.133792542257297,19.420044402797462,0,null],[-99.133884654385781,19.419886520990026,0,null],[-99.133963087221048,19.419644004503585,0,null],[-99.134006728154318,19.419385732798332,0,null],[-99.134400087572914,19.416913957287623,0,null],[-99.13466681840103,19.415211303287727,0,null],[-99.135500020772895,19.409917288678869,0,null],[-99.135736975466244,19.408437678428829,0,null],[-99.136777181203271,19.401662565049282,0,null],[-99.137013185384319,19.400131934524428,0,null],[-99.137687968071816,19.395952474631979,0,null],[-99.137934850216368,19.394428667792248,0,null],[-99.138837638632126,19.38837618799575,0,null],[-99.139071183941425,19.386849518403739,0,null],[-99.140060755835037,19.380337942269524,0,null],[-99.140302527472755,19.3788067204957,0,null],[-99.140807025170801,19.37498776788901,0,null],[-99.140843363824757,19.37476058282645,0,null],[-99.140923567186036,19.374270340519523,0,null],[-99.141452614938942,19.370716642649054,0,null],[-99.141686221804591,19.369187187996495,0,null],[-99.142771560476021,19.362712039012404,0,null],[-99.143286953028948,19.359855362150331,0,null],[-99.144179192016907,19.355961106739713,0,null],[-99.144770330377384,19.354012179364275,0,null],[-99.145222225703463,19.352525972893726,0,null],[-99.1453412317599,19.352068981080237,0,null],[-99.145408973734391,19.351757602297102,0,null],[-99.145458626585196,19.351500755540961,0,null],[-99.145491659828934,19.351252530083894,0,null],[-99.145559084369864,19.350583917138675,0,null],[-99.145567744944032,19.35012337841432,0,null],[-99.145540142312157,19.34967721628723,0,null],[-99.145382116996203,19.348740497761334,0,null],[-99.145313850673787,19.348459355100317,0,null],[-99.144564473996965,19.345391175793367,0,null],[-99.144479540805605,19.345059832743186,0,null],[-99.144428004999298,19.344893450371003,0,null],[-99.14438558342033,19.344778709971358,0,null],[-99.144306843288888,19.344615219366304,0,null],[-99.144219064566997,19.344484732956804,0,null],[-99.144117700120276,19.34437434270173,0,null],[-99.143992142306217,19.344251059880737,0,null],[-99.143865100721058,19.344160775223209,0,null],[-99.143673062334514,19.344063368806829,0,null],[-99.143497686236728,19.344008989327691,0,null],[-99.1433806035229,19.34398469155386,0,null],[-99.143186359056287,19.343957585903336,0,null],[-99.142958115071082,19.343939831433371,0,null],[-99.140624472843172,19.343810429756939,0,null],[-99.139532776383746,19.343757097385826,0,null]]},"properties":{"id":2,"sistema":"STC Metro","linea":"2","ruta":"Cuatro Caminos - Tasqueña","objectid":2}},{"type":"Feature","id":3,"geometry":{"type":"LineString","coordinates":[[-99.119509938258716,19.49533761775406,0,null],[-99.119728349132359,19.494406963592532,0,null],[-99.120015950212405,19.493261652714462,0,null],[-99.120089113502473,19.492978260473194,0,null],[-99.120131357692955,19.49282257147248,0,null],[-99.120220380229625,19.492552804850789,0,null],[-99.120445826942827,19.491844131607273,0,null],[-99.120551236650982,19.49153359709544,0,null],[-99.120665077965754,19.491272352031039,0,null],[-99.120925217787956,19.490781906644536,0,null],[-99.121214589189179,19.490338404846188,0,null],[-99.122106535757567,19.48921544935223,0,null],[-99.125048120904239,19.48566142122927,0,null],[-99.126074776551661,19.484412273151165,0,null],[-99.131580258356806,19.477719811662887,0,null],[-99.132594156580907,19.476485132779867,0,null],[-99.134797809738501,19.473800616667869,0,null],[-99.135061224132514,19.473543989097944,0,null],[-99.135325255543592,19.47333146221445,0,null],[-99.135602402150909,19.473124664656666,0,null],[-99.136171620375464,19.472712116211746,0,null],[-99.136419520325134,19.472505338471954,0,null],[-99.136657330003089,19.47229283028269,0,null],[-99.136862854901423,19.47206312939478,0,null],[-99.138077767485029,19.470595030932586,0,null],[-99.141472578298632,19.466519416114593,0,null],[-99.14165387231489,19.466270600486492,0,null],[-99.141759588239992,19.466081621288438,0,null],[-99.141827463118091,19.465861587267593,0,null],[-99.141923388969971,19.465431114394487,0,null],[-99.14197554448387,19.465109709625033,0,null],[-99.142007413045206,19.464650593704896,0,null],[-99.142003954591075,19.464206535211101,0,null],[-99.141970479116267,19.463562792389638,0,null],[-99.141924910989871,19.463124659071244,0,null],[-99.141877214953965,19.462812893759221,0,null],[-99.141882129193547,19.462629734626749,0,null],[-99.141907702091217,19.462469033050802,0,null],[-99.141997947690399,19.462143047218724,0,null],[-99.143154018310156,19.457366435004932,0,null],[-99.143176341356622,19.45724929238968,0,null],[-99.143187032585772,19.457137954520121,0,null],[-99.143192226792209,19.457021589069083,0,null],[-99.143192838270849,19.456859625456453,0,null],[-99.14319101809285,19.456509569521931,0,null],[-99.143181622158863,19.456143738772166,0,null],[-99.143105822263237,19.454448411649881,0,null],[-99.143099561046611,19.454207394040839,0,null],[-99.143107483554985,19.454042879729037,0,null],[-99.1431464197602,19.453793058534199,0,null],[-99.143285686773922,19.453173290105781,0,null],[-99.143670288877061,19.451632074265408,0,null],[-99.145090835640787,19.445197569839735,0,null],[-99.14646492387125,19.438880556499804,0,null],[-99.146523719990185,19.438412235000403,0,null],[-99.146596722721071,19.437936774320725,0,null],[-99.147046366003323,19.436596574092977,0,null],[-99.14711352208117,19.436358053315868,0,null],[-99.147269986664,19.435554189273567,0,null],[-99.147336605881279,19.435017000001686,0,null],[-99.147784259076289,19.432735919069273,0,null],[-99.148318144576606,19.430090261752255,0,null],[-99.148547826807075,19.429044566648038,0,null],[-99.148890509020546,19.427332153695495,0,null],[-99.149566346128594,19.423944136128281,0,null],[-99.150187222407212,19.420813669531345,0,null],[-99.150848293881936,19.415849766769739,0,null],[-99.150935430605415,19.415237091611957,0,null],[-99.150956529819126,19.415161037350558,0,null],[-99.150998363900854,19.415080674061873,0,null],[-99.151067944410826,19.414981801088675,0,null],[-99.151178152705839,19.414870369555612,0,null],[-99.151329877414653,19.414770112281658,0,null],[-99.151635457278687,19.414597616481267,0,null],[-99.154183475286004,19.413269924715792,0,null],[-99.154321047052434,19.413183451537613,0,null],[-99.154405408916688,19.413116428274275,0,null],[-99.154492278757829,19.413037447456656,0,null],[-99.154567793297829,19.412941739264877,0,null],[-99.154626931526636,19.412852022218793,0,null],[-99.154674721437942,19.412753946317668,0,null],[-99.154714927817679,19.412631965191704,0,null],[-99.154743285652444,19.412505451119845,0,null],[-99.154981424840372,19.409610080314849,0,null],[-99.155185300985266,19.40674085707581,0,null],[-99.155985726729909,19.396499784800294,0,null],[-99.156426721261994,19.390908591659343,0,null],[-99.156848808865576,19.387659271311833,0,null],[-99.157399763352998,19.385350760235347,0,null],[-99.157987202095512,19.382939629517598,0,null],[-99.158741942122603,19.380504609533993,0,null],[-99.15880981157548,19.380338368204406,0,null],[-99.15891793624175,19.380134511950928,0,null],[-99.160066283570472,19.378190519746305,0,null],[-99.164763480553859,19.370793033785525,0,null],[-99.167682564077893,19.366199079773363,0,null],[-99.168626046045077,19.36472171846582,0,null],[-99.168852446245637,19.364386751814131,0,null],[-99.169522936100051,19.363489457208406,0,null],[-99.169866171121257,19.36309603656947,0,null],[-99.170137929829707,19.36277441653403,0,null],[-99.170285838651949,19.362553338025798,0,null],[-99.170399013308128,19.362363855570269,0,null],[-99.17057094601661,19.361987809863319,0,null],[-99.171177245515764,19.360675948732744,0,null],[-99.171641704133833,19.359789628427166,0,null],[-99.172009168802617,19.358888516800686,0,null],[-99.172671654359775,19.357303830767034,0,null],[-99.172760203200568,19.357112278892078,0,null],[-99.172905705733655,19.356883831442921,0,null],[-99.17306397048398,19.356681394661017,0,null],[-99.174876798692637,19.354707450608192,0,null],[-99.175313927464174,19.354126928560898,0,null],[-99.175800500916139,19.353621960211541,0,null],[-99.176885964799411,19.352740228546978,0,null],[-99.176996712662614,19.352649855464694,0,null],[-99.17706718513378,19.352588813182216,0,null],[-99.177131979489033,19.352519407849218,0,null],[-99.177183560213123,19.352460775161646,0,null],[-99.177240449009517,19.352387978548528,0,null],[-99.177444442995125,19.352012185020264,0,null],[-99.177493040246333,19.351912906252583,0,null],[-99.17753830547008,19.351838737257829,0,null],[-99.177608540446698,19.351753185822439,0,null],[-99.179668763648664,19.349974499856927,0,null],[-99.179797836154179,19.349827318366742,0,null],[-99.179912553266618,19.34968447079406,0,null],[-99.180024715446649,19.349509329952379,0,null],[-99.18012728074109,19.349268046343187,0,null],[-99.180554737178085,19.347235783305656,0,null],[-99.182122789669592,19.339594316551935,0,null],[-99.182181924184476,19.339300720904511,0,null],[-99.182199212457803,19.338989856988718,0,null],[-99.182123348415914,19.338724516754034,0,null],[-99.181866054340475,19.338401971531979,0,null],[-99.181455113155323,19.338089143141293,0,null],[-99.18105682095235,19.337824124015665,0,null],[-99.180638565072073,19.337596808502919,0,null],[-99.178693354652026,19.336930372643454,0,null],[-99.178291692285768,19.336797345277802,0,null],[-99.178057830785704,19.336703841487413,0,null],[-99.177828477260448,19.336585501150392,0,null],[-99.175892671641165,19.335484470864827,0,null],[-99.175443932344209,19.335140580380774,0,null],[-99.174984971802829,19.334658013616014,0,null],[-99.174657052343392,19.334227924613963,0,null],[-99.174288701370912,19.333673535419781,0,null],[-99.174005939516704,19.333066458393802,0,null],[-99.173871463783911,19.33269035829402,0,null],[-99.173810235974344,19.332356241653045,0,null],[-99.173448695580504,19.329607978457403,0,null],[-99.17343740597147,19.329118430727924,0,null],[-99.17344583480218,19.328743021964534,0,null],[-99.173566354618572,19.327429067372933,0,null],[-99.173881414080086,19.324886157099513,0,null],[-99.173938455589763,19.324353482906115,0,null]]},"properties":{"id":3,"sistema":"STC Metro","linea":"3","ruta":"Indios Verdes - Universidad","objectid":3}},{"type":"Feature","id":4,"geometry":{"type":"LineString","coordinates":[[-99.121695604258207,19.402891571809199,0,null],[-99.121666936843113,19.403576787087697,0,null],[-99.121605800033507,19.404770222354838,0,null],[-99.121612483880313,19.405142593218617,0,null],[-99.121640626643625,19.405472959835091,0,null],[-99.121664971805401,19.406018117777911,0,null],[-99.121702698048011,19.407611771579528,0,null],[-99.12173432901271,19.410351847077518,0,null],[-99.121757772729751,19.411777857572588,0,null],[-99.12176276685534,19.41226055348023,0,null],[-99.121750263306822,19.412722170826612,0,null],[-99.121707825221364,19.413185735852544,0,null],[-99.121658027679089,19.413583677173726,0,null],[-99.120616348221319,19.420990264639574,0,null],[-99.120423307131944,19.422387493595252,0,null],[-99.119797100756628,19.426338744142726,0,null],[-99.119609701424949,19.427606237136896,0,null],[-99.119541230438443,19.428027277051449,0,null],[-99.119327208370251,19.429399424834557,0,null],[-99.119082866699088,19.43112488873814,0,null],[-99.11904627545961,19.431595517360044,0,null],[-99.119020550992488,19.431978080815863,0,null],[-99.119006237920388,19.432545386065431,0,null],[-99.11899403236518,19.433152520645962,0,null],[-99.11892235762565,19.43408771625699,0,null],[-99.118851857100736,19.434964571966198,0,null],[-99.118740392566863,19.435923479985998,0,null],[-99.118544919926336,19.437475755608293,0,null],[-99.118430436695292,19.438099430591734,0,null],[-99.118303941342234,19.438843625772869,0,null],[-99.118044833341358,19.440244026817854,0,null],[-99.117608957672161,19.442595246449418,0,null],[-99.117508528435465,19.443144309958015,0,null],[-99.117426166705627,19.443580501098324,0,null],[-99.117331693644019,19.444001396363582,0,null],[-99.117140197720516,19.444776875838535,0,null],[-99.116309817066096,19.448223013522441,0,null],[-99.115967995796098,19.449619159789819,0,null],[-99.114425904729131,19.455908001098607,0,null],[-99.114078180645166,19.457313537068551,0,null],[-99.113734678501956,19.458701985572475,0,null],[-99.112866367801004,19.462198094310722,0,null],[-99.112798266228509,19.462410654067007,0,null],[-99.11273262243553,19.462596699784417,0,null],[-99.112688470920972,19.462726922789908,0,null],[-99.112121099549682,19.464243703038292,0,null],[-99.111618667711269,19.465592709745536,0,null],[-99.110779192817276,19.467453500595379,0,null],[-99.109971327086001,19.469249708964004,0,null],[-99.108759823450725,19.471867485632945,0,null],[-99.108649706901502,19.47213610225328,0,null],[-99.108580923007722,19.472324293620648,0,null],[-99.108506287249057,19.472557819094021,0,null],[-99.10846792861102,19.472689352399627,0,null],[-99.108239331481315,19.473544546202181,0,null],[-99.10785451936394,19.474923482707805,0,null],[-99.107404803065947,19.47652626395044,0,null],[-99.107368612391596,19.476698445028969,0,null],[-99.107336967689804,19.476883534856373,0,null],[-99.10727674404437,19.477313968218493,0,null],[-99.106996056324178,19.479776247468262,0,null],[-99.106916346792687,19.480483581046609,0,null],[-99.106821494410354,19.481166533875111,0,null],[-99.106746045772198,19.481452075211276,0,null],[-99.106672058393954,19.481660144263383,0,null],[-99.10657387856746,19.481885443379053,0,null],[-99.106468115648426,19.482080619586682,0,null],[-99.106353264895091,19.482258584299412,0,null],[-99.10609178835405,19.482604489978062,0,null],[-99.10489642265658,19.484350414417044,0,null],[-99.104369477454654,19.485044144683705,0,null]]},"properties":{"id":4,"sistema":"STC Metro","linea":"4","ruta":"Martín Carrera - Santa Anita","objectid":4}},{"type":"Feature","id":5,"geometry":{"type":"LineString","coordinates":[[-99.14920599260121,19.500678698663293,0,null],[-99.148899312768236,19.499912620124608,0,null],[-99.148449250964944,19.498793187808452,0,null],[-99.148322804284362,19.498480699361657,0,null],[-99.14812803397534,19.49807548119961,0,null],[-99.147957911629831,19.497727827515142,0,null],[-99.147777907168347,19.497345092190745,0,null],[-99.147238956472918,19.496006967961421,0,null],[-99.14690618497788,19.495150748302382,0,null],[-99.146363126328183,19.49383915302165,0,null],[-99.146115889770286,19.493147182757323,0,null],[-99.1459629770155,19.492734843029211,0,null],[-99.145766961313512,19.492053539942304,0,null],[-99.14560445287367,19.491644966137844,0,null],[-99.144986608069672,19.490036252117868,0,null],[-99.144437497909394,19.48865395711347,0,null],[-99.144143221594646,19.487914275939989,0,null],[-99.144057560638785,19.487728685131206,0,null],[-99.143967352752526,19.487534742112651,0,null],[-99.143802494420072,19.487225983991362,0,null],[-99.143630442248863,19.486923828555256,0,null],[-99.143447351362923,19.486520232972097,0,null],[-99.141399822355723,19.480879484334984,0,null],[-99.14106773679724,19.480118674434756,0,null],[-99.140940609157994,19.479807349971569,0,null],[-99.140336698631671,19.47827302792906,0,null],[-99.139570162776181,19.476360328582562,0,null],[-99.139371048747549,19.47593218566659,0,null],[-99.139147866341261,19.475416672207995,0,null],[-99.138768846069809,19.47440071564014,0,null],[-99.138179278122834,19.472937914563747,0,null],[-99.137933301655281,19.472348549417838,0,null],[-99.137870073666988,19.472169959205885,0,null],[-99.137472880390732,19.471164123221428,0,null],[-99.137337785896122,19.470902676397472,0,null],[-99.136978133258381,19.470334150734846,0,null],[-99.136047946668157,19.468991245258309,0,null],[-99.134096336533233,19.46637062413739,0,null],[-99.133000660715695,19.464862030620978,0,null],[-99.13293619457491,19.464780152900765,0,null],[-99.132862763878194,19.464692693117232,0,null],[-99.132781880655159,19.464614772113144,0,null],[-99.132621428373909,19.464515210058316,0,null],[-99.132466862095043,19.464426709620938,0,null],[-99.131946288270839,19.46411397436621,0,null],[-99.129776266296048,19.4628402475896,0,null],[-99.128865285472514,19.462298596014225,0,null],[-99.12804469283104,19.46181013589521,0,null],[-99.127887057670833,19.461729812346352,0,null],[-99.127685613456308,19.461634167099756,0,null],[-99.12754187540034,19.461574012653266,0,null],[-99.12729460264913,19.461479020058313,0,null],[-99.12669055875655,19.461254968706339,0,null],[-99.125279323519095,19.460799886311012,0,null],[-99.123505051331819,19.460197709507288,0,null],[-99.121525528483829,19.459548037631258,0,null],[-99.118608818907575,19.458579061829692,0,null],[-99.117636046135956,19.458259766223826,0,null],[-99.117431803361313,19.458183861253989,0,null],[-99.117283529906857,19.458116527812166,0,null],[-99.117156431554761,19.458049181471932,0,null],[-99.117012679918687,19.457960325457574,0,null],[-99.116862864063464,19.457851387111237,0,null],[-99.116569280882544,19.457630638642541,0,null],[-99.114160408866596,19.455638761591548,0,null],[-99.112891507404186,19.4546164274572,0,null],[-99.112326406265581,19.454179925240684,0,null],[-99.112069494290068,19.453992781368783,0,null],[-99.111913762816812,19.453884680261393,0,null],[-99.111788305579481,19.453814219381066,0,null],[-99.111646463534214,19.453742573778829,0,null],[-99.111451045816892,19.453658408289371,0,null],[-99.111225669606554,19.453568481657001,0,null],[-99.110760471405598,19.453396606298107,0,null],[-99.106068282737894,19.451678832302516,0,null],[-99.104532652996454,19.45111675232992,0,null],[-99.1015286607158,19.45001725764325,0,null],[-99.101400718161216,19.449981321265049,0,null],[-99.101226621496096,19.449945059009934,0,null],[-99.101093007675516,19.449920026287181,0,null],[-99.100917800261826,19.449891430637408,0,null],[-99.100760247603091,19.449878367242938,0,null],[-99.100617824579288,19.449872469074307,0,null],[-99.100451458500018,19.44987495162712,0,null],[-99.100253588134152,19.449883430474319,0,null],[-99.100125040441185,19.449897848079836,0,null],[-99.099942308909249,19.449930228938314,0,null],[-99.099779743789853,19.449964988868818,0,null],[-99.099615924957504,19.450009314348236,0,null],[-99.099376504197281,19.450087156827472,0,null],[-99.098717229292419,19.450325013453124,0,null],[-99.097009278813218,19.450959633725589,0,null],[-99.095477493402996,19.451527205602275,0,null],[-99.095157492460231,19.451660933194116,0,null],[-99.094974526765824,19.451729893693997,0,null],[-99.094812722597524,19.451777321687235,0,null],[-99.094638812143842,19.451813279473857,0,null],[-99.094508753774164,19.451833432533562,0,null],[-99.094348440597912,19.451844993277824,0,null],[-99.094191148267555,19.451847944349296,0,null],[-99.094033850144328,19.451840852212616,0,null],[-99.093881083107377,19.451823715423139,0,null],[-99.093678393515859,19.451786519049385,0,null],[-99.093492334080835,19.45173496727292,0,null],[-99.093324418176238,19.451674798007751,0,null],[-99.093170108965197,19.451606013634578,0,null],[-99.093009741267764,19.4515200163099,0,null],[-99.092864497306621,19.451432575987234,0,null],[-99.092728322283023,19.451336522947539,0,null],[-99.092605753452347,19.451227551364745,0,null],[-99.092359104853585,19.451013912244271,0,null],[-99.088179622329008,19.447074253100549,0,null],[-99.087874458981986,19.446761197645941,0,null],[-99.087755168533889,19.446636591217306,0,null],[-99.087660950439258,19.446523115508825,0,null],[-99.08755803191346,19.446381850828026,0,null],[-99.087486891358196,19.44627428508414,0,null],[-99.087417257617375,19.446155241292537,0,null],[-99.087286305649968,19.445912128533422,0,null],[-99.086400546228347,19.444001579466782,0,null],[-99.085705546213816,19.44243812475791,0,null],[-99.085581390959419,19.442167030849024,0,null],[-99.085516271403463,19.441999206522254,0,null],[-99.085469300178787,19.441831372717637,0,null],[-99.085431417603587,19.441689358539868,0,null],[-99.085404136055018,19.441576032608861,0,null],[-99.085390473625623,19.441478840779876,0,null],[-99.085383605566236,19.441359766586466,0,null],[-99.08536898254728,19.441221831698197,0,null],[-99.085377325036589,19.441026983903715,0,null],[-99.085387898523848,19.440892063728263,0,null],[-99.085404478479276,19.440784455792478,0,null],[-99.085433888188319,19.44063021596245,0,null],[-99.085462566962221,19.440524754089797,0,null],[-99.085532175026728,19.440338366997722,0,null],[-99.085637739155203,19.440028994935588,0,null],[-99.085863461011087,19.439437875975422,0,null],[-99.085938284081934,19.439239163957215,0,null],[-99.086050120159044,19.438874226764174,0,null],[-99.086147622182253,19.438545213923458,0,null],[-99.086233609904525,19.438047833558493,0,null],[-99.086449538962782,19.436948107569808,0,null],[-99.086528916798599,19.436524926839077,0,null],[-99.086582495534273,19.436328912303054,0,null],[-99.08663981723295,19.436118933412551,0,null],[-99.08669882451953,19.435970990788604,0,null],[-99.086815970850836,19.435710802119981,0,null],[-99.08693504855151,19.435523663236363,0,null],[-99.087068560854377,19.435348601957156,0,null],[-99.087618583376837,19.434740313884436,0,null],[-99.087995745437624,19.434345487404816,0,null],[-99.088319014169798,19.434022640943962,0,null],[-99.088603150525273,19.433704006289595,0,null],[-99.088745198328297,19.43350882266779,0,null],[-99.088997519333077,19.43308834137288,0,null],[-99.0891833416823,19.432745365132028,0,null],[-99.089635054596329,19.431915905259196,0,null],[-99.090688049549442,19.430021622423176,0,null],[-99.091661274965858,19.428275378391604,0,null],[-99.091744220230055,19.427870042720084,0,null],[-99.091774298800715,19.427574725257426,0,null],[-99.091786798389947,19.427392994187517,0,null],[-99.091774078587875,19.427182583477951,0,null],[-99.091724838798243,19.427017621501381,0,null],[-99.09166953562314,19.426901282104406,0,null],[-99.091602687206361,19.426794911185013,0,null],[-99.091498023512926,19.426673017025056,0,null],[-99.091382031638787,19.426572648923251,0,null],[-99.091113513976396,19.426393450344396,0,null],[-99.090655624939416,19.426051056324599,0,null],[-99.09015443442982,19.425679892642204,0,null],[-99.089649100409233,19.425317006823814,0,null],[-99.089314270930288,19.425079973608607,0,null],[-99.089096431495136,19.424927049105957,0,null],[-99.08887052929461,19.424779866943489,0,null],[-99.086913837872686,19.423637958504017,0,null],[-99.0835836686948,19.421718839721475,0,null],[-99.082002296868154,19.420792724159451,0,null],[-99.081660885680705,19.420584293405646,0,null],[-99.081536089867157,19.420498269528405,0,null],[-99.08139616314412,19.420393123167717,0,null],[-99.081215875723089,19.42021506582984,0,null],[-99.081012205175981,19.419964466671406,0,null],[-99.080561308385697,19.419238565410755,0,null],[-99.080406284961214,19.419017477742056,0,null],[-99.080212987781906,19.418800839619486,0,null],[-99.080127942831027,19.418726057626749,0,null],[-99.079951940508607,19.418583621102815,0,null],[-99.079352414682177,19.418169095137713,0,null],[-99.078164992799088,19.417339893008432,0,null],[-99.075097116487342,19.415552782956116,0,null],[-99.074328808086364,19.415104772581728,0,null]]},"properties":{"id":5,"sistema":"STC Metro","linea":"5","ruta":"Politecnico - Pantitlán","objectid":5}},{"type":"Feature","id":6,"geometry":{"type":"LineString","coordinates":[[-99.199769816223039,19.504630143614236,0,null],[-99.200045525410118,19.503781286355775,0,null],[-99.200256713587251,19.503132229091793,0,null],[-99.201286957953158,19.499942613397856,0,null],[-99.201357458375028,19.499715020238025,0,null],[-99.201404800860601,19.499510556287916,0,null],[-99.201417816942524,19.499295749548171,0,null],[-99.201380661671507,19.499016936983381,0,null],[-99.201281985361675,19.498682692971389,0,null],[-99.201218594998878,19.498539033899121,0,null],[-99.20111769376507,19.498396584985493,0,null],[-99.200957880136514,19.498207950189887,0,null],[-99.199998208825264,19.497302118596657,0,null],[-99.199561081909991,19.496834287634627,0,null],[-99.199238062637122,19.496462628124409,0,null],[-99.198959967035947,19.496127543517659,0,null],[-99.198818498342945,19.495953129141821,0,null],[-99.198746055479674,19.495896408366001,0,null],[-99.198646370384878,19.495823589749481,0,null],[-99.198520223992844,19.495761559731495,0,null],[-99.198313370623083,19.495681684722161,0,null],[-99.197993217674579,19.495563434238033,0,null],[-99.193135870956837,19.493915850293867,0,null],[-99.192872400289332,19.493814171225647,0,null],[-99.192347699255606,19.493583270613286,0,null],[-99.19199129724673,19.493422031955728,0,null],[-99.191525212890056,19.493266155621363,0,null],[-99.1911234793061,19.493139085694398,0,null],[-99.190671110050417,19.49300473002673,0,null],[-99.190458152531122,19.492916597848303,0,null],[-99.190368124082255,19.492856477927326,0,null],[-99.190284835823974,19.49278401153795,0,null],[-99.189950482753432,19.492471224085772,0,null],[-99.18961070606457,19.492122645478382,0,null],[-99.189368741615141,19.491913362163292,0,null],[-99.189171133402539,19.491793985380983,0,null],[-99.188985992224048,19.491704392699205,0,null],[-99.188724824445529,19.491605308727902,0,null],[-99.181889946675682,19.489666241139584,0,null],[-99.18164257941929,19.489611755835334,0,null],[-99.181431866524079,19.489556785227229,0,null],[-99.181254080130586,19.489527074643004,0,null],[-99.181027152069987,19.489519051610575,0,null],[-99.180710751449354,19.489540768550892,0,null],[-99.180222641326097,19.48958781809916,0,null],[-99.177472058260619,19.490016510689518,0,null],[-99.176512896385105,19.490203952766297,0,null],[-99.175459207776711,19.490414197219632,0,null],[-99.174592592288008,19.490583220203664,0,null],[-99.172622894939735,19.490986201740419,0,null],[-99.172480469551758,19.491015030475872,0,null],[-99.172331731521865,19.49103549668861,0,null],[-99.170613348418868,19.491151497482406,0,null],[-99.170204914610437,19.491174597694879,0,null],[-99.17002804605751,19.491175877241545,0,null],[-99.169848938945293,19.491158805126211,0,null],[-99.169699126946114,19.491129436518253,0,null],[-99.169322520285576,19.49100565721481,0,null],[-99.167733625425754,19.490486982645656,0,null],[-99.166404878305386,19.490072967700009,0,null],[-99.164339079746298,19.489368957040067,0,null],[-99.164175613980234,19.489305716767802,0,null],[-99.163986913900771,19.489213402209796,0,null],[-99.163638101520732,19.489021226833358,0,null],[-99.161470956056888,19.487850850727973,0,null],[-99.161331704274119,19.487773503637641,0,null],[-99.161213652714906,19.487717657796722,0,null],[-99.161101672183364,19.487681890699303,0,null],[-99.160926130295479,19.487621791394862,0,null],[-99.160637127046314,19.487557488188102,0,null],[-99.160452559264414,19.487547609695504,0,null],[-99.160284645607661,19.487552061890739,0,null],[-99.159950893048148,19.487595197713354,0,null],[-99.159679888340307,19.487648711027681,0,null],[-99.15934265040687,19.487736497882981,0,null],[-99.1591429495966,19.487817882462714,0,null],[-99.158911752950132,19.487952583986555,0,null],[-99.153408447679851,19.491539808487051,0,null],[-99.153213326782378,19.491668868219925,0,null],[-99.153104467073817,19.491725289015466,0,null],[-99.153013736289111,19.49176553595667,0,null],[-99.15289048029112,19.491805810319214,0,null],[-99.152715783030203,19.491841106937301,0,null],[-99.152506336036396,19.491856795780176,0,null],[-99.152195694648114,19.491845579943025,0,null],[-99.151915277375878,19.49179990657726,0,null],[-99.150611341346064,19.491544577751281,0,null],[-99.146079855081041,19.490632275554876,0,null],[-99.145722459808923,19.490565295281701,0,null],[-99.145455144272049,19.490505254815584,0,null],[-99.145252373032079,19.490442292885909,0,null],[-99.145126084041806,19.490399416934785,0,null],[-99.14485209149079,19.490302694495238,0,null],[-99.144587273132274,19.490214435765438,0,null],[-99.144372659756741,19.490157230850073,0,null],[-99.143298965091432,19.48992520460849,0,null],[-99.139357580599182,19.489127560186891,0,null],[-99.139009728007068,19.489058002657426,0,null],[-99.138616350987306,19.488996135611696,0,null],[-99.136636006161638,19.488776378773686,0,null],[-99.136516737242658,19.488758621190705,0,null],[-99.136428472734252,19.488735972746777,0,null],[-99.136256966256269,19.488667357823502,0,null],[-99.134300242539084,19.487752373072592,0,null],[-99.134035444181706,19.487676533082471,0,null],[-99.133708626657906,19.487606476212594,0,null],[-99.130903948001432,19.48698791630958,0,null],[-99.130723883431358,19.486932095339153,0,null],[-99.130549851646521,19.486853314480729,0,null],[-99.130374274441166,19.486732930066324,0,null],[-99.130138944668303,19.486562638081544,0,null],[-99.12714090277025,19.484366969148262,0,null],[-99.12691838413869,19.484180938291406,0,null],[-99.126635831309855,19.483957330021784,0,null],[-99.126472363490791,19.483838845559404,0,null],[-99.126321021530529,19.48375095874723,0,null],[-99.126153553619218,19.483676473445875,0,null],[-99.124761589121974,19.483357987285153,0,null],[-99.123315165930734,19.483031875681554,0,null],[-99.123109408033827,19.482976616744601,0,null],[-99.122962118759261,19.48293073374337,0,null],[-99.119982492888653,19.481910363133476,0,null],[-99.119731049047886,19.481853752422474,0,null],[-99.119498345841507,19.481807388023473,0,null],[-99.119383366594093,19.481790247979639,0,null],[-99.119205865551393,19.48177888763599,0,null],[-99.117526338767092,19.481692399299085,0,null],[-99.116343651285149,19.481577982786831,0,null],[-99.115774808968411,19.481494181116364,0,null],[-99.114490479133011,19.481265864694571,0,null],[-99.113672261251438,19.481129642663472,0,null],[-99.112868903968092,19.481027646901136,0,null],[-99.112515926662127,19.48101351993299,0,null],[-99.11223860407128,19.481025647278891,0,null],[-99.11205993053315,19.481045013451585,0,null],[-99.111701671842653,19.481145534056722,0,null],[-99.111464023653795,19.481283227495467,0,null],[-99.111336542882114,19.481386267589432,0,null],[-99.111111111049297,19.481596590435107,0,null],[-99.110882727209429,19.481796654874604,0,null],[-99.109930479963694,19.482935157546766,0,null],[-99.109771728240787,19.483061982428854,0,null],[-99.109592788496798,19.483162516626653,0,null],[-99.109418863338746,19.483220007970854,0,null],[-99.109133977402522,19.483239308873046,0,null],[-99.108889401856189,19.483215545451053,0,null],[-99.107475312680748,19.482938820643252,0,null]]},"properties":{"id":6,"sistema":"STC Metro","linea":"6","ruta":"El Rosario - Martín Carrera","objectid":6}},{"type":"Feature","id":7,"geometry":{"type":"LineString","coordinates":[[-99.200115865289234,19.504737873545341,0,null],[-99.200312766352212,19.504142738646063,0,null],[-99.200909450467719,19.502307742647208,0,null],[-99.201319541782837,19.501035838956039,0,null],[-99.201649809655109,19.500040195709879,0,null],[-99.201706602227929,19.49981225439759,0,null],[-99.20174918841434,19.49958744490695,0,null],[-99.201759046689702,19.499403320982037,0,null],[-99.201756267225491,19.499195299745924,0,null],[-99.201728269633577,19.498984915381314,0,null],[-99.20165739375787,19.498762623534965,0,null],[-99.201563857147633,19.498566658610546,0,null],[-99.20142999572505,19.498385084985088,0,null],[-99.200326806396646,19.497317494362676,0,null],[-99.200018851040056,19.497040469328191,0,null],[-99.199715853868582,19.496694097113327,0,null],[-99.199344616345755,19.496213897829534,0,null],[-99.198771176997468,19.495332218351042,0,null],[-99.198018424289529,19.494202059521644,0,null],[-99.196909501128744,19.492607121744037,0,null],[-99.195144213494643,19.490377253873266,0,null],[-99.19488539400075,19.490050312362872,0,null],[-99.194673212823048,19.48976603718744,0,null],[-99.194521714185584,19.489582085890124,0,null],[-99.194370230160331,19.489410090609901,0,null],[-99.19418596839121,19.489238130348976,0,null],[-99.190984274790608,19.486513748317879,0,null],[-99.190560117600825,19.486085725847037,0,null],[-99.190348006881109,19.485807625829452,0,null],[-99.190184318957122,19.485542387014352,0,null],[-99.190070561985735,19.485284268447948,0,null],[-99.189962815249743,19.484991712787899,0,null],[-99.189898925480577,19.484687632966398,0,null],[-99.189856692206831,19.4843414569659,0,null],[-99.189820894271989,19.483931652522326,0,null],[-99.189820143207385,19.483589647940846,0,null],[-99.190714761151213,19.465162876501527,0,null],[-99.190732627161097,19.464670134836378,0,null],[-99.190727127280354,19.464302382169581,0,null],[-99.19068618839664,19.463859559591292,0,null],[-99.190553725377825,19.463117516954217,0,null],[-99.190438778037787,19.462702292986346,0,null],[-99.190204348730035,19.46201380030034,0,null],[-99.189985621061325,19.461546869184737,0,null],[-99.189902285079171,19.461420228852258,0,null],[-99.189735728411421,19.461267372839991,0,null],[-99.189489781831611,19.461128767267041,0,null],[-99.189170752305827,19.461009725425019,0,null],[-99.187582822444909,19.46056722883036,0,null],[-99.187489512895183,19.460534687517686,0,null],[-99.187386607926527,19.460487927915501,0,null],[-99.187245347207721,19.460407733198316,0,null],[-99.187139377857761,19.460326544908455,0,null],[-99.187050510322962,19.46021090810595,0,null],[-99.18699292187712,19.460112453953489,0,null],[-99.186950396143061,19.459959468277557,0,null],[-99.186930029395626,19.45978446050129,0,null],[-99.186926545609907,19.459604438649524,0,null],[-99.186939486613426,19.459427026069932,0,null],[-99.186951840164511,19.45924000936051,0,null],[-99.186991585458102,19.458996426800834,0,null],[-99.187377009012408,19.457341770126487,0,null],[-99.187844714693242,19.455479220407963,0,null],[-99.187923494442998,19.455259784283111,0,null],[-99.188012054599525,19.455110488335993,0,null],[-99.188101997377245,19.454991261287031,0,null],[-99.188266048959861,19.454806396912971,0,null],[-99.189759727831074,19.453387077998084,0,null],[-99.189914137562596,19.453202514115489,0,null],[-99.190008210731364,19.453043933818719,0,null],[-99.190084887433741,19.452866912319053,0,null],[-99.190173560872466,19.452598521144306,0,null],[-99.190970598963418,19.449591811817921,0,null],[-99.191006726518211,19.449446156416734,0,null],[-99.191030770662678,19.449314142738768,0,null],[-99.191507289313321,19.446827662524957,0,null],[-99.191522318108966,19.446746588344492,0,null],[-99.191545564118925,19.446596761266957,0,null],[-99.191968095258119,19.443563791124134,0,null],[-99.192018268869987,19.443203630552802,0,null],[-99.192023550419748,19.443002705204769,0,null],[-99.192019571758891,19.442842023309723,0,null],[-99.191994959305006,19.442696674086605,0,null],[-99.19195443237723,19.44252838356547,0,null],[-99.191907929380108,19.442423225168884,0,null],[-99.191857403775472,19.442325721010484,0,null],[-99.191774586609213,19.442205297356768,0,null],[-99.191643648467888,19.442031810093827,0,null],[-99.190891884799342,19.441020321857025,0,null],[-99.190645309394981,19.440684028965663,0,null],[-99.190554661426305,19.440509857799306,0,null],[-99.190508143014341,19.440389395409767,0,null],[-99.190473713423202,19.440261268509808,0,null],[-99.190433166382007,19.4400738485398,0,null],[-99.190408914274386,19.439911598173023,0,null],[-99.19038031695959,19.439712369369587,0,null],[-99.190364343773439,19.439532419958542,0,null],[-99.190426084156087,19.438063737358288,0,null],[-99.190465971494504,19.437685901043636,0,null],[-99.191114476271068,19.431848539233123,0,null],[-99.191159463321142,19.431523301923882,0,null],[-99.191246104129547,19.431105893472715,0,null],[-99.191772375349316,19.427610969438284,0,null],[-99.192714143994152,19.420829558908778,0,null],[-99.192747822461797,19.420530340202397,0,null],[-99.192776550015282,19.420313915008819,0,null],[-99.192801554250053,19.420145315175056,0,null],[-99.192835438083634,19.420026919480311,0,null],[-99.192878104206699,19.41987623436264,0,null],[-99.192935901511305,19.419733902541541,0,null],[-99.193002534182995,19.419603515763324,0,null],[-99.193113218386642,19.419428847587383,0,null],[-99.193565990928775,19.418694296528621,0,null],[-99.193735795405189,19.418432288777971,0,null],[-99.193852732646747,19.418219356151351,0,null],[-99.193915547987046,19.418059085161886,0,null],[-99.193970770454598,19.417871323762434,0,null],[-99.194012143598471,19.417694337770204,0,null],[-99.194052175604625,19.417449207031531,0,null],[-99.194064574470502,19.417278229197439,0,null],[-99.194065634582273,19.417109655629414,0,null],[-99.194056617564812,19.41694467879843,0,null],[-99.19403625997343,19.416779714077791,0,null],[-99.1940058489634,19.416637476082435,0,null],[-99.193944829373706,19.41644086841324,0,null],[-99.193846590400724,19.416226375082175,0,null],[-99.193722806056471,19.415977832229906,0,null],[-99.192603870351917,19.414115632298806,0,null],[-99.192064756882218,19.413312312652561,0,null],[-99.191919596248965,19.413096469708776,0,null],[-99.191832499661047,19.412967441230201,0,null],[-99.191793363795526,19.412904118846811,0,null],[-99.191756734675337,19.412830033167467,0,null],[-99.191718807160896,19.412722473106605,0,null],[-99.191648027357104,19.412538432093388,0,null],[-99.190808081055891,19.410361584978933,0,null],[-99.190704499876219,19.41014056414166,0,null],[-99.189502377431751,19.407496298617431,0,null],[-99.187853448651282,19.404152368925065,0,null],[-99.187804942975404,19.404046253958946,0,null],[-99.187733733952285,19.403920077141365,0,null],[-99.186754459011013,19.402190217383648,0,null],[-99.186372693395754,19.401515829189496,0,null],[-99.185610258468884,19.400330912558307,0,null],[-99.185317435034463,19.399967445535889,0,null],[-99.185195122633374,19.399795311966272,0,null],[-99.185129997760882,19.399697821129109,0,null],[-99.185043581668253,19.399559787315585,0,null],[-99.184991031428069,19.399439328995378,0,null],[-99.184973759472044,19.39931883476552,0,null],[-99.185134207777963,19.397674627285912,0,null],[-99.185306954202488,19.395916078301859,0,null],[-99.185835844803805,19.391226565495824,0,null],[-99.186077928284448,19.389169959836753,0,null],[-99.186421914100322,19.385881823665912,0,null],[-99.186893802435378,19.382079465583331,0,null],[-99.188117622774527,19.371730468151856,0,null],[-99.189263706893882,19.361501562394725,0,null]]},"properties":{"id":7,"sistema":"STC Metro","linea":"7","ruta":"El Rosario - Barranca del Muerto","objectid":7}},{"type":"Feature","id":8,"geometry":{"type":"LineString","coordinates":[[-99.139004412746104,19.444001288512876,0,null],[-99.139440887156269,19.44343765416415,0,null],[-99.139477118888422,19.44336158979182,0,null],[-99.139496702841129,19.443271190708192,0,null],[-99.139696245904545,19.441751163288597,0,null],[-99.139822257977258,19.440769801998663,0,null],[-99.140309284959883,19.437742391737949,0,null],[-99.141587992915532,19.429371820921581,0,null],[-99.141628548841169,19.429054728520047,0,null],[-99.141670657407175,19.428784978286448,0,null],[-99.141947668961777,19.427153278473632,0,null],[-99.142015435395095,19.426828034736893,0,null],[-99.142084465884054,19.426506376857706,0,null],[-99.143000881744754,19.422925409888212,0,null],[-99.143063591902887,19.422585822981397,0,null],[-99.143106150794452,19.422259402924599,0,null],[-99.143148078696285,19.421950113448311,0,null],[-99.144142824040813,19.412213993235707,0,null],[-99.144130839782832,19.412043138025027,0,null],[-99.144105520952891,19.411882236177775,0,null],[-99.144046881782401,19.411714186967739,0,null],[-99.143973233262187,19.411545868570101,0,null],[-99.143877406768027,19.411372622513891,0,null],[-99.143762407760974,19.411245729212947,0,null],[-99.143590702917649,19.411097067426518,0,null],[-99.143394522854265,19.41094445472277,0,null],[-99.143218668445598,19.410858587631221,0,null],[-99.142940601676472,19.410808554009524,0,null],[-99.133751335267064,19.410207490183815,0,null],[-99.131319651937233,19.410029951879302,0,null],[-99.131151525907299,19.410027701023893,0,null],[-99.13094135385829,19.410029062688047,0,null],[-99.130085791885364,19.410045443614571,0,null],[-99.129927030544465,19.410051535353528,0,null],[-99.129801018177261,19.41004206037271,0,null],[-99.12967876913703,19.410011063989558,0,null],[-99.129585497287493,19.40997526343714,0,null],[-99.129469753621422,19.40991403262484,0,null],[-99.129313137492659,19.409819086588456,0,null],[-99.128028396228956,19.409036884783458,0,null],[-99.127506066705564,19.408742252193182,0,null],[-99.127197422292241,19.408533831463256,0,null],[-99.126991651261363,19.40836181545713,0,null],[-99.126808028708581,19.408153437679768,0,null],[-99.126672794683117,19.407948853269005,0,null],[-99.1265617327971,19.407717469977428,0,null],[-99.126456698648468,19.407459303185519,0,null],[-99.126387997821041,19.407258496804541,0,null],[-99.126092604643858,19.405894810113992,0,null],[-99.125926754777765,19.405198632416027,0,null],[-99.125816275664832,19.40490008590082,0,null],[-99.125699227845729,19.404745222892462,0,null],[-99.125507578964275,19.404578933098609,0,null],[-99.125291786779698,19.404475785982175,0,null],[-99.125017550130707,19.404397545771548,0,null],[-99.124810274717802,19.404358665291181,0,null],[-99.124565912605433,19.404328991862606,0,null],[-99.124317936230426,19.404319597502251,0,null],[-99.124157107209868,19.404327569863092,0,null],[-99.122893850322157,19.404594356450421,0,null],[-99.1227399920473,19.404620314244653,0,null],[-99.122585023964206,19.404637156761865,0,null],[-99.122399805035457,19.4046396728539,0,null],[-99.12224300979473,19.404621670399461,0,null],[-99.122107661723973,19.404590916271438,0,null],[-99.119396576149995,19.403717100652944,0,null],[-99.119267707185926,19.403660621873065,0,null],[-99.11914417520218,19.403588969535974,0,null],[-99.119013066360523,19.403494605985117,0,null],[-99.118832744743372,19.403299847817856,0,null],[-99.11791128346691,19.40224868361274,0,null],[-99.117735316507137,19.402148370957594,0,null],[-99.117580037967215,19.402080563575609,0,null],[-99.117429810520576,19.402029012662261,0,null],[-99.117282622206275,19.401998501151038,0,null],[-99.117148542244337,19.401974676789902,0,null],[-99.116858173176297,19.401943615508813,0,null],[-99.114868743510129,19.401936693112223,0,null],[-99.114713409292577,19.401923368141759,0,null],[-99.114547096747089,19.401885960194036,0,null],[-99.114409720971167,19.401832246903822,0,null],[-99.114288723455545,19.401776131948782,0,null],[-99.11416266910048,19.401696108359197,0,null],[-99.113981386468282,19.401557218870881,0,null],[-99.113826024594303,19.401367939188617,0,null],[-99.113741231734878,19.401192005758777,0,null],[-99.113678624944498,19.401031362137061,0,null],[-99.113630131639184,19.400872621956555,0,null],[-99.113595745138724,19.40070622198601,0,null],[-99.113528018581874,19.399194586121336,0,null],[-99.11343164691435,19.397388755564233,0,null],[-99.113375425883859,19.396284786405889,0,null],[-99.113361524896149,19.395931564771427,0,null],[-99.113351513825492,19.395669543144727,0,null],[-99.113362673687888,19.395410578276362,0,null],[-99.113386680576681,19.39514514915415,0,null],[-99.113434097470005,19.394844555808877,0,null],[-99.113714976139747,19.393359046716451,0,null],[-99.113750954851156,19.393161288422412,0,null],[-99.113773086136149,19.392839102595431,0,null],[-99.113766918639598,19.392711750319187,0,null],[-99.113740200826086,19.392491164184065,0,null],[-99.113636709314761,19.392167374137063,0,null],[-99.113460649541224,19.391824328376845,0,null],[-99.112752237604184,19.390444740902971,0,null],[-99.112597075737085,19.390146555922335,0,null],[-99.112523892072403,19.38998639630508,0,null],[-99.112455731055974,19.38980232178762,0,null],[-99.112388804859094,19.389579988922726,0,null],[-99.112314957755927,19.389203039514907,0,null],[-99.111918530067086,19.387419568638734,0,null],[-99.110783053312062,19.382393959560702,0,null],[-99.110706259982663,19.382104201900233,0,null],[-99.110649697826261,19.381924423929494,0,null],[-99.110585073532931,19.381744650837771,0,null],[-99.110261042287235,19.380992121969363,0,null],[-99.109808386754594,19.379894571830608,0,null],[-99.109151985543946,19.378255296030915,0,null],[-99.108782115324942,19.377343616775136,0,null],[-99.108687896444792,19.37711137826836,0,null],[-99.108530362763062,19.376640899060263,0,null],[-99.108424307043023,19.376288032114488,0,null],[-99.10819704836122,19.375536398398296,0,null],[-99.107882069174522,19.374655415704169,0,null],[-99.10782652840625,19.374488069603082,0,null],[-99.107791005107231,19.374342033340056,0,null],[-99.107759020493631,19.374210476349923,0,null],[-99.107745650261478,19.374102668311775,0,null],[-99.107660178347061,19.372291357165874,0,null],[-99.107662232981582,19.372218351680253,0,null],[-99.107684048810924,19.372059807235413,0,null],[-99.107702884080823,19.371966541924081,0,null],[-99.107733794090819,19.371844576011949,0,null],[-99.107862666522379,19.371429425182562,0,null],[-99.107942728702511,19.371181751866576,0,null],[-99.107978934752239,19.371068390798889,0,null],[-99.108003819827687,19.370980143890559,0,null],[-99.108110208744108,19.370584325246476,0,null],[-99.108580057552743,19.368568483352792,0,null],[-99.108975975971234,19.367077343469305,0,null],[-99.110870463312523,19.358736453567708,0,null],[-99.110934768264187,19.358457130497648,0,null],[-99.110951785958065,19.358288784681143,0,null],[-99.110948619209253,19.358076454771318,0,null],[-99.110932365422428,19.357883261221147,0,null],[-99.110904036255732,19.357716856215294,0,null],[-99.110868648300197,19.357542803599401,0,null],[-99.110816151265595,19.357400324227903,0,null],[-99.110679954582125,19.357169902037498,0,null],[-99.110452862988637,19.356890676412718,0,null],[-99.110315231086574,19.356773116493159,0,null],[-99.110192737161583,19.356688544378812,0,null],[-99.110021868587765,19.35659682848706,0,null],[-99.109817766038361,19.356535260195997,0,null],[-99.109433804717,19.356498189757968,0,null],[-99.103827101272813,19.356006507982791,0,null],[-99.103249647925296,19.355946579889647,0,null],[-99.102950347295604,19.355926663859549,0,null],[-99.102733488326948,19.355927505679137,0,null],[-99.102471190829064,19.355939846597508,0,null],[-99.102196102830021,19.355965825311969,0,null],[-99.100537399163912,19.356187795999816,0,null],[-99.098634667028023,19.356447078830517,0,null],[-99.098293332938923,19.356492694898627,0,null],[-99.098001133209252,19.356552630648974,0,null],[-99.097387781901915,19.356708382658717,0,null],[-99.096500349661198,19.356955679727673,0,null],[-99.094130842579816,19.357630561092318,0,null],[-99.093327259322123,19.357859667770086,0,null],[-99.090411008849642,19.358575792413617,0,null],[-99.090232337345626,19.35861167244715,0,null],[-99.090122753408721,19.358622486548281,0,null],[-99.090010645405115,19.358624933268743,0,null],[-99.08988971696327,19.358621406084008,0,null],[-99.089746109104595,19.358608325796403,0,null],[-99.089587376320992,19.358578514807821,0,null],[-99.089450057393208,19.358547497525848,0,null],[-99.089303912252333,19.358499746439502,0,null],[-99.089157762345749,19.358444822313064,0,null],[-99.088981362803125,19.358356436792498,0,null],[-99.088762106465325,19.358214271893363,0,null],[-99.088372727780438,19.357941872031045,0,null],[-99.086409723208291,19.356565618533917,0,null],[-99.085278688087698,19.355827770329377,0,null],[-99.085157728909294,19.355760874782678,0,null],[-99.084952106950723,19.355663412847019,0,null],[-99.084665853987914,19.35553920695709,0,null],[-99.076487604370243,19.351810746772863,0,null],[-99.076221524660895,19.351697996461116,0,null],[-99.075991722535008,19.351589057035877,0,null],[-99.068444786809096,19.348164119301671,0,null],[-99.065848833305992,19.346979790998056,0,null],[-99.06462808009934,19.346349795868047,0,null],[-99.063798849945954,19.345968405036363,0,null]]},"properties":{"id":8,"sistema":"STC Metro","linea":"8","ruta":"Garibaldi - Constitución de 1917","objectid":8}},{"type":"Feature","id":9,"geometry":{"type":"LineString","coordinates":[[-99.072205344900468,19.415351168024053,0,null],[-99.072735978747033,19.41457715714294,0,null],[-99.075818458638523,19.40981757432521,0,null],[-99.075939349535929,19.409657319145051,0,null],[-99.076042613496142,19.409529351507125,0,null],[-99.076129506131252,19.409421714599805,0,null],[-99.076276335698893,19.409248448198973,0,null],[-99.07647173809778,19.409038484358693,0,null],[-99.077207595247614,19.408342865891314,0,null],[-99.077784509089639,19.407824285005173,0,null],[-99.078029353455861,19.407603241189221,0,null],[-99.078209220065816,19.407465434849779,0,null],[-99.078445024846587,19.407314693538037,0,null],[-99.078686883091137,19.407173990618052,0,null],[-99.078883401950463,19.407080651554903,0,null],[-99.079090518431954,19.407014566809842,0,null],[-99.079296067719724,19.406963725690019,0,null],[-99.079560652647316,19.406921765643744,0,null],[-99.079812643712415,19.406894755691049,0,null],[-99.080026845691833,19.406888683332902,0,null],[-99.080269407823224,19.406903520401073,0,null],[-99.081522329967314,19.407063646385332,0,null],[-99.083104726761547,19.407299104440852,0,null],[-99.090467041821341,19.408327990612229,0,null],[-99.092033638066724,19.408539535624392,0,null],[-99.095328651678884,19.408999800695575,0,null],[-99.096004592209042,19.409092698652618,0,null],[-99.096282828279314,19.409124114116832,0,null],[-99.096512670380605,19.409142642408476,0,null],[-99.096848357626442,19.409162549146789,0,null],[-99.097078193032075,19.409169600293485,0,null],[-99.09735943303447,19.409166580493874,0,null],[-99.097581699291638,19.409157853269601,0,null],[-99.097806986186555,19.409143385479606,0,null],[-99.098115427478817,19.409114525860772,0,null],[-99.098464682206441,19.409066992484888,0,null],[-99.099177549229111,19.408960439453033,0,null],[-99.099581999053484,19.408884976642046,0,null],[-99.100823383710235,19.40866729093937,0,null],[-99.101051682187546,19.408634167239541,0,null],[-99.101260333385355,19.408615399968625,0,null],[-99.101687580762174,19.408596923269769,0,null],[-99.102363740325927,19.408561997765641,0,null],[-99.103949846607875,19.408516623157983,0,null],[-99.104605372366123,19.408488178130678,0,null],[-99.10555864687646,19.408494175294543,0,null],[-99.108209277875943,19.408521309584376,0,null],[-99.108743031527794,19.408523860298175,0,null],[-99.109164880788612,19.408507826487469,0,null],[-99.109476344780205,19.408481815113451,0,null],[-99.109675918689319,19.408458740104177,0,null],[-99.110489063044653,19.408350032529505,0,null],[-99.113148887263051,19.408372995302162,0,null],[-99.113292001194338,19.408384312074013,0,null],[-99.113469427359945,19.40840333056196,0,null],[-99.113668026768636,19.408429030443042,0,null],[-99.113953459077365,19.408466088844012,0,null],[-99.114254145739352,19.40850518866575,0,null],[-99.11944341603899,19.409091033855116,0,null],[-99.119821455445603,19.409127847710408,0,null],[-99.120137742528286,19.409150354049586,0,null],[-99.121206827966589,19.40918443486402,0,null],[-99.121331533549338,19.40918901396649,0,null],[-99.121461230334177,19.409183667631766,0,null],[-99.123619152706681,19.408988057599078,0,null],[-99.124865767639719,19.408895023342939,0,null],[-99.125449390827683,19.408860189387841,0,null],[-99.125736679904549,19.408859990829225,0,null],[-99.126017932963777,19.408875577780211,0,null],[-99.126595585357848,19.408941170903397,0,null],[-99.126949428967848,19.408972486699003,0,null],[-99.127433291728721,19.408982191135049,0,null],[-99.127941323677845,19.408961748831519,0,null],[-99.128298141201995,19.408929933702979,0,null],[-99.134862727387855,19.408449389153461,0,null],[-99.135011903182033,19.408433974679426,0,null],[-99.135136880017782,19.408410927132564,0,null],[-99.135231610365409,19.408382163348385,0,null],[-99.135346485671135,19.408334255335312,0,null],[-99.1358964150579,19.40801880046908,0,null],[-99.136061846683077,19.407926276077347,0,null],[-99.136194849895034,19.407859224777692,0,null],[-99.13630368438767,19.40782088572788,0,null],[-99.136420586507711,19.407786366030781,0,null],[-99.13679555224347,19.407763128604195,0,null],[-99.142237560972589,19.40733198783747,0,null],[-99.145539163002766,19.407174937752668,0,null],[-99.15363316998949,19.406645893773664,0,null],[-99.15678506977207,19.406534618343976,0,null],[-99.163063163174129,19.406161290918064,0,null],[-99.166250641893598,19.406003028191581,0,null],[-99.167658206100157,19.405954406124469,0,null],[-99.169332372423241,19.405906678109659,0,null],[-99.171466957218001,19.405863323149315,0,null],[-99.172106524581935,19.405848371969331,0,null],[-99.174976998116193,19.405764811739385,0,null],[-99.175841393534398,19.405752110643572,0,null],[-99.17601074328114,19.405746453870293,0,null],[-99.176124134323686,19.405737736035956,0,null],[-99.176724315536205,19.405655377122326,0,null],[-99.176872476964547,19.405640886352554,0,null],[-99.176984358855023,19.405633604566653,0,null],[-99.177159751937737,19.405633433680642,0,null],[-99.177324575422276,19.405646184460991,0,null],[-99.177513620656839,19.405686170499461,0,null],[-99.177696617941606,19.405726162253913,0,null],[-99.177897775039469,19.405780483589965,0,null],[-99.178231992836714,19.405884312268977,0,null],[-99.179631434845376,19.40633960121351,0,null],[-99.179861379785748,19.40640044210534,0,null],[-99.180103340276801,19.406434635308628,0,null],[-99.180295370007457,19.406437314229578,0,null],[-99.180461649096642,19.40639841282556,0,null],[-99.180608232786341,19.406323664707788,0,null],[-99.180747187642339,19.406187233075766,0,null],[-99.180855910891097,19.406058005193938,0,null],[-99.180957050266741,19.405908698604144,0,null],[-99.181042555618305,19.405749604825399,0,null],[-99.181504222409885,19.404430590385946,0,null],[-99.181659229723806,19.404227669408936,0,null],[-99.181842479357385,19.40404193600995,0,null],[-99.182033809875549,19.403871497111844,0,null],[-99.182273509971907,19.403689532200818,0,null],[-99.182478985975749,19.403549685110885,0,null],[-99.182714743158101,19.403448065656413,0,null],[-99.183030975098006,19.4033626888668,0,null],[-99.183305304030966,19.403336523395673,0,null],[-99.183629860825832,19.403320892107221,0,null],[-99.185012797519974,19.403292709597547,0,null],[-99.185278882199853,19.403269483937809,0,null],[-99.185643300001772,19.403202730776876,0,null],[-99.185942551875996,19.403129127354823,0,null],[-99.186205991569381,19.403054293109928,0,null],[-99.186504216119786,19.40292964922882,0,null],[-99.186760057910845,19.402764878732825,0,null],[-99.186997694216387,19.40254656462427,0,null],[-99.187172862923646,19.402353182346211,0,null],[-99.187352048461108,19.402146406165528,0,null],[-99.18750097433491,19.401922444153715,0,null],[-99.187761091008653,19.401460579012276,0,null]]},"properties":{"id":9,"sistema":"STC Metro","linea":"9","ruta":"Tacubaya - Pantitlán","objectid":9}},{"type":"Feature","id":10,"geometry":{"type":"LineString","coordinates":[[-99.071922937157041,19.41529752365016,0,null],[-99.072291552505988,19.414724068198367,0,null],[-99.072728292545563,19.414053508138924,0,null],[-99.073416281257948,19.413198384048918,0,null],[-99.073783145216154,19.412763650131215,0,null],[-99.07394232555832,19.41255890563129,0,null],[-99.074560829200195,19.41158881599047,0,null],[-99.074661551497542,19.411408962688228,0,null],[-99.07474210195241,19.411204249756789,0,null],[-99.074830685289655,19.41093258263232,0,null],[-99.074868913313026,19.410762319079002,0,null],[-99.074909096337521,19.410458152108163,0,null],[-99.074770595792657,19.408758483615777,0,null],[-99.074748331108353,19.40856720343557,0,null],[-99.074699849672939,19.408356804821473,0,null],[-99.074633239608445,19.408180845664464,0,null],[-99.074540414624607,19.407991507602812,0,null],[-99.074411294917468,19.407788793819059,0,null],[-99.074251927918169,19.407570788571881,0,null],[-99.074042161717955,19.407356630103497,0,null],[-99.073800142665988,19.407148223159201,0,null],[-99.073594434307068,19.406989536044389,0,null],[-99.073208257049771,19.406740419452944,0,null],[-99.070285409186866,19.405032239466689,0,null],[-99.06880339048827,19.404180175108124,0,null],[-99.066662487801452,19.402901831282318,0,null],[-99.060761516097429,19.399539972092906,0,null],[-99.060172631518526,19.399197040186912,0,null],[-99.05881280880854,19.398409776062806,0,null],[-99.053363708528295,19.395249075523097,0,null],[-99.050364169716815,19.393531869059501,0,null],[-99.047081371521315,19.391706880298955,0,null],[-99.045604675793427,19.390861701668832,0,null],[-99.043880670153456,19.389899140105925,0,null],[-99.040370842161067,19.387902377825963,0,null],[-99.039562205533983,19.387410386724479,0,null],[-99.038329877535361,19.386686139927011,0,null],[-99.037434746574704,19.3861655390576,0,null],[-99.036403293915086,19.38558637403759,0,null],[-99.034914302724133,19.384720461889941,0,null],[-99.033364953257404,19.383833698559958,0,null],[-99.028660014984226,19.381187112390815,0,null],[-99.027829962984256,19.380731014341933,0,null],[-99.027405359324845,19.380476423652283,0,null],[-99.025914844066364,19.379562036346172,0,null],[-99.024160043717671,19.378505332522337,0,null],[-99.023558019797449,19.378073879766266,0,null],[-99.022727469028567,19.377444640438828,0,null],[-99.020806343941373,19.376000629636664,0,null],[-99.017753299483317,19.373813091943706,0,null],[-99.0163749966664,19.372810552405081,0,null],[-99.013802028389435,19.370996257173232,0,null],[-99.012541955715633,19.370071459878812,0,null],[-99.009549772598248,19.367813173823688,0,null],[-99.008807870159629,19.367248936975784,0,null],[-99.006322590399336,19.365240965504672,0,null],[-99.004994348062311,19.364170851702774,0,null],[-99.003231418430346,19.362732720921251,0,null],[-99.003017772661508,19.36256630217186,0,null],[-99.002727538413495,19.362363538904486,0,null],[-99.002491722841128,19.362210509569223,0,null],[-99.001237677878265,19.361470796171407,0,null],[-99.000776647805878,19.361214408753661,0,null],[-99.000461237275061,19.361091596117728,0,null],[-98.999990120060943,19.360924217202481,0,null],[-98.999677721427403,19.360840527618684,0,null],[-98.999322493562673,19.360761618995735,0,null],[-98.99885641590997,19.360677927364868,0,null],[-98.998407974050664,19.360613363110492,0,null],[-98.996667623456275,19.360433362031173,0,null],[-98.994349133805528,19.360233600606154,0,null],[-98.992423893762151,19.360084413811997,0,null],[-98.992242501982091,19.360069103261512,0,null],[-98.992038940571831,19.360051878359346,0,null],[-98.991839411332322,19.360023175999174,0,null],[-98.991573372651587,19.359981079740447,0,null],[-98.990775255847907,19.359849050829357,0,null],[-98.990418521372646,19.359803122763392,0,null],[-98.990104111015839,19.359768672811082,0,null],[-98.989338240441697,19.359692114107684,0,null],[-98.9805529434595,19.35887840210049,0,null],[-98.979394072007707,19.358774977951747,0,null],[-98.978924473558948,19.358767273205881,0,null],[-98.978567736775261,19.358782534487201,0,null],[-98.978271461463535,19.358818844818334,0,null],[-98.977728891015147,19.358900651178839,0,null],[-98.975993547015989,19.359176033168506,0,null],[-98.974995873860678,19.359328930769085,0,null],[-98.974453702577264,19.359418762510334,0,null],[-98.974109052163655,19.359462710277541,0,null],[-98.973836961890285,19.359481800709744,0,null],[-98.97351247345685,19.359479840598851,0,null],[-98.973145664568108,19.359453006552588,0,null],[-98.971821543782454,19.359248125378613,0,null],[-98.971343898276814,19.359148579645868,0,null],[-98.970757426623209,19.35900693197835,0,null],[-98.970322112392623,19.358876783625004,0,null],[-98.96984851095614,19.358719847569063,0,null],[-98.969332085633098,19.358540665813852,0,null],[-98.968939605129549,19.358392587677855,0,null],[-98.96834811875938,19.358125654983695,0,null],[-98.967575031662051,19.357710877120578,0,null],[-98.966922102697879,19.357353524772996,0,null],[-98.965623394887828,19.356587253673631,0,null],[-98.964943908311596,19.35610516313012,0,null],[-98.964411929633357,19.355680394711289,0,null],[-98.963849736592067,19.355196796521966,0,null],[-98.963317368498991,19.354733912543495,0,null],[-98.962952326482338,19.354400346515543,0,null],[-98.962557361610521,19.353912910237632,0,null],[-98.962324433916464,19.353515753511449,0,null],[-98.962101956782661,19.353103701499979,0,null],[-98.961594124080079,19.352004960354581,0,null],[-98.961291181392411,19.351344772888826,0,null],[-98.960937250426895,19.35056157124146,0,null]]},"properties":{"id":10,"sistema":"STC Metro","linea":"A","ruta":"Pantitlán - La Paz","objectid":10}},{"type":"Feature","id":11,"geometry":{"type":"LineString","coordinates":[[-99.152351377426641,19.446185903371674,0,null],[-99.140011094326141,19.444117785161936,0,null],[-99.139167681614836,19.443993234997336,0,null],[-99.138994738060831,19.443971848118753,0,null],[-99.138851681712822,19.44395820841395,0,null],[-99.13859569604675,19.443940615252668,0,null],[-99.137094970728469,19.443835804732988,0,null],[-99.136932380676669,19.443823972161329,0,null],[-99.136762228294913,19.443810949518802,0,null],[-99.130822286107872,19.443253499368712,0,null],[-99.13070506977985,19.443242823212671,0,null],[-99.130602981857621,19.443239310749689,0,null],[-99.127528546337729,19.443080268906847,0,null],[-99.127394951896846,19.443068144415435,0,null],[-99.127245022260766,19.443058692746497,0,null],[-99.1258866146662,19.4429318013973,0,null],[-99.12568738157519,19.442915784555932,0,null],[-99.12549520939929,19.442898152177417,0,null],[-99.123610098906212,19.442754550410548,0,null],[-99.123432637193673,19.44273936846945,0,null],[-99.123238910829045,19.442715588533687,0,null],[-99.123066677474142,19.442668877198535,0,null],[-99.122935604334458,19.442611064495313,0,null],[-99.122779263475536,19.442521201980007,0,null],[-99.122617105858396,19.442416165225108,0,null],[-99.122477889714659,19.442310094343267,0,null],[-99.122346227507649,19.442193975181343,0,null],[-99.122191957464608,19.44205186017966,0,null],[-99.120631855269622,19.44037777202832,0,null],[-99.119153638359847,19.438693676203538,0,null],[-99.11904768451889,19.438568212170264,0,null],[-99.118924931277775,19.438448338672973,0,null],[-99.118846747769979,19.438383830567311,0,null],[-99.118781184185138,19.438343224894208,0,null],[-99.118696711320851,19.438294262178466,0,null],[-99.118573168861246,19.438245324953012,0,null],[-99.118412544337758,19.438204698085578,0,null],[-99.118258058379212,19.438183361580897,0,null],[-99.116114176527304,19.438019875005267,0,null],[-99.115903945193423,19.437992751264673,0,null],[-99.115692193008684,19.437954150051272,0,null],[-99.115507653348018,19.437901185558221,0,null],[-99.115356834330569,19.437842842170646,0,null],[-99.115205531397066,19.437742511946066,0,null],[-99.115099603944529,19.437649325680134,0,null],[-99.114988611699204,19.437522667717406,0,null],[-99.114882654240574,19.437386441481888,0,null],[-99.114827131010045,19.437283659027422,0,null],[-99.114797346192631,19.437151178362498,0,null],[-99.114766986181664,19.436989080304109,0,null],[-99.11476501564168,19.436795846355579,0,null],[-99.114772656194305,19.436586342002002,0,null],[-99.115022857914951,19.435256560393238,0,null],[-99.115237133952974,19.434055753507934,0,null],[-99.115356687074865,19.433279853649605,0,null],[-99.115370405091838,19.433075404381395,0,null],[-99.115369020684327,19.432899658863228,0,null],[-99.115350025117422,19.432769355668313,0,null],[-99.115275525414447,19.432561376451694,0,null],[-99.115143026046482,19.432340569477219,0,null],[-99.115057281523093,19.432241106597548,0,null],[-99.114933707834268,19.43213836722812,0,null],[-99.114806367699472,19.43205595401723,0,null],[-99.114657615399764,19.431990293028058,0,null],[-99.114527785216822,19.431949725449186,0,null],[-99.114397960843093,19.431918723698434,0,null],[-99.11424042953071,19.431912844762717,0,null],[-99.114115674801965,19.43192248734562,0,null],[-99.113995970407871,19.431945278576052,0,null],[-99.113815794729163,19.431996800004168,0,null],[-99.113605391357098,19.432072251822689,0,null],[-99.11206337473439,19.432786956622998,0,null],[-99.111353594831684,19.433126394957892,0,null],[-99.110620907708807,19.433509956178113,0,null],[-99.110125563066504,19.433773518655162,0,null],[-99.109766775663218,19.433961199166163,0,null],[-99.109193289734137,19.434218828196624,0,null],[-99.108344228337756,19.434576568427463,0,null],[-99.105564519354076,19.435733855783198,0,null],[-99.105114154596677,19.4359313459825,0,null],[-99.104345026367582,19.436278326528132,0,null],[-99.103642040892453,19.436595463033363,0,null],[-99.103032482713743,19.436871277939531,0,null],[-99.095232958946696,19.440355640540215,0,null],[-99.094032273171706,19.440914151895466,0,null],[-99.093807755283564,19.441029041069172,0,null],[-99.093428570047195,19.441255046636648,0,null],[-99.093110806525473,19.441454419687219,0,null],[-99.087785213169283,19.445287677626578,0,null],[-99.086625151045197,19.446119383713469,0,null],[-99.082034405342682,19.449378673473742,0,null],[-99.081318232168755,19.449899645536934,0,null],[-99.081008280046319,19.450092029712692,0,null],[-99.080705884488907,19.450273649359328,0,null],[-99.080040911380848,19.45063116330946,0,null],[-99.079270608766322,19.451045301197155,0,null],[-99.078535092496963,19.451439358992026,0,null],[-99.078266713898216,19.451596461695338,0,null],[-99.077992538143576,19.451764913644308,0,null],[-99.071009592491393,19.456811234552713,0,null],[-99.069900853301178,19.457649224040654,0,null],[-99.068605940384103,19.45859169970522,0,null],[-99.066549512101417,19.460022347210501,0,null],[-99.066398305456261,19.460133588560161,0,null],[-99.066283316226773,19.46021435114908,0,null],[-99.066144240642174,19.460294558530094,0,null],[-99.065990018882403,19.460368065694592,0,null],[-99.065855208918606,19.460420801744654,0,null],[-99.065756497025916,19.460460686321259,0,null],[-99.065586611197446,19.460514786858241,0,null],[-99.065420252204007,19.460561234143231,0,null],[-99.064934779289899,19.460681442015687,0,null],[-99.064477710650834,19.460784737067367,0,null],[-99.064232526650571,19.460846678491688,0,null],[-99.063995085087598,19.460912040153449,0,null],[-99.062302750215395,19.461401132374313,0,null],[-99.060475805946538,19.461936162858645,0,null],[-99.060230800498161,19.462007977404035,0,null],[-99.060096955482123,19.462048192291714,0,null],[-99.059969162926947,19.462094861273243,0,null],[-99.059882962144385,19.462131473361978,0,null],[-99.059784663475497,19.462177414913324,0,null],[-99.059680318004752,19.462232683915722,0,null],[-99.059572196804965,19.462301583139531,0,null],[-99.059497700863488,19.462359412412908,0,null],[-99.059365302657568,19.462478173336351,0,null],[-99.059247864625291,19.462601533740237,0,null],[-99.05916319707606,19.462697684036673,0,null],[-99.059103357468004,19.462787014843276,0,null],[-99.059012779812633,19.462920583820349,0,null],[-99.058969444766021,19.462990418623193,0,null],[-99.058891525965194,19.463146091183951,0,null],[-99.058638067164864,19.463682750459117,0,null],[-99.058234330879756,19.464690560057672,0,null],[-99.058134123880862,19.464950954642436,0,null],[-99.058023914831224,19.465181311731932,0,null],[-99.057735826759412,19.465803039967398,0,null],[-99.056948171854032,19.46755667743248,0,null],[-99.054936964543018,19.472152040072569,0,null],[-99.054316572719785,19.473558325774853,0,null],[-99.053564010786005,19.475265306453458,0,null],[-99.051877671853077,19.479079722146491,0,null],[-99.050034476771458,19.483281163491316,0,null],[-99.049323485526159,19.48492759938901,0,null],[-99.048634635960383,19.48648011798792,0,null],[-99.047137337305244,19.489889909458849,0,null],[-99.046451821028441,19.491451275473423,0,null],[-99.045467510490553,19.493725248103043,0,null],[-99.044208711740836,19.496609614423644,0,null],[-99.043353725447233,19.498552034149313,0,null],[-99.042462287558536,19.50058670874197,0,null],[-99.041710312334715,19.502306558578763,0,null],[-99.041500905661906,19.502775285235462,0,null],[-99.040997631588226,19.503920231741514,0,null],[-99.040147840073558,19.505847643725627,0,null],[-99.040010746895689,19.506173818859374,0,null],[-99.039092629960493,19.508240880377024,0,null],[-99.038755660688963,19.508960193289006,0,null],[-99.038446169515453,19.509657740862565,0,null],[-99.038315114960668,19.509955459736773,0,null],[-99.038003857222833,19.510666875313742,0,null],[-99.037027224424961,19.512899161703448,0,null],[-99.036418557897548,19.514335136424194,0,null],[-99.035732993038962,19.515885895315218,0,null],[-99.035104092951414,19.517152100431236,0,null],[-99.034810448344246,19.517804924898776,0,null],[-99.034204260603403,19.519215783893983,0,null],[-99.033693873945069,19.52054771657858,0,null],[-99.033008257960986,19.52210324662688,0,null],[-99.032361668150131,19.523407702571884,0,null],[-99.031643264311001,19.525073223299572,0,null],[-99.031144145430019,19.526185166037877,0,null],[-99.030544220512297,19.527710782439861,0,null],[-99.029821972239787,19.529247176473309,0,null],[-99.029443516646239,19.530078789354619,0,null],[-99.028729141202334,19.531687458374662,0,null],[-99.028108892497983,19.533159748906346,0,null],[-99.027856882226033,19.533708062376416,0,null],[-99.027509717337594,19.534513064219883,0,null]]},"properties":{"id":11,"sistema":"STC Metro","linea":"B","ruta":"Buenavista - Ciudad Azteca","objectid":11}},{"type":"Feature","id":12,"geometry":{"type":"LineString","coordinates":[[-99.18673050109318,19.375698822544425,0,null],[-99.185108313439258,19.375265048380687,0,null],[-99.18479454256088,19.375188611847573,0,null],[-99.184339364425185,19.375057801575618,0,null],[-99.183300479443034,19.374741357719277,0,null],[-99.182638183290834,19.374563178511281,0,null],[-99.177331488388191,19.373342071904968,0,null],[-99.176995081263897,19.37328269274861,0,null],[-99.176652365644884,19.373226833691763,0,null],[-99.176341167050865,19.373164664347261,0,null],[-99.175990878749658,19.373095660320349,0,null],[-99.17566957114866,19.373031411081445,0,null],[-99.175242401309674,19.372955609655598,0,null],[-99.172740547037805,19.372415784990938,0,null],[-99.172503919980002,19.37237296933942,0,null],[-99.172267439517029,19.372320020633744,0,null],[-99.166597733235179,19.37106281636628,0,null],[-99.166392350960379,19.371019964138256,0,null],[-99.164981773832963,19.370709286292289,0,null],[-99.16433010979182,19.370585059949459,0,null],[-99.164007952698057,19.370536125287018,0,null],[-99.163741621018502,19.370513808891669,0,null],[-99.163517904813418,19.370527399657945,0,null],[-99.163361879432316,19.37054252449181,0,null],[-99.16317547823715,19.37058334052897,0,null],[-99.163024354724016,19.370628907317911,0,null],[-99.162844271675908,19.370690042228535,0,null],[-99.162591159044879,19.370785912880287,0,null],[-99.162293981515077,19.37090932115003,0,null],[-99.162096271972004,19.370981230838595,0,null],[-99.161965298078869,19.371020801539625,0,null],[-99.161816671269435,19.371044844602089,0,null],[-99.161613861724291,19.371054588959176,0,null],[-99.161385849374838,19.371055986905567,0,null],[-99.161172943355155,19.371046611389751,0,null],[-99.160890726313298,19.371012189497776,0,null],[-99.159107989921324,19.370724510786893,0,null],[-99.157432175433854,19.370442492432517,0,null],[-99.157230563778342,19.37038719307208,0,null],[-99.157042647341925,19.370312923234682,0,null],[-99.15686758258822,19.370203867518899,0,null],[-99.156742499994962,19.370081549746814,0,null],[-99.15664158892136,19.369943908234458,0,null],[-99.156562853615398,19.369810073077826,0,null],[-99.156506293065192,19.369680044307092,0,null],[-99.154513455043997,19.362605362122899,0,null],[-99.154471590495007,19.362482826505069,0,null],[-99.154404957925223,19.362354718693009,0,null],[-99.15428250745957,19.362202049579476,0,null],[-99.15411445707862,19.362066117206908,0,null],[-99.153967229849471,19.361962944467923,0,null],[-99.153817992393968,19.361865512897719,0,null],[-99.153618359915086,19.361758559546239,0,null],[-99.153444956850024,19.361682189607649,0,null],[-99.153236456406319,19.36162956925542,0,null],[-99.152977798517625,19.361580142116779,0,null],[-99.14666936578503,19.360610499124213,0,null],[-99.14493787288616,19.360314824658492,0,null],[-99.144574544793812,19.360240524048614,0,null],[-99.144168224089569,19.360151178906825,0,null],[-99.143850099120456,19.360082685481672,0,null],[-99.143563486894905,19.360038077571229,0,null],[-99.143262098534393,19.359993125667447,0,null],[-99.140712787425656,19.359727948804636,0,null],[-99.139172168808614,19.359556247156586,0,null],[-99.131741135270275,19.358722913963646,0,null],[-99.130780010005978,19.358627432511017,0,null],[-99.129787706381208,19.358510912161496,0,null],[-99.122062068054532,19.357640738686936,0,null],[-99.121873230855869,19.357619165647762,0,null],[-99.12170241976213,19.3576149753974,0,null],[-99.121528595100855,19.357623699517916,0,null],[-99.121339680074541,19.357665431487064,0,null],[-99.121099397059695,19.357743063828899,0,null],[-99.120877251623497,19.357819249594332,0,null],[-99.120679265815212,19.357860985995934,0,null],[-99.120559856389406,19.357868238905017,0,null],[-99.120425320695361,19.357861154092266,0,null],[-99.120266590389306,19.357841173542507,0,null],[-99.120053431978164,19.357805447776013,0,null],[-99.119751075700336,19.35774825986579,0,null],[-99.116830525406414,19.357155313217621,0,null],[-99.115401909391551,19.356896547494884,0,null],[-99.115113169020191,19.356852255759616,0,null],[-99.114815362434939,19.356812271949682,0,null],[-99.114378734925666,19.356759942243741,0,null],[-99.113626935478351,19.356691548444211,0,null],[-99.113348789931706,19.356666853765031,0,null],[-99.111955382848748,19.356488620313471,0,null],[-99.111632385778066,19.356457721148541,0,null],[-99.108145047677226,19.356181022020028,0,null],[-99.107794691482653,19.356137039011806,0,null],[-99.107617611031216,19.356099074006348,0,null],[-99.107458865135968,19.356050388783832,0,null],[-99.10731220521366,19.35599165312437,0,null],[-99.107117154082232,19.355899948737061,0,null],[-99.106950817563543,19.355799619229302,0,null],[-99.1067632924116,19.355659130181447,0,null],[-99.106574250914406,19.355510034676993,0,null],[-99.106452173618095,19.355395457670827,0,null],[-99.106337220472398,19.355279315675716,0,null],[-99.106220745248706,19.355147392614025,0,null],[-99.10612994750133,19.354985327690283,0,null],[-99.106064843870925,19.354820377503113,0,null],[-99.106019368669067,19.354620983657352,0,null],[-99.106001116154459,19.354444528760936,0,null],[-99.105994312508713,19.354255051641342,0,null],[-99.106005405626092,19.35406577105778,0,null],[-99.106069615451418,19.353724967759319,0,null],[-99.106859019146782,19.349309145447204,0,null],[-99.107328462824114,19.34672368488555,0,null],[-99.107375130259015,19.346436722080949,0,null],[-99.10744888466796,19.345966103773236,0,null],[-99.107496349735598,19.345627084500666,0,null],[-99.107573074643838,19.345078991805938,0,null],[-99.107605794871688,19.344842847731815,0,null],[-99.107816994891209,19.34365277611677,0,null],[-99.107979732489468,19.342895168473984,0,null],[-99.108128939914749,19.342249473479836,0,null],[-99.108207316793624,19.341919451198955,0,null],[-99.108395791922277,19.341232127415207,0,null],[-99.108706445446032,19.340174582867128,0,null],[-99.108807483223273,19.339831634195431,0,null],[-99.108845158573331,19.339666623328,0,null],[-99.108866252628346,19.339567617524388,0,null],[-99.108882793899667,19.339439920884981,0,null],[-99.108896309486681,19.339309356694844,0,null],[-99.108908284635191,19.339134318866879,0,null],[-99.108916959140558,19.338540356208878,0,null],[-99.108935886464735,19.33745285638485,0,null],[-99.108989353880162,19.33603249045877,0,null],[-99.10900110308269,19.335517433513246,0,null],[-99.108996480606834,19.335384966900154,0,null],[-99.108970088809926,19.335090395105038,0,null],[-99.10890790509481,19.334762607138423,0,null],[-99.108774665071365,19.334317808960535,0,null],[-99.107753796244296,19.33163998535862,0,null],[-99.107487019265363,19.330793124636095,0,null],[-99.107400691866147,19.330515564432119,0,null],[-99.10732119873083,19.330288214376072,0,null],[-99.107245518526142,19.330113228050919,0,null],[-99.10719481427806,19.329997765968585,0,null],[-99.10711764686809,19.329860081213109,0,null],[-99.107033258504259,19.329725176031104,0,null],[-99.106961069988103,19.329622016378959,0,null],[-99.106845361004588,19.329478616291635,0,null],[-99.106775030693569,19.329395445187199,0,null],[-99.106660096549859,19.329280738109581,0,null],[-99.106549703925069,19.329178223303856,0,null],[-99.106412859137023,19.329068550019617,0,null],[-99.106276777845977,19.32897035362047,0,null],[-99.106164139801535,19.328900119492719,0,null],[-99.106012934619329,19.328815681123185,0,null],[-99.105876135825454,19.328745341567107,0,null],[-99.105653152105063,19.328643608208331,0,null],[-99.105451334731853,19.328554057336966,0,null],[-99.105178468159025,19.32843537556899,0,null],[-99.103816656753381,19.327839566934454,0,null],[-99.100267937124528,19.326226638170702,0,null],[-99.100061334598308,19.326128236347447,0,null],[-99.099832562541224,19.326022195400874,0,null],[-99.099668281578346,19.325932378940159,0,null],[-99.099579590603554,19.325883647362627,0,null],[-99.099475775522507,19.325817708734245,0,null],[-99.099395138398222,19.325759409343757,0,null],[-99.099294335997058,19.325675295751299,0,null],[-99.099213689191558,19.32560073627501,0,null],[-99.099141102337896,19.325525216228701,0,null],[-99.099045318139019,19.325409536803701,0,null],[-99.098980777693299,19.325312013590622,0,null],[-99.098911189445673,19.325196319872592,0,null],[-99.098849655977887,19.325071057527051,0,null],[-99.098810305413807,19.324975433802727,0,null],[-99.098612444143512,19.324328976796231,0,null],[-99.098449889859182,19.3237532783393,0,null],[-99.098417588634021,19.323651911987266,0,null],[-99.098388317406176,19.323562976686343,0,null],[-99.098338879585199,19.323445359547573,0,null],[-99.098302559659047,19.323362167656587,0,null],[-99.098248094988023,19.323262725518227,0,null],[-99.098181021984075,19.323152901706784,0,null],[-99.098121038226978,19.323076285442099,0,null],[-99.098054490776093,19.322990239491229,0,null],[-99.097986945145664,19.322917585608483,0,null],[-99.097914360043632,19.322842064140321,0,null],[-99.09782363943286,19.322765597120902,0,null],[-99.097730904725665,19.322691042535908,0,null],[-99.097625075951726,19.322623191594197,0,null],[-99.097520259186837,19.322560120811847,0,null],[-99.097420484078526,19.322506613319959,0,null],[-99.097292498647917,19.322450250557328,0,null],[-99.097173586620542,19.322405360316296,0,null],[-99.097046619261917,19.322367170062428,0,null],[-99.096910586737522,19.322332810050412,0,null],[-99.096768511710422,19.322304191865307,0,null],[-99.096634500229698,19.322279394811545,0,null],[-99.096483361188604,19.322256519928608,0,null],[-99.095004226542969,19.322039223944916,0,null],[-99.090904658371713,19.321343554757942,0,null],[-99.086607467320064,19.320596417604747,0,null],[-99.085111213176205,19.320341270498002,0,null],[-99.076728585851512,19.318912093940721,0,null],[-99.076511653563472,19.318873900058041,0,null],[-99.076357385349411,19.318840170366443,0,null],[-99.076217581341396,19.318804959603444,0,null],[-99.076033058024322,19.318743464121773,0,null],[-99.075895760598868,19.318681351441708,0,null],[-99.075789950274384,19.318626399440692,0,null],[-99.075645086047217,19.318541574293032,0,null],[-99.075490134366959,19.318428059564123,0,null],[-99.075022741039746,19.318042082966876,0,null],[-99.073887647743788,19.317096848931602,0,null],[-99.073284197849659,19.316584192731735,0,null],[-99.072719802027294,19.316097821294974,0,null],[-99.070496279793147,19.314210886630068,0,null],[-99.070408091412247,19.314127231002892,0,null],[-99.070328720376807,19.314047157963007,0,null],[-99.070248086897081,19.313957521122902,0,null],[-99.070161145925184,19.313845171236608,0,null],[-99.070095618786581,19.31374476862209,0,null],[-99.07004269067815,19.313656316686821,0,null],[-99.069982191562133,19.313533195759572,0,null],[-99.069934284917167,19.313408874340222,0,null],[-99.069900235688522,19.313296504042682,0,null],[-99.069869958050973,19.313168589819366,0,null],[-99.069847229195474,19.313025129321964,0,null],[-99.069835842415202,19.312899599145947,0,null],[-99.069826969334983,19.31276211156079,0,null],[-99.069752979026731,19.31052163828614,0,null],[-99.06974409854773,19.310366217798979,0,null],[-99.069732703482686,19.310222752910214,0,null],[-99.069717532327999,19.310081681654406,0,null],[-99.069696077521115,19.309969306463884,0,null],[-99.069663282962452,19.309843783504718,0,null],[-99.069641840937777,19.309763688000388,0,null],[-99.069607800260385,19.309669251367215,0,null],[-99.069566201917851,19.309568839383047,0,null],[-99.069518310898587,19.309477994040861,0,null],[-99.069476721747918,19.309399101831691,0,null],[-99.069394818105621,19.309279575728794,0,null],[-99.069310394816725,19.309155268868018,0,null],[-99.069218423654647,19.309052483727392,0,null],[-99.069093698808189,19.308917432141751,0,null],[-99.067622281043754,19.307488078449168,0,null],[-99.067381768054915,19.307264500403619,0,null],[-99.067207834863908,19.307124777966038,0,null],[-99.06702392916732,19.306992137097598,0,null],[-99.066866483425358,19.306897744288392,0,null],[-99.066680078003017,19.306810535795663,0,null],[-99.066433224258574,19.306712588314319,0,null],[-99.065913079347595,19.306533441832361,0,null],[-99.064491185720343,19.306036591081885,0,null],[-99.060190805386199,19.304556027674099,0,null],[-99.058759628648517,19.304062961573759,0,null],[-99.05508878264817,19.302794407968058,0,null],[-99.054739684284598,19.30267113007708,0,null],[-99.054564379051357,19.302606621284465,0,null],[-99.054405695682945,19.302543542506719,0,null],[-99.054227768129536,19.302469661498343,0,null],[-99.05387211077192,19.302310994390542,0,null],[-99.050502305977687,19.300809998216643,0,null],[-99.050105351208288,19.300640814722801,0,null],[-99.049817211483543,19.300533770701954,0,null],[-99.049625792694016,19.3004716528323,0,null],[-99.049434375484992,19.300414317346608,0,null],[-99.049179492269815,19.30034647743873,0,null],[-99.048941737411951,19.300293935593064,0,null],[-99.048621377621288,19.300232808245319,0,null],[-99.048326206211783,19.300189846049971,0,null],[-99.048054209482018,19.300160267073711,0,null],[-99.046717399778785,19.300032448489674,0,null],[-99.045209836025833,19.299876088960442,0,null],[-99.043867990995636,19.299738207497477,0,null],[-99.043664498458966,19.299719126834137,0,null],[-99.043503314789689,19.299695254185224,0,null],[-99.043384440348746,19.299675196872379,0,null],[-99.043258511465922,19.299642707513105,0,null],[-99.043155752725696,19.299612124903327,0,null],[-99.043041909749519,19.299570067364122,0,null],[-99.042924035466811,19.29951940258778,0,null],[-99.042835375772455,19.299475426685337,0,null],[-99.042721525276733,19.299403719078875,0,null],[-99.042604147800148,19.299326273481146,0,null],[-99.042519008910517,19.299259340728131,0,null],[-99.042436386826907,19.299189059900616,0,null],[-99.04237693704556,19.299129295891692,0,null],[-99.042303462412818,19.299048725618324,0,null],[-99.04222654327107,19.298949994571728,0,null],[-99.042162297646101,19.298846711143138,0,null],[-99.042097291945268,19.298726212540728,0,null],[-99.042061007941726,19.298650899674936,0,null],[-99.04175821553126,19.297829610410737,0,null],[-99.041687141189342,19.297609401686543,0,null],[-99.041626727781392,19.297484572939808,0,null],[-99.041571893468259,19.297380047209476,0,null],[-99.04152009584044,19.29730313361836,0,null],[-99.041460390613253,19.29722280476954,0,null],[-99.041385569452999,19.297123110388082,0,null],[-99.041331157177865,19.297060714096645,0,null],[-99.041257853953482,19.296986127000572,0,null],[-99.041194376758881,19.29692803632145,0,null],[-99.041117298569162,19.296864209938683,0,null],[-99.041028132743662,19.296798234435961,0,null],[-99.040944257022375,19.29674301762261,0,null],[-99.040858116918074,19.296691388218125,0,null],[-99.040766689031528,19.296645498697544,0,null],[-99.040676018003239,19.296603912568699,0,null],[-99.040518857139944,19.296544408261649,0,null],[-99.040341301040485,19.296493515538568,0,null],[-99.040237036066188,19.296474170506116,0,null],[-99.040137304974024,19.296456258651823,0,null],[-99.039866823846822,19.296416146691655,0,null],[-99.039575944363904,19.296379625693749,0,null],[-99.038164617533511,19.296204894396809,0,null],[-99.038004447654657,19.296192015173688,0,null],[-99.037842012058434,19.296185592593403,0,null],[-99.037595716410351,19.296182056525335,0,null],[-99.037430262547517,19.296187830162534,0,null],[-99.037258764986035,19.296199342724154,0,null],[-99.037100112665627,19.296217307925563,0,null],[-99.036630203995301,19.296286985297304,0,null],[-99.03496512434981,19.296552729108537,0,null],[-99.033485132726227,19.296783991422206,0,null],[-99.029167523309738,19.297468362101991,0,null],[-99.028978650990226,19.297500671933165,0,null],[-99.028203520005903,19.297640675873371,0,null],[-99.028013136532593,19.297677289449187,0,null],[-99.027884702941734,19.297699547419512,0,null],[-99.027744936401049,19.297718936745962,0,null],[-99.027655032124287,19.297726840931851,0,null],[-99.02756663742457,19.297729006101299,0,null],[-99.027439711763591,19.297730460356991,0,null],[-99.027330161669838,19.297726172276572,0,null],[-99.027241009317535,19.297716860816919,0,null],[-99.027145057260071,19.29770252824558,0,null],[-99.027030970469013,19.297678872623791,0,null],[-99.026944838089634,19.297656647945676,0,null],[-99.026833772132463,19.297619361558997,0,null],[-99.026737060806468,19.297582791475968,0,null],[-99.026650926077963,19.297545502229148,0,null],[-99.026574613144504,19.297507493943357,0,null],[-99.026481677191441,19.297455141175757,0,null],[-99.026384961063982,19.297393464124671,0,null],[-99.026290512286465,19.297326047047111,0,null],[-99.026202860818032,19.297254325338233,0,null],[-99.026115208443144,19.297170408528384,0,null],[-99.026046445920841,19.297097966471597,0,null],[-99.02597617140097,19.297021937661967,0,null],[-99.025900605018435,19.296922955499582,0,null],[-99.025809924084641,19.296795280813349,0,null],[-99.025372383346763,19.296143276083672,0,null],[-99.025021754349112,19.295649073875619,0,null],[-99.024925785902838,19.295523551259283,0,null],[-99.024492044710286,19.294965516450393,0,null],[-99.023518020165412,19.293672988655246,0,null],[-99.023325331918798,19.293412617040847,0,null],[-99.023199143139237,19.293256969369967,0,null],[-99.023055575804236,19.293088412074024,0,null],[-99.022939212972616,19.292967195461646,0,null],[-99.022810762986239,19.292849566322747,0,null],[-99.022625646172429,19.292691056221784,0,null],[-99.02246848837386,19.292571997061074,0,null],[-99.022163242400595,19.292364004298911,0,null],[-99.018851691925121,19.290218079631284,0,null],[-99.01848677074733,19.289994304800523,0,null],[-99.018220071099535,19.289845841681164,0,null],[-99.017926174913285,19.289706705631023,0,null],[-99.017741074755307,19.289626381207498,0,null],[-99.017608861412,19.289574027683884,0,null],[-99.017257552284747,19.289454264133415,0,null],[-99.0166395546389,19.289257052173461,0,null],[-99.016421214960445,19.289187489362902,0,null],[-99.016216475599208,19.289120076889169,0,null],[-99.01607066460106,19.289072027969791,0,null],[-99.01592485264743,19.289013218099527,0,null],[-99.015782061386872,19.288950821810428,0,null],[-99.015649847639907,19.288881968183393,0,null],[-99.015539542068282,19.288814546833382,0,null],[-99.015401282087566,19.288716999788051,0,null],[-99.0152985286839,19.2886251884171,0,null],[-99.015190486315348,19.288511856661234,0,null],[-99.015114175866486,19.288426498400035,0,null],[-99.015017464689521,19.28830384080949,0,null],[-99.014957773068431,19.288205569376871,0,null],[-99.014877680686965,19.288058520205219,0,null],[-99.01478020434881,19.287826107806602,0,null],[-99.01451798500004,19.287009790128877,0,null],[-99.01419832437773,19.286022277301907,0,null]]},"properties":{"id":12,"sistema":"STC Metro","linea":"12","ruta":"Mixcoac - Tláhuac","objectid":12}}]}