{"type": "FeatureCollection", "features": [{"type": "Feature", "geometry": {"type": "Polygon", "coordinates": [[[-99.22017088328332, 19.428032505462973], [-99.21987606754392, 19.42804098446641], [-99.21964607507803, 19.42789177289224], [-99.21948819456256, 19.42766149953456], [-99.21940920847874, 19.427512105041775], [-99.21929108066192, 19.427549620238924], [-99.2191852339921, 19.427360321735627], [-99.2193285393665, 19.427288199819174], [-99.21940875460416, 19.42724782946986], [-99.22004721590565, 19.427052604939835], [-99.22051414623853, 19.426907329197853], [-99.22075704517718, 19.42679331879726], [-99.22086188701532, 19.426744109295242], [-99.22130477431443, 19.426445107055212], [-99.2218184478714, 19.425879324603226], [-99.22199882078925, 19.425559691098414], [-99.22221624401561, 19.424976793279924], [-99.22240263269364, 19.42442419881967], [-99.2227243502144, 19.423470382885217], [-99.22297070819761, 19.422739981109135], [-99.2231757959176, 19.422260610346658], [-99.22357728469557, 19.421669787485172], [-99.2236424500617, 19.421573891066803], [-99.22393502859806, 19.421248202498983], [-99.22449551200077, 19.420792052007556], [-99.22450808719964, 19.4208689323351], [-99.22454555910886, 19.420916206686147], [-99.22462668138456, 19.420969341002777], [-99.22470773772059, 19.42097515649738], [-99.22488385763066, 19.42084358798836], [-99.22572292066543, 19.420216771384474], [-99.22621493106418, 19.41984351142443], [-99.22680018538772, 19.41927493706536], [-99.22743742130014, 19.41862205170083], [-99.22822604477629, 19.41753822579224], [-99.22868974465545, 19.41676348734614], [-99.22909250370263, 19.415906540668583], [-99.22910680389755, 19.41587611329382], [-99.22947706524627, 19.414763409983802], [-99.22967474069473, 19.414055730153173], [-99.229698731895, 19.413868388048716], [-99.22949124439491, 19.413827546267466], [-99.22943983000053, 19.413989301556317], [-99.22847666741775, 19.41396639684932], [-99.22767879869134, 19.413947419912276], [-99.22680393026933, 19.41400931392258], [-99.22584570694289, 19.41407710022509], [-99.22494459389263, 19.414278875273315], [-99.22387586132965, 19.414636767200914], [-99.22338231666636, 19.414761489250193], [-99.2232567720483, 19.414793215117527], [-99.22290212086652, 19.414788628622247], [-99.22239376318096, 19.4146335655807], [-99.22227186379169, 19.41451820548206], [-99.22164809901294, 19.414188687735894], [-99.22090619559418, 19.413796754921112], [-99.22005504923872, 19.413347105899607], [-99.21987487633717, 19.413253775186753], [-99.21901360964337, 19.412807628153896], [-99.21857622834153, 19.41258105656428], [-99.21812190891606, 19.412969897000497], [-99.21763019828698, 19.41346255919545], [-99.21704684858102, 19.41416087858362], [-99.21659452165781, 19.41465349181571], [-99.21612236451148, 19.415046465878724], [-99.21559559781181, 19.415376374891864], [-99.21509800660378, 19.415606004212428], [-99.21455605527444, 19.41581707963553], [-99.21424130015455, 19.41596054475233], [-99.21376006200045, 19.416302616711008], [-99.21317054472185, 19.416794096823235], [-99.21327156535445, 19.41695050029427], [-99.21330577247491, 19.417003461653287], [-99.21319323412247, 19.417129150659242], [-99.21289816468065, 19.417403562350433], [-99.212668598614, 19.41756577925436], [-99.21245203207238, 19.417628319947113], [-99.21185659736864, 19.419161292299624], [-99.21152955033277, 19.42009598870418], [-99.21149682902447, 19.420177000334366], [-99.21115010652171, 19.421130405162074], [-99.20896347650347, 19.421902220582254], [-99.20781379651064, 19.42231890410119], [-99.20753817414075, 19.422412650615044], [-99.20730861150115, 19.422587317660884], [-99.20620247105771, 19.423494138367325], [-99.20588464749994, 19.42332374606006], [-99.20545058268863, 19.423324237643982], [-99.20504701326419, 19.423432937104593], [-99.20496374753073, 19.423455363887435], [-99.20447425942587, 19.422529320062726], [-99.20439020231565, 19.422401512650453], [-99.2042705211901, 19.4225405295658], [-99.20420033187011, 19.422622057390402], [-99.2039027843467, 19.423108579021513], [-99.20369840873606, 19.423594995667774], [-99.20359179874612, 19.424028263022933], [-99.2035830763685, 19.424505619835234], [-99.20355152702187, 19.42535869219582], [-99.20357266533019, 19.425497895038767], [-99.20338033384215, 19.426130502801282], [-99.20365823874145, 19.426753079971437], [-99.20396023219293, 19.427304390098087], [-99.20399429219347, 19.42741565062127], [-99.20392681996829, 19.427428236637116], [-99.20350657824996, 19.42761522822289], [-99.20350569807084, 19.427635881968065], [-99.2035020941645, 19.42765704756145], [-99.20348619079958, 19.42775333979188], [-99.20325949836345, 19.427875546471054], [-99.20330530358096, 19.427909710101467], [-99.20346755323311, 19.428030724698118], [-99.20414344266882, 19.428655051475058], [-99.20425053160027, 19.428753969912577], [-99.20541765247306, 19.429643726441732], [-99.20650463337306, 19.430491508155814], [-99.20740039940567, 19.43115313178816], [-99.20772797614542, 19.431282180107544], [-99.20828459126487, 19.431291896282477], [-99.20858264135413, 19.43134112139065], [-99.20870446071872, 19.43136530594876], [-99.2087279920057, 19.43136997734233], [-99.20878260106247, 19.43138081884875], [-99.20880193414825, 19.43138465640742], [-99.20883983519458, 19.431392180573532], [-99.20886404014603, 19.431396985828897], [-99.20893586701142, 19.431411245234955], [-99.2091499709555, 19.4316532854845], [-99.20939891307921, 19.432162925059384], [-99.20974208306252, 19.43289402073041], [-99.20989226366044, 19.433162811736242], [-99.2098711448846, 19.43326480572272], [-99.20986070525169, 19.433315226454013], [-99.20985701203742, 19.433333060238112], [-99.20984572790958, 19.433387560438018], [-99.2099248710055, 19.433381212468134], [-99.20995073831656, 19.433379138334622], [-99.20998573543191, 19.433376330659442], [-99.21124368986479, 19.433218203827767], [-99.21252499285623, 19.433053363366703], [-99.2126230643708, 19.43304074644451], [-99.21355325144236, 19.43292107096857], [-99.21475324376384, 19.431983569338506], [-99.21482912837924, 19.431914419900675], [-99.21543842653081, 19.431359194477867], [-99.21565016257979, 19.43116624805748], [-99.21577686144671, 19.431050791735686], [-99.21533233195346, 19.43049096906121], [-99.21589223003964, 19.430034169821173], [-99.21595187848663, 19.430028577143354], [-99.21614722837968, 19.42996503448428], [-99.21639976606873, 19.42989237901833], [-99.21678560828963, 19.429697465923073], [-99.21699987424897, 19.429520846049627], [-99.21709625087315, 19.429363649628336], [-99.21748347743267, 19.429212709378213], [-99.21782298798917, 19.429173645693297], [-99.21797231830163, 19.429115480106802], [-99.21814198790393, 19.429031518544466], [-99.218433692401, 19.428792779734685], [-99.21882735100587, 19.428618347504663], [-99.21903103568457, 19.428579444321205], [-99.21943853452031, 19.42859828105642], [-99.2195199602465, 19.428546639792494], [-99.22008978078352, 19.42806917467703], [-99.22017088328332, 19.428032505462973]]]}, "properties": {"nombre": "LOMAS DE CHAPULTEPEC", "cve_col": "  16-042"}}, {"type": "Feature", "geometry": {"type": "Polygon", "coordinates": [[[-99.22967474069473, 19.414055730153173], [-99.23048383247972, 19.4142025137583], [-99.23130428710837, 19.41435135512731], [-99.23127519433784, 19.41409896362782], [-99.23124797010676, 19.41393255346846], [-99.23118027221054, 19.413772595871077], [-99.23113292438065, 19.41368943415544], [-99.23107883820386, 19.413612682060485], [-99.23095719920899, 19.413478399937205], [-99.23074471541531, 19.413352688353363], [-99.23057850008813, 19.413231712047452], [-99.23049532372437, 19.413122748266336], [-99.23048239717139, 19.413013696243883], [-99.23051408921312, 19.412843993041417], [-99.23073680740131, 19.412274128562327], [-99.23074305702606, 19.412177171110738], [-99.23063286497857, 19.41194533906953], [-99.23055731648051, 19.411795665576037], [-99.2303614703392, 19.411419096119506], [-99.23039032730948, 19.41123022222767], [-99.23040319186151, 19.41118992339465], [-99.23044779293016, 19.411117154234894], [-99.23057532250112, 19.41097762670731], [-99.23067097902668, 19.41088055486225], [-99.2307474773858, 19.410783508201007], [-99.23081105764241, 19.410583468023603], [-99.23082345408574, 19.410316838800714], [-99.23074009103158, 19.41007456993467], [-99.23003597070195, 19.408912061798656], [-99.23048238872941, 19.40847522042275], [-99.23067361440329, 19.408220484067467], [-99.23079455871536, 19.40794159894048], [-99.23087725374448, 19.407711237107936], [-99.23091519378525, 19.40744457624752], [-99.23100421470954, 19.407171790987743], [-99.23100411204516, 19.407099078490734], [-99.2309657264631, 19.407050651592098], [-99.23079313979392, 19.406935742901037], [-99.22972558815187, 19.406173613281464], [-99.22923350424126, 19.405919740834722], [-99.22885566349538, 19.405691461242224], [-99.22881835709293, 19.405734330225933], [-99.22861022454553, 19.40566463224458], [-99.22837605214346, 19.40595374387345], [-99.2281333279996, 19.406240928351902], [-99.22794342674399, 19.40640974621292], [-99.2277721646792, 19.40653417675612], [-99.22757903933473, 19.406626102299644], [-99.22739722795416, 19.406671432890096], [-99.22730483882047, 19.406694468691786], [-99.22659406737141, 19.406568217842416], [-99.22650410149106, 19.406552237397566], [-99.22644132621119, 19.40654108686789], [-99.2261572784737, 19.406513361894433], [-99.22531338782026, 19.406371381464222], [-99.2250661041167, 19.406329776811504], [-99.22478020957047, 19.406359166364375], [-99.22463851117371, 19.406395551946716], [-99.22450507421338, 19.40642981611629], [-99.22422421008893, 19.406568915088798], [-99.22415301695479, 19.40660417400959], [-99.22381740256917, 19.406888898041885], [-99.22364861033198, 19.40715406028878], [-99.22358037205193, 19.40731808865999], [-99.22329524224027, 19.408003473963056], [-99.2232054559328, 19.408219299337244], [-99.22271975967354, 19.409143969185596], [-99.2224663176475, 19.409615114770318], [-99.22263583773753, 19.40970655097717], [-99.22241036293305, 19.410013012927205], [-99.22197014254321, 19.410611350341725], [-99.22114197580905, 19.411746760023238], [-99.2206000689242, 19.41254464683388], [-99.2200912997001, 19.413293733315186], [-99.22005504923872, 19.413347105899607], [-99.22090619559418, 19.413796754921112], [-99.22164809901294, 19.414188687735894], [-99.22227186379169, 19.41451820548206], [-99.22239376318096, 19.4146335655807], [-99.22290212086652, 19.414788628622247], [-99.2232567720483, 19.414793215117527], [-99.22338231666636, 19.414761489250193], [-99.22387586132965, 19.414636767200914], [-99.22494459389263, 19.414278875273315], [-99.22584570694289, 19.41407710022509], [-99.22680393026933, 19.41400931392258], [-99.22767879869134, 19.413947419912276], [-99.22847666741775, 19.41396639684932], [-99.22943983000053, 19.413989301556317], [-99.22949124439491, 19.413827546267466], [-99.229698731895, 19.413868388048716], [-99.22967474069473, 19.414055730153173]]]}, "properties": {"nombre": "LOMAS DE REFORMA (LOMAS DE CHAPULTEPEC)", "cve_col": "  16-044"}}, {"type": "Feature", "geometry": {"type": "Polygon", "coordinates": [[[-99.2082100186692, 19.432815649682414], [-99.20788637246281, 19.43358475301146], [-99.2075459845907, 19.434394881213137], [-99.20717940871252, 19.43526732579268], [-99.20743067349864, 19.43529212159628], [-99.20768720714139, 19.435313049422664], [-99.20822997752525, 19.43535732803357], [-99.20822100501267, 19.435608600780416], [-99.20874691172114, 19.4356345715262], [-99.20947471755227, 19.43567050995431], [-99.21009634283294, 19.435697765253128], [-99.21097667743821, 19.435772927781862], [-99.21185371881765, 19.43579533698292], [-99.21241776435009, 19.435786502690807], [-99.2122513571862, 19.435556062392745], [-99.21213499487176, 19.435358229343656], [-99.2113474991664, 19.43463264225191], [-99.21080938793911, 19.43416993477514], [-99.21033412377427, 19.433777040304808], [-99.20984572790958, 19.433387560438018], [-99.20985701203742, 19.433333060238112], [-99.20986070525169, 19.433315226454013], [-99.2098711448846, 19.43326480572272], [-99.20989226366044, 19.433162811736242], [-99.20974208306252, 19.43289402073041], [-99.20939891307921, 19.432162925059384], [-99.2091499709555, 19.4316532854845], [-99.20893586701142, 19.431411245234955], [-99.20886404014603, 19.431396985828897], [-99.20883983519458, 19.431392180573532], [-99.20880193414825, 19.43138465640742], [-99.20878260106247, 19.43138081884875], [-99.2087279920057, 19.43136997734233], [-99.20870446071872, 19.43136530594876], [-99.20858264135413, 19.43134112139065], [-99.20834123277577, 19.432189223894355], [-99.20825302329789, 19.432496725009123], [-99.20817229537909, 19.4327153600033], [-99.2081337406338, 19.43279313147217], [-99.2082100186692, 19.432815649682414]]]}, "properties": {"nombre": "DEL BOSQUE (POLANCO)", "cve_col": "  16-026"}}, {"type": "Feature", "geometry": {"type": "Polygon", "coordinates": [[[-99.20000064900069, 19.449464811010074], [-99.20038511669254, 19.44954621583743], [-99.20095721046061, 19.449667346564016], [-99.20153487792992, 19.44978965406234], [-99.20165626886504, 19.449289374355818], [-99.20195650435353, 19.448061411777505], [-99.20203469208272, 19.447862920212962], [-99.20150289342641, 19.4477064415276], [-99.2009634915632, 19.44749902247331], [-99.20053344098372, 19.44733365215506], [-99.20003795211645, 19.44701364601608], [-99.19962420503546, 19.446609765569125], [-99.19930517369748, 19.44641097162363], [-99.19897382097822, 19.4462542651283], [-99.19863556529741, 19.447585600686047], [-99.19827643094087, 19.449080383409783], [-99.19807384780043, 19.44989449500654], [-99.19842642304592, 19.449996464995582], [-99.19875814236028, 19.450092402224726], [-99.19973548638788, 19.450375057875522], [-99.1998198204473, 19.450088990962335], [-99.19976502962533, 19.450075185536054], [-99.19905454140213, 19.449896162469184], [-99.19912083337235, 19.44959854532891], [-99.19985415357199, 19.449768800410787], [-99.19990906895221, 19.449780927466147], [-99.20000064900069, 19.449464811010074]]]}, "properties": {"nombre": "5 DE MAYO", "cve_col": "  16-087"}}, {"type": "Feature", "geometry": {"type": "Polygon", "coordinates": [[[-99.17299831110753, 19.457570215050776], [-99.17257552055074, 19.457492977495935], [-99.17125718711404, 19.457252131519223], [-99.17123563722633, 19.457189820469694], [-99.17110115891133, 19.45715462911112], [-99.17095887471577, 19.457130280618813], [-99.17153607918301, 19.4551474310509], [-99.17155719748929, 19.455074883885455], [-99.17215837445892, 19.45460476719487], [-99.17327611107294, 19.45371037401149], [-99.17427443087587, 19.452936629691813], [-99.17419112411444, 19.45282449472364], [-99.17413182774739, 19.452735358949464], [-99.17387684951211, 19.45292389106457], [-99.17355682231087, 19.45317768581523], [-99.17154072405955, 19.452934486783676], [-99.16884019688082, 19.452539432450084], [-99.16848245495868, 19.452487096262168], [-99.16659352570869, 19.45221073992978], [-99.16641602823593, 19.45218077823673], [-99.16639787338379, 19.452338862026252], [-99.16614405659428, 19.45454482983968], [-99.16595519737979, 19.456186197559806], [-99.1657137460246, 19.45614062231475], [-99.1656302075912, 19.456711212952158], [-99.16605924612303, 19.456784998867], [-99.16677695267195, 19.456905014930335], [-99.16732832682618, 19.457002876072416], [-99.16749148461511, 19.45702954154593], [-99.16760131346608, 19.457046128173406], [-99.16766922921032, 19.457056384070594], [-99.1677319466494, 19.45706559643486], [-99.1678879309499, 19.45708912143101], [-99.16804392138916, 19.457118563848656], [-99.1681296008012, 19.457129372454634], [-99.16834323120857, 19.4571657668044], [-99.16852402992467, 19.45719656846781], [-99.16861152005318, 19.457211473534965], [-99.1687441746445, 19.457234072384434], [-99.16893387847526, 19.457264506574045], [-99.1703036085209, 19.457484240116013], [-99.17112495034627, 19.45762277356165], [-99.1729256251136, 19.45792647486815], [-99.17304482079686, 19.457579392234724], [-99.17299831110753, 19.457570215050776]]]}, "properties": {"nombre": "PLUTARCO ELIAS CALLES", "cve_col": "  16-064"}}, {"type": "Feature", "geometry": {"type": "Polygon", "coordinates": [[[-99.15583007525956, 19.439724137556503], [-99.15649592107751, 19.43817286862102], [-99.15711628233919, 19.436765038280264], [-99.15714023206353, 19.436710216693918], [-99.15814257485049, 19.434415705331336], [-99.15905375349661, 19.43237881911727], [-99.15935838851722, 19.431774038795886], [-99.15963773696686, 19.4312194530877], [-99.1597108637005, 19.431078739591907], [-99.15978399030892, 19.430938026065355], [-99.15990911902303, 19.4307496847705], [-99.1597962320176, 19.430795712295502], [-99.15975396333846, 19.430813116348038], [-99.15965808965935, 19.43085238071274], [-99.15954159300738, 19.43090413995677], [-99.15843085796735, 19.431389624098802], [-99.15826332584136, 19.431462848915054], [-99.15757571343812, 19.431772269225526], [-99.15678656083959, 19.43212770911404], [-99.155237592073, 19.432825360981905], [-99.15496798269125, 19.4326338890251], [-99.15461619581356, 19.432598688934394], [-99.15446653312665, 19.432620116202518], [-99.15430950839368, 19.432769351455786], [-99.1542422176064, 19.43284040967133], [-99.1541974409674, 19.432975349210416], [-99.1541451853601, 19.433117394738538], [-99.15416476989063, 19.43319496366001], [-99.15417324645378, 19.433228536109066], [-99.15418172206785, 19.43326210855837], [-99.15381897659451, 19.433431780380033], [-99.15345622941173, 19.43360145238334], [-99.1531745161279, 19.433733220021164], [-99.1517578720344, 19.4343999813599], [-99.15027011779429, 19.435100193063004], [-99.15018202422496, 19.435141653788087], [-99.15009393061065, 19.43518311447055], [-99.14991774324722, 19.43526603570752], [-99.14983850691402, 19.43529289020457], [-99.14962282211079, 19.435251474263104], [-99.14932763001856, 19.435420860015086], [-99.14911757041818, 19.435566254715276], [-99.14832928711981, 19.436111869247647], [-99.14789655231736, 19.436399698545646], [-99.1470173941836, 19.436954864173313], [-99.14646939237326, 19.437300549388404], [-99.14643676458343, 19.437334447261723], [-99.14640413773189, 19.43736834422464], [-99.14665153369457, 19.437423300522692], [-99.14764633306059, 19.437507286694643], [-99.14825635748144, 19.437672141813508], [-99.14901051825008, 19.437865486651212], [-99.14910863707144, 19.43789064162706], [-99.15055214483242, 19.438229713370994], [-99.15117743404097, 19.438349102254463], [-99.15229647592275, 19.438609815200536], [-99.1534155203757, 19.438870521215527], [-99.15359387901786, 19.438945663112815], [-99.15564801735508, 19.439776758510423], [-99.15583007525956, 19.439724137556503]]]}, "properties": {"nombre": "TABACALERA", "cve_col": "  15-031"}}, {"type": "Feature", "geometry": {"type": "Polygon", "coordinates": [[[-99.1295829778995, 19.43542100840312], [-99.12970258435848, 19.434589390336047], [-99.12987512429302, 19.43338970799948], [-99.12998106019198, 19.43265311510701], [-99.13014391037082, 19.431449000124196], [-99.13027560535576, 19.430475221359366], [-99.13038657369533, 19.429654697322288], [-99.13049754094659, 19.428834173149795], [-99.13166981826676, 19.428995020260025], [-99.13209022849142, 19.4290527014589], [-99.13256573510233, 19.429117941784085], [-99.13263532067745, 19.428638060279766], [-99.1326867730896, 19.428283229492585], [-99.13281158662083, 19.427422468042593], [-99.13293733854384, 19.426555223328144], [-99.13192327099843, 19.426440525644363], [-99.13087537914068, 19.42629377980577], [-99.13074760674083, 19.4271243813034], [-99.129659142666, 19.426964832023252], [-99.12952096335276, 19.42791565983781], [-99.12857507019211, 19.427805457763593], [-99.12872030389329, 19.426856958142924], [-99.1278940990766, 19.426770502425267], [-99.12776113763438, 19.426756589198128], [-99.12684230127542, 19.426696346734783], [-99.12678661010838, 19.425815947950323], [-99.12615678487249, 19.425737900819907], [-99.1256306940704, 19.425651610991792], [-99.12562859749025, 19.425666505829543], [-99.12559842582475, 19.425880845974874], [-99.12551237832763, 19.426492143425524], [-99.12550433157435, 19.42655614536044], [-99.12546751684792, 19.426810844081658], [-99.12534511353239, 19.427683244467044], [-99.12523658399027, 19.42834895148035], [-99.12517667705053, 19.42875558123571], [-99.12511135203366, 19.429198981820566], [-99.12499483764444, 19.429830784537604], [-99.12484581333055, 19.43084054075002], [-99.1247861913334, 19.43123103227138], [-99.12477384453622, 19.431311898788913], [-99.12467299578479, 19.431972398105984], [-99.12453786346441, 19.432817390853753], [-99.12462670226512, 19.432826766572955], [-99.12516771211028, 19.43288385855223], [-99.12562948933578, 19.43293258919221], [-99.12609126682884, 19.43298131775197], [-99.12606449169725, 19.433167535164653], [-99.12593731706373, 19.4340520160297], [-99.12592749869985, 19.43412029829393], [-99.12681613724493, 19.434231589590365], [-99.12720172052167, 19.434279877792925], [-99.12764535644877, 19.434335434584565], [-99.12763455573018, 19.434424505990155], [-99.12754450736375, 19.435167152964272], [-99.1279490147161, 19.435217529229302], [-99.12876599581084, 19.435319271110195], [-99.1295829778995, 19.43542100840312]]]}, "properties": {"nombre": "CENTRO VII", "cve_col": "  15-043"}}, {"type": "Feature", "geometry": {"type": "Polygon", "coordinates": [[[-99.14581863615184, 19.45242391610994], [-99.1444158738337, 19.452008823972054], [-99.14401068489148, 19.45188545373312], [-99.14364117492383, 19.451772945083842], [-99.14290277892924, 19.45156459236526], [-99.1419687966736, 19.45130104678901], [-99.14129838813867, 19.45111187090443], [-99.14060766982334, 19.45089344394818], [-99.13979462915248, 19.45052284414404], [-99.13919234341695, 19.4502423943374], [-99.1388846160542, 19.45009751774177], [-99.1384234634112, 19.44987300518533], [-99.13838477602238, 19.450056332153412], [-99.13835965677342, 19.452322912428198], [-99.13832749229063, 19.454756678797303], [-99.14038267388617, 19.455211244036988], [-99.14234698336787, 19.455660826234443], [-99.14348303330284, 19.45592082991223], [-99.14492583692196, 19.456250528685707], [-99.1449745461832, 19.456053474881692], [-99.14502325437647, 19.45585642196555], [-99.14565842598044, 19.45306276369056], [-99.1456773784493, 19.45297940545124], [-99.14581863615184, 19.45242391610994]]]}, "properties": {"nombre": "NONOALCO-TLATELOLCO (U HAB) II", "cve_col": "  15-060"}}, {"type": "Feature", "geometry": {"type": "Polygon", "coordinates": [[[-99.18344838950239, 19.431419155635222], [-99.18262571243797, 19.43142232754737], [-99.18113761437316, 19.43139812381102], [-99.18177929621602, 19.432881562764784], [-99.18186879719231, 19.433088468012865], [-99.18271429320492, 19.435193616139266], [-99.18279410218487, 19.43539232482071], [-99.18348708870592, 19.43711770022289], [-99.18375806242864, 19.43708528972246], [-99.18399769119081, 19.437325632164956], [-99.18418998526315, 19.437485735678276], [-99.18550723038759, 19.43753797934874], [-99.1862286535563, 19.437570245350567], [-99.18718980239012, 19.43761322805039], [-99.18798917182164, 19.43764897272392], [-99.1887362983223, 19.43768237786646], [-99.18958893481759, 19.437720496520235], [-99.19047657995642, 19.437760175820944], [-99.19051445558031, 19.437400675395313], [-99.19063071926259, 19.436389877147548], [-99.19070959026844, 19.435658150239952], [-99.19072566445693, 19.4355093509281], [-99.19079557689406, 19.43486219458208], [-99.19085754606155, 19.434288554352637], [-99.19092104812192, 19.43370071950404], [-99.19094868083653, 19.433489100214857], [-99.19116226098726, 19.431829338145853], [-99.19094662004197, 19.43172585123232], [-99.1908907586144, 19.431637747368722], [-99.18975051451089, 19.43159874431233], [-99.18813990022518, 19.431543639774485], [-99.18733601569734, 19.431513614417653], [-99.18642824448007, 19.431491565442023], [-99.18565133260655, 19.43147269119498], [-99.18489579490969, 19.431454333183268], [-99.18418268341472, 19.4314370035128], [-99.18344838950239, 19.431419155635222]]]}, "properties": {"nombre": "CHAPULTEPEC MORALES (POLANCO)", "cve_col": "  16-021"}}, {"type": "Feature", "geometry": {"type": "Polygon", "coordinates": [[[-99.14581863615184, 19.45242391610994], [-99.14596834891225, 19.451723197161783], [-99.14606217808964, 19.451306768868374], [-99.14616647836294, 19.450843869021348], [-99.14619624567268, 19.45071602170923], [-99.14637159235527, 19.449962907352468], [-99.14658738730834, 19.448990199022823], [-99.14679534317924, 19.448052814150437], [-99.14701174826718, 19.44709772090338], [-99.1472281508608, 19.446142626410584], [-99.14575574405211, 19.445905044641542], [-99.14497095627355, 19.445749158658327], [-99.14478148213108, 19.446603382711864], [-99.14475811181022, 19.446708744655325], [-99.1445393095501, 19.447695181034334], [-99.1444406340076, 19.448144960826397], [-99.14402033115084, 19.448061078025138], [-99.14352409325018, 19.44795889522265], [-99.14295443884993, 19.447849594275358], [-99.14301505122847, 19.4475212007084], [-99.1430035422169, 19.44751848053975], [-99.14298052324301, 19.44751304110472], [-99.14293448625247, 19.447502162225103], [-99.14283031535075, 19.447477545540696], [-99.14272614447924, 19.447452927892463], [-99.14253021197474, 19.44741606727723], [-99.14206633095826, 19.447328795376873], [-99.14189735949215, 19.447303488740143], [-99.14183565950484, 19.447280642087858], [-99.14178200154522, 19.4472527020765], [-99.14173907120588, 19.4472272967426], [-99.1416639432305, 19.44718156471644], [-99.1416290549385, 19.44715106602297], [-99.1415968387028, 19.447110388419592], [-99.14157803505536, 19.44707478920413], [-99.14155204082097, 19.447018674773368], [-99.14118374320239, 19.44698351687043], [-99.14056620211753, 19.446915254760324], [-99.14036427859581, 19.44791025127662], [-99.14030696329456, 19.448192679915895], [-99.1402656090832, 19.448242009946757], [-99.13932289767875, 19.447967354139145], [-99.1387343946991, 19.44778707875549], [-99.13856983238468, 19.448836983753406], [-99.13912035069902, 19.448905200095], [-99.13945606733289, 19.448921809390296], [-99.14034953069438, 19.448966011823096], [-99.14074611746773, 19.44900126331062], [-99.14068334517148, 19.449420524321592], [-99.14159100733895, 19.449556437403242], [-99.14141344628445, 19.450500277748528], [-99.14129838813867, 19.45111187090443], [-99.1419687966736, 19.45130104678901], [-99.14290277892924, 19.45156459236526], [-99.14364117492383, 19.451772945083842], [-99.14401068489148, 19.45188545373312], [-99.1444158738337, 19.452008823972054], [-99.14581863615184, 19.45242391610994]]]}, "properties": {"nombre": "GUERRERO I", "cve_col": "  15-050"}}, {"type": "Feature", "geometry": {"type": "Polygon", "coordinates": [[[-99.18360386652921, 19.43832067987226], [-99.18359328293342, 19.438201374905475], [-99.1835231897498, 19.43741117722137], [-99.18348708870592, 19.43711770022289], [-99.18279410218487, 19.43539232482071], [-99.18271429320492, 19.435193616139266], [-99.18186879719231, 19.433088468012865], [-99.18177929621602, 19.432881562764784], [-99.18113761437316, 19.43139812381102], [-99.18106766595609, 19.431236415505236], [-99.18079645755041, 19.43060942821076], [-99.18037786673095, 19.429641703632527], [-99.18006332945978, 19.428663539811378], [-99.18003565111705, 19.428594256234305], [-99.17990226984257, 19.428260377888467], [-99.17988133829282, 19.428207981794802], [-99.17854695683117, 19.42486769768524], [-99.17827075167361, 19.42417339801847], [-99.1781459898971, 19.423859782935367], [-99.17809299802404, 19.423726576375316], [-99.17768761286507, 19.42372705119965], [-99.17758820037406, 19.423716318221437], [-99.17703083220313, 19.424601286829997], [-99.1767358775585, 19.425110726456055], [-99.17559650850782, 19.426877752303714], [-99.17484745328107, 19.42795192206405], [-99.17477875158468, 19.428054469509068], [-99.17400087424886, 19.429219462316187], [-99.17355274313095, 19.429977597923102], [-99.17302175272725, 19.430967440980893], [-99.17232937866876, 19.432258106982736], [-99.17241168056725, 19.432310318235437], [-99.17250867102753, 19.432371847333737], [-99.1736159672699, 19.433076539484496], [-99.17371416830507, 19.433146892525002], [-99.17379214918374, 19.433202758315225], [-99.17393266705402, 19.433303427663393], [-99.17420535370651, 19.433487813877157], [-99.17464730326992, 19.433786650609882], [-99.17508829160752, 19.434084834685258], [-99.17550617241443, 19.43436739296165], [-99.17598524080138, 19.434611511659995], [-99.17653700850258, 19.43488099997799], [-99.17703077277534, 19.435122156357206], [-99.17763531856859, 19.43541741548538], [-99.17818299226666, 19.43568489648151], [-99.17875771006098, 19.435965583279526], [-99.17930733753121, 19.436234013247624], [-99.17973542806526, 19.436445622916438], [-99.18052743110785, 19.436837116418566], [-99.18055332629494, 19.436849916282878], [-99.18139006128419, 19.437148833897236], [-99.182240860624, 19.437555733689468], [-99.1825385427675, 19.437817718115788], [-99.1829105511413, 19.43805979045179], [-99.18345410092635, 19.438264325217027], [-99.18360386652921, 19.43832067987226]]]}, "properties": {"nombre": "ANZURES", "cve_col": "  16-013"}}, {"type": "Feature", "geometry": {"type": "Polygon", "coordinates": [[[-99.19543234969652, 19.44715506892225], [-99.19556934950525, 19.446667013477768], [-99.19592238328367, 19.44540933234052], [-99.19608493161876, 19.445402497218215], [-99.19609103514142, 19.445318178013004], [-99.19623684584967, 19.444364232742696], [-99.19635353849759, 19.443453030430078], [-99.19580039182323, 19.443347088543355], [-99.19524508329562, 19.443274603937354], [-99.19417179059612, 19.443156355176246], [-99.19308999710732, 19.443007700698363], [-99.19263963242541, 19.442873710242562], [-99.19226142830688, 19.442650200047364], [-99.19205858320137, 19.442526827403082], [-99.19199597571378, 19.442840820121944], [-99.19172768022904, 19.44480209137402], [-99.1916916148862, 19.44504802648264], [-99.19151021105205, 19.446285043890445], [-99.19145986704667, 19.44662834729385], [-99.19160088662518, 19.44664711509529], [-99.19235498935532, 19.446747475068943], [-99.19344709212122, 19.446892813269574], [-99.19399871564002, 19.44696356844506], [-99.19458937907021, 19.44704246867964], [-99.1951333690893, 19.447115132722786], [-99.19543234969652, 19.44715506892225]]]}, "properties": {"nombre": "CUAUHTEMOC PENSIL", "cve_col": "  16-023"}}, {"type": "Feature", "geometry": {"type": "Polygon", "coordinates": [[[-99.20467593116724, 19.446863849484444], [-99.20478887826903, 19.446598322944503], [-99.20481991096955, 19.446525368548322], [-99.20484061798857, 19.44643078893961], [-99.20513601843352, 19.440315742266968], [-99.20513920260187, 19.440247060415814], [-99.20520368720707, 19.44021509159195], [-99.20529263768803, 19.4401709951533], [-99.20552758724205, 19.4394313681995], [-99.20594298350935, 19.438743028422955], [-99.20603771230776, 19.43857028492758], [-99.20610374776291, 19.438449865062204], [-99.2060213318058, 19.43844652359697], [-99.20590912248953, 19.43844197509112], [-99.2058277649943, 19.438561907084996], [-99.20573927529462, 19.438733520074813], [-99.20552728724938, 19.439047643287314], [-99.20527017520826, 19.439373663265172], [-99.20498444097021, 19.439692929168785], [-99.20454147590559, 19.440127733663054], [-99.2044815804752, 19.44021934084042], [-99.20440686845518, 19.440268344315996], [-99.20367370213832, 19.440749224204172], [-99.2029584687709, 19.44104977796381], [-99.20222452638075, 19.44125337059512], [-99.20142008856209, 19.44134966928041], [-99.20075702970566, 19.441429040413357], [-99.20058075062636, 19.441447880918425], [-99.19989620211496, 19.441511105099526], [-99.19841836319469, 19.441647588421173], [-99.1974462845067, 19.44173735617865], [-99.19702117231954, 19.44177661227409], [-99.19667708779318, 19.441808384421527], [-99.19624697908121, 19.44184809959659], [-99.19587043410046, 19.441882868620535], [-99.19530648742415, 19.44193493977684], [-99.19421167897494, 19.44203602119557], [-99.19355621634311, 19.44209653613112], [-99.19341653932501, 19.442109431149664], [-99.19326766737971, 19.4421256877557], [-99.19223243736516, 19.442238727731837], [-99.19185503692054, 19.44227993648707], [-99.19205858320137, 19.442526827403082], [-99.19226142830688, 19.442650200047364], [-99.19263963242541, 19.442873710242562], [-99.19308999710732, 19.443007700698363], [-99.19417179059612, 19.443156355176246], [-99.19524508329562, 19.443274603937354], [-99.19580039182323, 19.443347088543355], [-99.19635353849759, 19.443453030430078], [-99.19743690074631, 19.443803099410214], [-99.19778431734179, 19.44390453148984], [-99.19811278293146, 19.444028768196812], [-99.19845000514832, 19.444188381712436], [-99.19878787816464, 19.444341299118616], [-99.19913235144557, 19.44449538076975], [-99.1994634700558, 19.444650425347845], [-99.1998316869473, 19.44478640785365], [-99.20026433190246, 19.44493861529199], [-99.20178108922222, 19.4455492305884], [-99.20221685800338, 19.445762963261437], [-99.20271133061587, 19.446004595817193], [-99.20323999988226, 19.446228290523916], [-99.20376424003645, 19.446461453308387], [-99.20427734105012, 19.44667793177862], [-99.20467593116724, 19.446863849484444]]]}, "properties": {"nombre": "GRANADA (AMPL)", "cve_col": "  16-032"}}, {"type": "Feature", "geometry": {"type": "Polygon", "coordinates": [[[-99.21857622834153, 19.41258105656428], [-99.21901360964337, 19.412807628153896], [-99.21987487633717, 19.413253775186753], [-99.22005504923872, 19.413347105899607], [-99.2200912997001, 19.413293733315186], [-99.2206000689242, 19.41254464683388], [-99.22114197580905, 19.411746760023238], [-99.22197014254321, 19.410611350341725], [-99.22241036293305, 19.410013012927205], [-99.22263583773753, 19.40970655097717], [-99.2224663176475, 19.409615114770318], [-99.22271975967354, 19.409143969185596], [-99.2232054559328, 19.408219299337244], [-99.22324150548008, 19.408132644048578], [-99.22329524224027, 19.408003473963056], [-99.22358037205193, 19.40731808865999], [-99.22364861033198, 19.40715406028878], [-99.22381740256917, 19.406888898041885], [-99.22415301695479, 19.40660417400959], [-99.22422421008893, 19.406568915088798], [-99.22450507421338, 19.40642981611629], [-99.22463851117371, 19.406395551946716], [-99.22478020957047, 19.406359166364375], [-99.2250661041167, 19.406329776811504], [-99.22523248417802, 19.406357769558664], [-99.22531338782026, 19.406371381464222], [-99.2261572784737, 19.406513361894433], [-99.22644132621119, 19.40654108686789], [-99.22650410149106, 19.406552237397566], [-99.2264513395478, 19.406396731749336], [-99.2264509429926, 19.406110208658813], [-99.22644391323209, 19.405773864340343], [-99.22629897968059, 19.405552960754473], [-99.22629393109906, 19.405372076914638], [-99.22628703953256, 19.40513539226775], [-99.22634566374691, 19.404805194611683], [-99.22621381166384, 19.404763172066748], [-99.22580056599166, 19.404631466716058], [-99.22519003027871, 19.40460730945526], [-99.22465181592565, 19.404664034370967], [-99.22417929731957, 19.40475804924858], [-99.22370032464485, 19.404933045358238], [-99.22326735339841, 19.405145355376394], [-99.22276889694731, 19.405476092636405], [-99.2222640011372, 19.405900266938712], [-99.22204329016583, 19.406154075392894], [-99.22168128024842, 19.405909206156977], [-99.22161742547873, 19.40573915179236], [-99.22132281857245, 19.40601940656908], [-99.22082008082566, 19.406371260122167], [-99.22059477667837, 19.406574594945244], [-99.22042164647921, 19.406865677392044], [-99.22019672524638, 19.407354395311412], [-99.21998896267898, 19.407700400598436], [-99.21982419669109, 19.407897248345797], [-99.21975910152199, 19.407975018353355], [-99.21992621114973, 19.4080689931833], [-99.21989855554801, 19.40810373685075], [-99.21957936272041, 19.40850357930678], [-99.2183823025448, 19.410003076674208], [-99.21829275255236, 19.409977693863496], [-99.21820354365956, 19.409957375062827], [-99.21809759899301, 19.409937825492715], [-99.21797325690254, 19.409921495302928], [-99.21781275102838, 19.409924898699586], [-99.21680194922614, 19.410136514159053], [-99.21669668728009, 19.41016063899254], [-99.21590846639711, 19.41034650254191], [-99.2158194010438, 19.410362723541997], [-99.21571563634947, 19.410379099315794], [-99.21557947250878, 19.41038841834215], [-99.21541062776605, 19.41041033505352], [-99.215243606076, 19.410442434408854], [-99.21507908348616, 19.410484580054646], [-99.21491773601058, 19.410536608528005], [-99.21479920297742, 19.41058198907167], [-99.21455089429475, 19.41061148444589], [-99.21406245115122, 19.4107071385395], [-99.21408360513139, 19.411225644666306], [-99.21408303435562, 19.41136227743222], [-99.21408640586151, 19.411573112063152], [-99.21409307986313, 19.41184015437349], [-99.21412577467336, 19.41207727085288], [-99.21412016110526, 19.41210374751673], [-99.21410431441689, 19.412178531199057], [-99.2137705803246, 19.412482593183498], [-99.21340539162955, 19.412923659763592], [-99.21346334509353, 19.412963256085135], [-99.21364356259896, 19.41309227664244], [-99.21298475230509, 19.413785762846963], [-99.2134754468796, 19.414207776795802], [-99.21356620164357, 19.41428726642752], [-99.2134603001871, 19.41439087167509], [-99.21314490473706, 19.41469942864591], [-99.21306836919665, 19.41477227715092], [-99.21293272009349, 19.41489236925152], [-99.21269059721175, 19.415099478887516], [-99.21252141861348, 19.415193245627837], [-99.21238235900034, 19.415179274027363], [-99.21169513204127, 19.415455417905918], [-99.21124491378453, 19.415644664624338], [-99.2105551746166, 19.415934590710343], [-99.21041535753511, 19.41599336004222], [-99.20981528399072, 19.416342244063035], [-99.2096870661746, 19.416416790188165], [-99.20916930373627, 19.416802992080687], [-99.20858907052212, 19.417235788800046], [-99.20853499983113, 19.417302788724975], [-99.2080295875664, 19.417929052572486], [-99.20795955735696, 19.418015827788484], [-99.20781815452816, 19.418274744420216], [-99.20732925522027, 19.419169941599012], [-99.20719777366804, 19.419410687906975], [-99.20662482845127, 19.419191814600783], [-99.2059757519241, 19.41878660046695], [-99.2048283531119, 19.418062091952333], [-99.20394392681322, 19.41887538215317], [-99.20368704266934, 19.4190299042615], [-99.20337726130685, 19.41920959427968], [-99.20312031466565, 19.41931390030013], [-99.20280281081476, 19.419364471348153], [-99.20249523523485, 19.41941527116439], [-99.20242489401775, 19.41947608516893], [-99.20205066862239, 19.419515956579428], [-99.20145685265548, 19.41977510622287], [-99.20136675658235, 19.419814424992133], [-99.20102677591244, 19.420033599228773], [-99.20066414157954, 19.42027790599222], [-99.20052863027412, 19.420346019229598], [-99.20046389415236, 19.420378558742055], [-99.20011617865717, 19.420457852557334], [-99.1997859878881, 19.420956788205924], [-99.20029920303521, 19.421130271812487], [-99.2007373293944, 19.421306583379092], [-99.20095644820817, 19.42143893706742], [-99.20129224457797, 19.421743537270338], [-99.20160475421045, 19.422052582791327], [-99.20179592783771, 19.422189386569272], [-99.2019917051046, 19.422281986660632], [-99.20219675758385, 19.42233921716262], [-99.20240171074703, 19.422316889230185], [-99.2025255525065, 19.4222812167976], [-99.20280221139762, 19.422201525078464], [-99.20308185084835, 19.422298450429885], [-99.20336148512821, 19.422390955246037], [-99.20384140940227, 19.422456715193537], [-99.2042705211901, 19.4225405295658], [-99.20439020231565, 19.422401512650453], [-99.20447425942587, 19.422529320062726], [-99.20496374753073, 19.423455363887435], [-99.20504701326419, 19.423432937104593], [-99.20545058268863, 19.423324237643982], [-99.20588464749994, 19.42332374606006], [-99.20620247105771, 19.423494138367325], [-99.20730861150115, 19.422587317660884], [-99.20753817414075, 19.422412650615044], [-99.20781379651064, 19.42231890410119], [-99.20896347650347, 19.421902220582254], [-99.21115010652171, 19.421130405162074], [-99.21149682902447, 19.420177000334366], [-99.21152955033277, 19.42009598870418], [-99.21185659736864, 19.419161292299624], [-99.21245203207238, 19.417628319947113], [-99.212668598614, 19.41756577925436], [-99.21289816468065, 19.417403562350433], [-99.21319323412247, 19.417129150659242], [-99.21330577247491, 19.417003461653287], [-99.21327156535445, 19.41695050029427], [-99.21317054472185, 19.416794096823235], [-99.21376006200045, 19.416302616711008], [-99.2140038583205, 19.416129322811425], [-99.21424130015455, 19.41596054475233], [-99.21455605527444, 19.41581707963553], [-99.21509800660378, 19.415606004212428], [-99.21559559781181, 19.415376374891864], [-99.21612236451148, 19.415046465878724], [-99.21651931047312, 19.414716089256544], [-99.21659452165781, 19.41465349181571], [-99.21704684858102, 19.41416087858362], [-99.21763019828698, 19.41346255919545], [-99.21812190891606, 19.412969897000497], [-99.21857622834153, 19.41258105656428]]]}, "properties": {"nombre": "LOMAS VIRREYES (LOMAS DE CHAPULTEPEC)", "cve_col": "  16-046"}}, {"type": "Feature", "geometry": {"type": "Polygon", "coordinates": [[[-99.15965191268583, 19.41190621223919], [-99.16103299488825, 19.411627496478935], [-99.16123117012698, 19.41158365815038], [-99.16251892897182, 19.411298785432567], [-99.16437681253345, 19.410989922604163], [-99.165993260387, 19.41072118088381], [-99.1669729213767, 19.41047612566391], [-99.16733868905526, 19.409358399851385], [-99.16773481255107, 19.408195187796053], [-99.16809318962555, 19.407042398007324], [-99.16848073676455, 19.405929932609236], [-99.16773846412556, 19.405944940551098], [-99.1670287949956, 19.40597894886554], [-99.16638466047074, 19.406009814527717], [-99.16484920347399, 19.406083381688557], [-99.16402239385145, 19.406122989984052], [-99.1632086450935, 19.406161969161865], [-99.16269787915368, 19.406189228927794], [-99.16222277998789, 19.40620353576256], [-99.1617787822958, 19.406238277638785], [-99.16120413062256, 19.406268941986752], [-99.16069388077393, 19.406293872187558], [-99.16045585269634, 19.40630867586279], [-99.1597024155911, 19.40634906729863], [-99.15833487265846, 19.40640031042206], [-99.15678445885989, 19.40652129072141], [-99.15687924900182, 19.40692264124547], [-99.15699335554115, 19.407405454932682], [-99.15512336719678, 19.407514961125287], [-99.15480117557424, 19.411802519426512], [-99.15483408737191, 19.4118061695456], [-99.15486700012264, 19.41180981875417], [-99.15493282467672, 19.411817118057957], [-99.15561916902674, 19.411809214041384], [-99.15685061533563, 19.41176645815987], [-99.15806874819978, 19.411693277086233], [-99.15858448088285, 19.411664620607834], [-99.15876228570315, 19.41165474124715], [-99.15942149132209, 19.411988303820475], [-99.15963497833347, 19.412125674204884], [-99.15964344551548, 19.412015943674724], [-99.15965191268583, 19.41190621223919]]]}, "properties": {"nombre": "ROMA SUR I", "cve_col": "  15-071"}}, {"type": "Feature", "geometry": {"type": "Polygon", "coordinates": [[[-99.16053116411173, 19.441741557501246], [-99.16079870271224, 19.44086075077148], [-99.1611558943582, 19.43968476878522], [-99.16177799532657, 19.437307039060848], [-99.16205266832593, 19.43609368272191], [-99.16206315554557, 19.436047353950517], [-99.16207364371196, 19.43600102517747], [-99.1623047346609, 19.434980174892505], [-99.16253760098719, 19.433780920479524], [-99.16198500425298, 19.43355936788909], [-99.16091723982525, 19.433089580876047], [-99.15998069508804, 19.43269932879813], [-99.15905375349661, 19.43237881911727], [-99.15814257485049, 19.434415705331336], [-99.15714023206353, 19.436710216693918], [-99.15711628233919, 19.436765038280264], [-99.15649592107751, 19.43817286862102], [-99.15583007525956, 19.439724137556503], [-99.15672477595012, 19.440120319998552], [-99.15779038082168, 19.44059225311326], [-99.15781674406931, 19.44060361528373], [-99.15851782762498, 19.44089807140426], [-99.15864810187726, 19.440952743921663], [-99.15892117268871, 19.441067342793737], [-99.15959831179548, 19.44135151504141], [-99.16053116411173, 19.441741557501246]]]}, "properties": {"nombre": "SAN RAFAEL I", "cve_col": "  15-073"}}, {"type": "Feature", "geometry": {"type": "Polygon", "coordinates": [[[-99.17556412598813, 19.423226874874036], [-99.17554892768933, 19.423201706405163], [-99.1755065934585, 19.42313157951306], [-99.17530663638586, 19.422800536254577], [-99.17522357992944, 19.422662800363902], [-99.17540842785776, 19.422753767870805], [-99.17555252539042, 19.422746617547062], [-99.17565139338924, 19.422649319243444], [-99.17633813373318, 19.42142424192292], [-99.17638236377698, 19.42132253638044], [-99.17638412753774, 19.421245410884172], [-99.17638589225069, 19.42116828629004], [-99.17633773669705, 19.421056152918396], [-99.17624159963246, 19.420993145529092], [-99.17613072463774, 19.42096871337067], [-99.17598659851181, 19.42094781981504], [-99.17585721898354, 19.420895361061817], [-99.17579881361091, 19.42083990004367], [-99.17576105204593, 19.420804308183268], [-99.17571150200281, 19.420799820337557], [-99.1756619519623, 19.420795332478274], [-99.17556285284066, 19.42078635581447], [-99.17542367058901, 19.420717509059962], [-99.17454808075854, 19.420919221542256], [-99.17399538072922, 19.42104095660635], [-99.17308377583892, 19.421264421163308], [-99.17158118383605, 19.42158593327527], [-99.17145906943665, 19.421642621716128], [-99.1702486523945, 19.421875003472312], [-99.17006330550768, 19.421931602934773], [-99.1687986200018, 19.422209454250375], [-99.16721946470558, 19.422542838478012], [-99.16704961289801, 19.422574190439256], [-99.16556652233872, 19.42288852445995], [-99.16409229475805, 19.42320432320527], [-99.16352719896005, 19.423351088008722], [-99.16351550517209, 19.42333558701946], [-99.1635038104329, 19.423320085126516], [-99.16344429536181, 19.423262311208468], [-99.16337290022146, 19.423209403667236], [-99.16331913941411, 19.423169564355874], [-99.16326537768037, 19.42312972502907], [-99.16321132474302, 19.423102538987955], [-99.16305509578925, 19.423061218274626], [-99.16304224682715, 19.423059291322588], [-99.16302939881697, 19.423057363465077], [-99.16300370184587, 19.42305350865186], [-99.16295230885977, 19.423045799013668], [-99.16281686920318, 19.42307694443452], [-99.16269546009114, 19.42312580463651], [-99.16262075703054, 19.42316575921434], [-99.16255074381976, 19.42322343791836], [-99.16249008543704, 19.423294403813443], [-99.1624402646215, 19.42336868750629], [-99.16240146079072, 19.42342744168054], [-99.16235484357163, 19.423524987051987], [-99.16233863669217, 19.423624586505028], [-99.16233938960761, 19.42374008266391], [-99.16218034940667, 19.423810264280693], [-99.1611834975809, 19.42401220509115], [-99.159969863735, 19.424273030218767], [-99.15882644413219, 19.424579269381898], [-99.15811071863251, 19.42477779597645], [-99.15734953992565, 19.424961489272103], [-99.15642598469195, 19.425176947867165], [-99.15625727718522, 19.42521368400228], [-99.15532736645613, 19.425416168627258], [-99.15527246821986, 19.425428122143046], [-99.15366823930452, 19.42576984286916], [-99.1536580961919, 19.425866908708926], [-99.15364795306768, 19.425963974547198], [-99.15361021431339, 19.426126189701815], [-99.15347220637045, 19.426491504901602], [-99.15336042900628, 19.426761617620777], [-99.15322993755854, 19.4270607528878], [-99.15303296634441, 19.42755620311597], [-99.15256209606197, 19.428666024385652], [-99.15213003134919, 19.429684367632515], [-99.15173362007872, 19.430644567830452], [-99.1517294646802, 19.430770550383], [-99.15172552790139, 19.430887818143823], [-99.15173500038537, 19.431005644041942], [-99.15170774828074, 19.431087482725687], [-99.15164364229281, 19.431145970151515], [-99.15158207770912, 19.43117767358295], [-99.15152051310059, 19.431209376089846], [-99.15145898909378, 19.43128490461913], [-99.15128006392213, 19.431743172088392], [-99.15091556222788, 19.43264100761069], [-99.15062714221493, 19.43335143283329], [-99.1500647781904, 19.43468397785268], [-99.14986874495956, 19.435148483697464], [-99.14983850691402, 19.43529289020457], [-99.14991774324722, 19.43526603570752], [-99.15009393061065, 19.43518311447055], [-99.15018202422496, 19.435141653788087], [-99.15027011779429, 19.435100193063004], [-99.1517578720344, 19.4343999813599], [-99.1531745161279, 19.433733220021164], [-99.15345622941173, 19.43360145238334], [-99.15381897659451, 19.433431780380033], [-99.15418172206785, 19.43326210855837], [-99.15417324645378, 19.433228536109066], [-99.15416476989063, 19.43319496366001], [-99.1541451853601, 19.433117394738538], [-99.1541974409674, 19.432975349210416], [-99.1542422176064, 19.43284040967133], [-99.15430950839368, 19.432769351455786], [-99.15446653312665, 19.432620116202518], [-99.15461619581356, 19.432598688934394], [-99.15496798269125, 19.4326338890251], [-99.155237592073, 19.432825360981905], [-99.15678656083959, 19.43212770911404], [-99.15757571343812, 19.431772269225526], [-99.15826332584136, 19.431462848915054], [-99.15843085796735, 19.431389624098802], [-99.15954159300738, 19.43090413995677], [-99.15965808965935, 19.43085238071274], [-99.15975396333846, 19.430813116348038], [-99.1597962320176, 19.430795712295502], [-99.15990911902303, 19.4307496847705], [-99.16021723255048, 19.43059480773301], [-99.16049872547019, 19.430465338396353], [-99.1615792500171, 19.429968358699078], [-99.16263994840314, 19.429402444382973], [-99.16344771329233, 19.429108950548667], [-99.16343689555488, 19.42886304177502], [-99.16364982501895, 19.428670288195473], [-99.16373101450816, 19.428670214997343], [-99.16378176723146, 19.428679797491426], [-99.16391373843082, 19.428718190570553], [-99.16413417947834, 19.42861865775515], [-99.16435462120823, 19.42851912467207], [-99.1650068378287, 19.428223072465606], [-99.16585302217693, 19.427840152075152], [-99.16632298143064, 19.42760928896609], [-99.16674935230172, 19.427418492399266], [-99.16717342702295, 19.427235687670816], [-99.16727139395714, 19.427203513455364], [-99.16724897818598, 19.4270696691585], [-99.16725405221048, 19.426925072338978], [-99.1672946321852, 19.426815653683096], [-99.16734653067464, 19.42672123724132], [-99.16742891023492, 19.426648968248703], [-99.16750073194108, 19.426623665529423], [-99.16757255362388, 19.426598361878092], [-99.16773254041595, 19.426599046489823], [-99.16797945150017, 19.426658454952022], [-99.16809033863616, 19.42676987904481], [-99.1681203709885, 19.42675197830091], [-99.16815040333519, 19.426734078455794], [-99.16894385622915, 19.426376776029123], [-99.16983882556646, 19.425973754354754], [-99.17029410166008, 19.42576873218035], [-99.17146006808093, 19.42524366150172], [-99.1714576695633, 19.42522916532993], [-99.1714552700945, 19.425214670062708], [-99.1714504730624, 19.42518567862257], [-99.17145167775061, 19.42515996383949], [-99.17147374791362, 19.425059426349605], [-99.17148358225577, 19.42503954779704], [-99.17150573332755, 19.425016151164208], [-99.17155495472926, 19.42496233944459], [-99.17157711191449, 19.424944786273688], [-99.17146852037794, 19.42466728213558], [-99.1715143717464, 19.424651797813617], [-99.17156022215353, 19.424636313481017], [-99.17160607255187, 19.424620829136895], [-99.17165192294144, 19.424605344781206], [-99.17168743628454, 19.424608118174], [-99.17172294867716, 19.424610892464422], [-99.17178212318301, 19.42460241379285], [-99.17185608395113, 19.424585499309224], [-99.17188982118874, 19.424569647696703], [-99.17193490698482, 19.424551781778145], [-99.1722703872156, 19.424387011445866], [-99.17277540450452, 19.42416263866137], [-99.17414627708155, 19.423521443217627], [-99.17476411577671, 19.423244410588232], [-99.17492913074092, 19.423170419302746], [-99.17497946080391, 19.423192830154534], [-99.17513792283067, 19.423188001538026], [-99.17518447857485, 19.423212753905524], [-99.17523103433402, 19.42323750716464], [-99.17546067707929, 19.423237491484226], [-99.17556412598813, 19.423226874874036]]]}, "properties": {"nombre": "JUAREZ", "cve_col": "  15-017"}}, {"type": "Feature", "geometry": {"type": "Polygon", "coordinates": [[[-99.15742417204144, 19.45627480894657], [-99.1580641543782, 19.45639727578051], [-99.15819592422503, 19.455588087536885], [-99.15764819258568, 19.455491836538506], [-99.15756588195444, 19.45547737171991], [-99.15757662834794, 19.45541962906935], [-99.15663347224806, 19.455268865897605], [-99.15636750374854, 19.456677324997674], [-99.15618218224252, 19.457658694236887], [-99.15706790894603, 19.457807053978524], [-99.15712813825027, 19.45778043150361], [-99.15715214561483, 19.45774868015829], [-99.1571661692164, 19.45772201637408], [-99.15742417204144, 19.45627480894657]]]}, "properties": {"nombre": "SANTA MARIA (U HAB)", "cve_col": "  15-028"}}, {"type": "Feature", "geometry": {"type": "Polygon", "coordinates": [[[-99.18231847672737, 19.44796261008595], [-99.18240013696088, 19.447421229920227], [-99.18260151349685, 19.44608616731353], [-99.18269051499335, 19.445496104208722], [-99.18295912560842, 19.44358380896919], [-99.18200477463871, 19.443454954635897], [-99.18089533531612, 19.44330515438632], [-99.17982720124776, 19.44316092484064], [-99.17919914951956, 19.443076116504447], [-99.17874546865214, 19.4430148524701], [-99.1781162451112, 19.442929881571995], [-99.17863907355996, 19.44355606137706], [-99.17909773544896, 19.444105383614687], [-99.17959684046549, 19.444703138411647], [-99.1799800666201, 19.4451621057131], [-99.18053687842315, 19.445828960524768], [-99.18146241318063, 19.446936710394365], [-99.18150709164006, 19.446990900706794], [-99.18179980312826, 19.44734145287339], [-99.18231847672737, 19.44796261008595]]]}, "properties": {"nombre": "ANAHUAC MARIANO ESCOBEDO", "cve_col": "  16-010"}}, {"type": "Feature", "geometry": {"type": "Polygon", "coordinates": [[[-99.13530845514993, 19.439643496561505], [-99.13556274428464, 19.437960817882175], [-99.13457266168274, 19.437826044098028], [-99.13399374530195, 19.43774723486157], [-99.13390168938892, 19.437734705800736], [-99.13352499217844, 19.437683425905668], [-99.13346253476367, 19.438151249078004], [-99.13341166062996, 19.438533335581617], [-99.13329832792994, 19.43938324421061], [-99.13125446300704, 19.439230412334584], [-99.13052792852869, 19.43917607942846], [-99.12909093588435, 19.4390686071479], [-99.12846023749414, 19.439017475565304], [-99.12749226340101, 19.438949029633946], [-99.12693242174791, 19.43890905182868], [-99.12657195961103, 19.438883302554984], [-99.12626992832216, 19.438861726886476], [-99.12525707781352, 19.438789369946818], [-99.12540127124163, 19.4376770151252], [-99.1237858967457, 19.437490342020883], [-99.12361307443089, 19.438639563567545], [-99.12340997383616, 19.439598728835577], [-99.12333545361147, 19.44020000692493], [-99.1232548469626, 19.440860169378343], [-99.123167123546, 19.441574946781778], [-99.12302207849324, 19.442634809056525], [-99.12322212965985, 19.442671454853503], [-99.12357274445655, 19.44273889444688], [-99.12379507149276, 19.442758453105576], [-99.12400355996492, 19.442777764291947], [-99.12440429675775, 19.442814883343853], [-99.12473305364502, 19.44283525169278], [-99.12486867564617, 19.441740734108656], [-99.12577987919285, 19.441835286737497], [-99.12583212546099, 19.440960573705635], [-99.12587774528437, 19.44019679542678], [-99.12734507821716, 19.440261384709842], [-99.12750929260963, 19.440261597451325], [-99.12760379190681, 19.440261719905468], [-99.12841307288285, 19.440262765803496], [-99.12888800719575, 19.440263378016052], [-99.12935281515404, 19.440231935712664], [-99.12993454024216, 19.44019258320279], [-99.13113899596553, 19.44008370198309], [-99.13107397142207, 19.440785797394792], [-99.1329798412746, 19.440733427220795], [-99.1330969179134, 19.440730209083817], [-99.13360058796715, 19.440744225337763], [-99.13477065679564, 19.44077678252445], [-99.13526733351034, 19.44079059962148], [-99.13530845514993, 19.439643496561505]]]}, "properties": {"nombre": "CENTRO II", "cve_col": "  15-038"}}, {"type": "Feature", "geometry": {"type": "Polygon", "coordinates": [[[-99.16534147541631, 19.415514581017906], [-99.16527324627172, 19.41571984283524], [-99.16504096548444, 19.416441320283127], [-99.16480868171857, 19.417162797392717], [-99.16476305068495, 19.417410640060773], [-99.16457541308063, 19.418011240212145], [-99.16451368091614, 19.41820883403806], [-99.1644200695862, 19.41851916017566], [-99.16429603950469, 19.418947517589203], [-99.16388276655819, 19.4203771436518], [-99.16304224682715, 19.423059291322588], [-99.16305509578925, 19.423061218274626], [-99.16321132474302, 19.423102538987955], [-99.16326537768037, 19.42312972502907], [-99.16331913941411, 19.423169564355874], [-99.16337290022146, 19.423209403667236], [-99.16344429536181, 19.423262311208468], [-99.1635038104329, 19.423320085126516], [-99.16351550517209, 19.42333558701946], [-99.16352719896005, 19.423351088008722], [-99.16409229475805, 19.42320432320527], [-99.16556652233872, 19.42288852445995], [-99.16704961289801, 19.422574190439256], [-99.16721946470558, 19.422542838478012], [-99.1687986200018, 19.422209454250375], [-99.17006330550768, 19.421931602934773], [-99.1702486523945, 19.421875003472312], [-99.17145906943665, 19.421642621716128], [-99.17158118383605, 19.42158593327527], [-99.17308377583892, 19.421264421163308], [-99.17399538072922, 19.42104095660635], [-99.17454808075854, 19.420919221542256], [-99.17542367058901, 19.420717509059962], [-99.17556285284066, 19.42078635581447], [-99.1756619519623, 19.420795332478274], [-99.17571150200281, 19.420799820337557], [-99.17576105204593, 19.420804308183268], [-99.17596798118832, 19.420698271816775], [-99.17636328100976, 19.42048761265333], [-99.17642119798957, 19.420456748460367], [-99.17656348059677, 19.42032859862451], [-99.17656192186374, 19.42030883479609], [-99.17656036313208, 19.420289071871302], [-99.17655724566899, 19.420249545117866], [-99.17653880127396, 19.420169691030303], [-99.1765183818803, 19.420130914915692], [-99.17649796154484, 19.420092139703158], [-99.17617065980893, 19.419673744116437], [-99.17554141274331, 19.418933582571057], [-99.17500907682984, 19.418241253504153], [-99.17483449205173, 19.418030128222103], [-99.17471651696407, 19.417949235520233], [-99.17364499508041, 19.41721451131118], [-99.17321168717505, 19.41690691137205], [-99.17248740083963, 19.41635272375023], [-99.17189824579214, 19.415974231271157], [-99.17182648195342, 19.415967921580847], [-99.17175103279719, 19.415951570449316], [-99.1716849119432, 19.415917432403354], [-99.17163788110267, 19.41585681072686], [-99.17153134461512, 19.415912710916025], [-99.17114410752139, 19.416115893603248], [-99.17100361511199, 19.41616855760324], [-99.17086312261038, 19.416221220591208], [-99.17055651636132, 19.416269590473], [-99.1704323438674, 19.416290198062466], [-99.17033913237668, 19.41619437592405], [-99.17001263842876, 19.415858736658418], [-99.16993816883915, 19.415950699756465], [-99.16977545818845, 19.416100832205082], [-99.16961274723798, 19.416250963604018], [-99.16895837590515, 19.41639769119697], [-99.16864946425694, 19.41646695683082], [-99.16769398574758, 19.416673914067392], [-99.16745579520392, 19.41672550601548], [-99.16741437198829, 19.416734478416693], [-99.16723747149152, 19.4166322150325], [-99.16706057216761, 19.41652995147236], [-99.16572101267981, 19.415738177260828], [-99.16547803137561, 19.41559455560857], [-99.16534147541631, 19.415514581017906]]]}, "properties": {"nombre": "ROMA NORTE I", "cve_col": "  15-068"}}, {"type": "Feature", "geometry": {"type": "Polygon", "coordinates": [[[-99.13530845514993, 19.439643496561505], [-99.13526733351034, 19.44079059962148], [-99.1361204141383, 19.440814328806084], [-99.13664865761481, 19.44080352090336], [-99.13725678465251, 19.440786784088335], [-99.13726599114636, 19.44078230369511], [-99.13728440413253, 19.440773342907207], [-99.13732123009954, 19.440755422229554], [-99.13780520165324, 19.44081359401218], [-99.13845892091557, 19.440858899797515], [-99.13850715944668, 19.440806013259394], [-99.1385479761464, 19.440809654831348], [-99.13858879284865, 19.440813297297804], [-99.13884392919203, 19.44083606315837], [-99.13909906465146, 19.44085882866043], [-99.13927337359907, 19.440906690790957], [-99.13975123931188, 19.440945430209858], [-99.13979907166895, 19.44095158386924], [-99.13984690498297, 19.440957738419005], [-99.13984431810609, 19.440829316851257], [-99.13985576941627, 19.440738576040186], [-99.13988778421154, 19.440484909739098], [-99.13998363187221, 19.43990518873802], [-99.14000126424462, 19.43977048514425], [-99.1400164183206, 19.439689723982617], [-99.14004679895982, 19.43950391313403], [-99.14018380572078, 19.438665959247736], [-99.14031395157943, 19.437790781610616], [-99.14045921451414, 19.436930212542425], [-99.14056363567235, 19.436260895577472], [-99.14057385718009, 19.436106813652984], [-99.14077671789558, 19.434792288131582], [-99.14087793108216, 19.43421155993983], [-99.14089104941627, 19.434136292169686], [-99.1410976332554, 19.432833330807036], [-99.14122767346475, 19.432013131033354], [-99.14164008556983, 19.429049193247007], [-99.13900950975109, 19.428847249507207], [-99.13874394343944, 19.42882585905355], [-99.1380269088829, 19.42875982459524], [-99.13772118411997, 19.428732026844443], [-99.13706517249996, 19.42867237860901], [-99.13702536459935, 19.42867532136014], [-99.13698555669801, 19.428678265006262], [-99.13586591454185, 19.428561092558443], [-99.13596663210357, 19.427791743446814], [-99.13501945485248, 19.427679916686028], [-99.13404243585137, 19.42756493583942], [-99.13281158662083, 19.427422468042593], [-99.1326867730896, 19.428283229492585], [-99.13263532067745, 19.428638060279766], [-99.13256573510233, 19.429117941784085], [-99.13209022849142, 19.4290527014589], [-99.13166981826676, 19.428995020260025], [-99.13049754094659, 19.428834173149795], [-99.13038657369533, 19.429654697322288], [-99.13027560535576, 19.430475221359366], [-99.13014391037082, 19.431449000124196], [-99.12998106019198, 19.43265311510701], [-99.12987512429302, 19.43338970799948], [-99.12970258435848, 19.434589390336047], [-99.1295829778995, 19.43542100840312], [-99.13168175564194, 19.43571960650321], [-99.13375965971011, 19.436010498654856], [-99.13364232700756, 19.43684696235276], [-99.13352499217844, 19.437683425905668], [-99.13390168938892, 19.437734705800736], [-99.13399374530195, 19.43774723486157], [-99.13457266168274, 19.437826044098028], [-99.13556274428464, 19.437960817882175], [-99.13530845514993, 19.439643496561505]]]}, "properties": {"nombre": "CENTRO IV", "cve_col": "  15-040"}}, {"type": "Feature", "geometry": {"type": "Polygon", "coordinates": [[[-99.20981252176844, 19.455336478049993], [-99.20988257262522, 19.45523572631503], [-99.21019141596899, 19.4540055778522], [-99.2104051266892, 19.452907115211005], [-99.20928827316718, 19.452654946703465], [-99.20879947372238, 19.452667248485977], [-99.20870013757806, 19.452637624126186], [-99.2085442489039, 19.452808518717248], [-99.20841581569759, 19.45309373645245], [-99.20817468731633, 19.453057987514107], [-99.20786916582522, 19.453027012310855], [-99.20753396821344, 19.453032094609778], [-99.20719061173314, 19.45311393577882], [-99.20672348488034, 19.453253871126872], [-99.20649689005315, 19.45332023180706], [-99.20631078401597, 19.4533828815706], [-99.2062257742365, 19.453411497825925], [-99.20472816392305, 19.45391515910837], [-99.20493038418918, 19.45399550995181], [-99.20535529241558, 19.45412562218763], [-99.20612303775442, 19.454344260127737], [-99.20695328022747, 19.454566424810075], [-99.20707726644807, 19.454589391381813], [-99.20788960505588, 19.454766878765422], [-99.20870749778972, 19.454991926063748], [-99.20970954895233, 19.45526298020694], [-99.20981252176844, 19.455336478049993]]]}, "properties": {"nombre": "SAN JOAQUIN", "cve_col": "  16-073"}}, {"type": "Feature", "geometry": {"type": "Polygon", "coordinates": [[[-99.17610321465295, 19.440539163700887], [-99.17628894847647, 19.44056138210827], [-99.17717013227247, 19.43936654922187], [-99.17804993601483, 19.438313126855043], [-99.17853229343407, 19.437584124731185], [-99.17877859260274, 19.437124976744776], [-99.17930733753121, 19.436234013247624], [-99.17875771006098, 19.435965583279526], [-99.17818299226666, 19.43568489648151], [-99.17763531856859, 19.43541741548538], [-99.17703077277534, 19.435122156357206], [-99.17653700850258, 19.43488099997799], [-99.17598524080138, 19.434611511659995], [-99.17550617241443, 19.43436739296165], [-99.17508829160752, 19.434084834685258], [-99.17464730326992, 19.433786650609882], [-99.17420535370651, 19.433487813877157], [-99.17393266705402, 19.433303427663393], [-99.17379214918374, 19.433202758315225], [-99.17371416830507, 19.433146892525002], [-99.1736159672699, 19.433076539484496], [-99.17250867102753, 19.432371847333737], [-99.17241168056725, 19.432310318235437], [-99.17232937866876, 19.432258106982736], [-99.1713703312771, 19.433713090332418], [-99.17107970866192, 19.43415714652659], [-99.16953062558848, 19.43621985653036], [-99.16970137295756, 19.43629463905623], [-99.16985082528191, 19.436360095051366], [-99.17024665096208, 19.436542490319145], [-99.17275629999244, 19.43819857580328], [-99.17339661533703, 19.43862110051951], [-99.17412951977494, 19.43910471700556], [-99.17535788069644, 19.439921170352715], [-99.17610321465295, 19.440539163700887]]]}, "properties": {"nombre": "VERONICA ANZURES", "cve_col": "  16-084"}}, {"type": "Feature", "geometry": {"type": "Polygon", "coordinates": [[[-99.17413182774739, 19.452735358949464], [-99.17419112411444, 19.45282449472364], [-99.17448576382479, 19.452578212413787], [-99.17468403366746, 19.45242948151318], [-99.17413681468044, 19.452060705854382], [-99.17358959911311, 19.45169192941329], [-99.17330322653032, 19.451489771598943], [-99.17309021426074, 19.451339400643114], [-99.17293388938694, 19.45111311977377], [-99.1726623194965, 19.451299561259372], [-99.17176472815655, 19.4511499936412], [-99.17114468737692, 19.451050368830295], [-99.17052679650226, 19.450933270041784], [-99.17005421892914, 19.45084370851816], [-99.16957041100068, 19.45075201805398], [-99.16930234541579, 19.450701213638627], [-99.16927243413082, 19.45067919076019], [-99.16916635839625, 19.45060108802282], [-99.1691300879363, 19.450580108522786], [-99.16903039283828, 19.45052244463719], [-99.16895113582397, 19.450529679562553], [-99.16887187784965, 19.450536914454226], [-99.16872854924577, 19.45063730032844], [-99.16847791847111, 19.450587197834373], [-99.16805826041536, 19.450503305198847], [-99.16749204317415, 19.45039011277904], [-99.16744494205655, 19.450380697015483], [-99.16723157252123, 19.45035665334168], [-99.1667484316624, 19.450301385520063], [-99.1665980932363, 19.450595342399], [-99.16652141820714, 19.451263041324676], [-99.16641602823593, 19.45218077823673], [-99.16659352570869, 19.45221073992978], [-99.16848245495868, 19.452487096262168], [-99.16884019688082, 19.452539432450084], [-99.17154072405955, 19.452934486783676], [-99.17355682231087, 19.45317768581523], [-99.17387684951211, 19.45292389106457], [-99.17413182774739, 19.452735358949464]]]}, "properties": {"nombre": "SANTO TOMAS", "cve_col": "  16-076"}}, {"type": "Feature", "geometry": {"type": "Polygon", "coordinates": [[[-99.21099887669237, 19.449242628905246], [-99.2115470056271, 19.448450431616198], [-99.21157876997546, 19.44840452357374], [-99.21100206416232, 19.44830642686613], [-99.21078523553707, 19.44826954419657], [-99.21064881561897, 19.44905007807261], [-99.21065272446232, 19.44905222890459], [-99.21083984372471, 19.44915515302487], [-99.21099887669237, 19.449242628905246]]]}, "properties": {"nombre": "TATA LZARO", "cve_col": "  16-079"}}, {"type": "Feature", "geometry": {"type": "Polygon", "coordinates": [[[-99.18792813355226, 19.44814951455028], [-99.18820167338072, 19.44621342600017], [-99.18769878572327, 19.446147854261454], [-99.18710845956049, 19.446070878706333], [-99.18657413906632, 19.44600120534939], [-99.18603030125507, 19.445930288520593], [-99.18575420246782, 19.44784927193921], [-99.18631837059313, 19.44792287439573], [-99.18682571041552, 19.44799430505214], [-99.18792813355226, 19.44814951455028]]]}, "properties": {"nombre": "ANAHUAC LAGO NORTE", "cve_col": "  16-007"}}, {"type": "Feature", "geometry": {"type": "Polygon", "coordinates": [[[-99.18820167338072, 19.44621342600017], [-99.18830846326885, 19.44548884829541], [-99.18838622285675, 19.444961244906537], [-99.18847435249832, 19.44436326516407], [-99.18795541519518, 19.44429533667863], [-99.18739079080929, 19.44422142698133], [-99.18682949224011, 19.444147949498976], [-99.1863089707812, 19.444079809164492], [-99.18603030125507, 19.445930288520593], [-99.18657413906632, 19.44600120534939], [-99.18710845956049, 19.446070878706333], [-99.18769878572327, 19.446147854261454], [-99.18820167338072, 19.44621342600017]]]}, "properties": {"nombre": "ANAHUAC LAGO SUR", "cve_col": "  16-008"}}, {"type": "Feature", "geometry": {"type": "Polygon", "coordinates": [[[-99.22629897968059, 19.405552960754473], [-99.22644391323209, 19.405773864340343], [-99.2264509429926, 19.406110208658813], [-99.2264513395478, 19.406396731749336], [-99.22650410149106, 19.406552237397566], [-99.22659406737141, 19.406568217842416], [-99.22730483882047, 19.406694468691786], [-99.22739722795416, 19.406671432890096], [-99.22757903933473, 19.406626102299644], [-99.2277721646792, 19.40653417675612], [-99.22794342674399, 19.40640974621292], [-99.2281333279996, 19.406240928351902], [-99.22837605214346, 19.40595374387345], [-99.22861022454553, 19.40566463224458], [-99.22866739639642, 19.405594685361297], [-99.2305215106509, 19.40332622866112], [-99.23063547103963, 19.40319580517238], [-99.23093156561612, 19.40285693700321], [-99.2309824507602, 19.402798700590004], [-99.23139168627456, 19.402330342478123], [-99.23155430779794, 19.40214422597049], [-99.23191979766092, 19.40172592900746], [-99.23312924926144, 19.400341713338836], [-99.2338937456859, 19.399567967444376], [-99.23391921628668, 19.399542189401163], [-99.2339677570519, 19.399493060179424], [-99.2359614734956, 19.397475171200877], [-99.23710482933794, 19.396772718736816], [-99.23763060066305, 19.39644969222811], [-99.23814736108599, 19.39601721611932], [-99.23874901996552, 19.395369705371586], [-99.23902622563503, 19.39507137267947], [-99.23943468951913, 19.394631774737665], [-99.23957260754754, 19.39448334355092], [-99.23965487146373, 19.39422972351425], [-99.23945578530518, 19.3931207192572], [-99.23941857110216, 19.392913416083985], [-99.23937980067439, 19.392635654317086], [-99.23928412877592, 19.391950225311568], [-99.2392732628164, 19.391872375668086], [-99.23923138807902, 19.391572368236297], [-99.23918257821134, 19.391222673224362], [-99.2390991569364, 19.391021666397158], [-99.23911145865067, 19.392026781852994], [-99.23912124256327, 19.392283912752788], [-99.2390926454832, 19.392503476610454], [-99.23898310604254, 19.39274235550192], [-99.23889217903857, 19.392854982259273], [-99.23880125190989, 19.392967608971095], [-99.2384517972511, 19.393278148725628], [-99.2380761232936, 19.39345700531144], [-99.23764544937946, 19.393597516621654], [-99.23721461171594, 19.39362551984875], [-99.23656672144881, 19.393538553576644], [-99.23608089985414, 19.39353918497257], [-99.23571092346322, 19.39366040425258], [-99.23365237579809, 19.394507613632143], [-99.23290173373307, 19.394816536841777], [-99.23259856346169, 19.394895412433495], [-99.23239296090433, 19.39494890376362], [-99.23200481628412, 19.394930798994164], [-99.23159749329248, 19.394911798737127], [-99.23124772190866, 19.394895482546882], [-99.23090079567878, 19.394961781417454], [-99.23053713231923, 19.39510610759054], [-99.2298266543805, 19.395303285026106], [-99.22740035993326, 19.395824083734105], [-99.2270561019898, 19.39582339696702], [-99.22669658072165, 19.39581076959877], [-99.22586963843004, 19.39570335187549], [-99.22500461246811, 19.395680689001814], [-99.22365801771976, 19.395870034983478], [-99.22301559296258, 19.396043864702516], [-99.22243707675744, 19.396243437904584], [-99.2224666761089, 19.39645648540182], [-99.22247104949454, 19.39658403529975], [-99.2225551080629, 19.396615820332375], [-99.22307201238195, 19.39677064458728], [-99.2232359507106, 19.39685016539594], [-99.22333694763577, 19.39698158202048], [-99.22338329281239, 19.397081177837748], [-99.22340030710409, 19.397236614647518], [-99.22334185562994, 19.397499767770835], [-99.22330444079128, 19.397786812088643], [-99.22333824739455, 19.397934256516155], [-99.22341824724164, 19.39806968519305], [-99.22348994949674, 19.398280859716973], [-99.22352381175716, 19.39846816458408], [-99.22352430301348, 19.398511969287817], [-99.22352859524082, 19.398894670312433], [-99.22351985757567, 19.399296188413512], [-99.22248201298346, 19.400574984554936], [-99.22235444946628, 19.400687349693275], [-99.22097424929594, 19.40144757059711], [-99.21722651096057, 19.403970073982965], [-99.21760957643366, 19.40390229014623], [-99.2178412721977, 19.403834686989434], [-99.21805878248712, 19.403771588449555], [-99.21827634145487, 19.403744397245276], [-99.21847500232485, 19.403735181872587], [-99.21984621826456, 19.40330713087723], [-99.21998337273888, 19.403289011557664], [-99.22026241136274, 19.403252766877234], [-99.22036650794547, 19.40327508286953], [-99.22045174403146, 19.403342305112186], [-99.22053712535964, 19.40351724828059], [-99.2207466449586, 19.40454483487327], [-99.22067601104803, 19.404782805069992], [-99.22054849747677, 19.40493556530636], [-99.22034531701684, 19.405101881781235], [-99.22048497370419, 19.40508492032521], [-99.2207235873507, 19.404984724972042], [-99.22087010677922, 19.404894779218026], [-99.22121511204705, 19.404665451894143], [-99.22139948533295, 19.404584436322832], [-99.22168796301932, 19.404530223670367], [-99.22209005253313, 19.404538710370698], [-99.22244016435802, 19.40458765443171], [-99.22270026515092, 19.40453796369714], [-99.22285170332736, 19.40458715029198], [-99.22292748570143, 19.404658870830808], [-99.22297022999801, 19.404784493783602], [-99.22293258336367, 19.40492816781414], [-99.22285233905936, 19.405053941608074], [-99.2227389077797, 19.4051258950343], [-99.22254496408021, 19.40512613261872], [-99.22228013152765, 19.405175828923493], [-99.22203907261141, 19.40531526354554], [-99.22192510733649, 19.405411031132857], [-99.22175557384936, 19.40555349406554], [-99.22161742547873, 19.40573915179236], [-99.22168128024842, 19.405909206156977], [-99.22204329016583, 19.406154075392894], [-99.2222640011372, 19.405900266938712], [-99.22276889694731, 19.405476092636405], [-99.22326735339841, 19.405145355376394], [-99.22370032464485, 19.404933045358238], [-99.22417929731957, 19.40475804924858], [-99.22465181592565, 19.404664034370967], [-99.22519003027871, 19.40460730945526], [-99.22580056599166, 19.404631466716058], [-99.22634566374691, 19.404805194611683], [-99.22628703953256, 19.40513539226775], [-99.22629393109906, 19.405372076914638], [-99.22629897968059, 19.405552960754473]]]}, "properties": {"nombre": "LOMAS ALTAS", "cve_col": "  16-039"}}, {"type": "Feature", "geometry": {"type": "Polygon", "coordinates": [[[-99.20238733744327, 19.45085058293182], [-99.20246302019733, 19.45093154586335], [-99.20257650388363, 19.450953512393482], [-99.20268600770942, 19.450961334663848], [-99.20282010367787, 19.4508839004698], [-99.20298075977436, 19.45093181943242], [-99.20339535353791, 19.451055479096365], [-99.20387520538986, 19.451198601982707], [-99.20406473052682, 19.451255130702005], [-99.20456704929535, 19.451404951948863], [-99.2049042446249, 19.451505523140703], [-99.20524143941046, 19.451606092798123], [-99.20567369224082, 19.45173501399386], [-99.20607453525098, 19.451854564832786], [-99.20647537788753, 19.451974114779976], [-99.20688663347775, 19.452096769789797], [-99.2075295937941, 19.45228852658437], [-99.20870013757806, 19.452637624126186], [-99.20879947372238, 19.452667248485977], [-99.20928827316718, 19.452654946703465], [-99.2104051266892, 19.452907115211005], [-99.21073657715687, 19.452981949654415], [-99.21282270828222, 19.45369556647883], [-99.21420257259672, 19.453723288489307], [-99.21610504137915, 19.453490733291066], [-99.21613156190467, 19.45348749167951], [-99.21618052309006, 19.453481505834617], [-99.21628744438586, 19.4534684352964], [-99.21648536817497, 19.453409506231857], [-99.21576168177018, 19.452857793295955], [-99.21491114135652, 19.45220936172321], [-99.21313663084945, 19.45085648868891], [-99.21300165380903, 19.45075358167512], [-99.21180827842412, 19.449843736287946], [-99.21136469074227, 19.449750207240324], [-99.21037438439318, 19.449785220825397], [-99.21011218205092, 19.449729578163915], [-99.20943682957369, 19.44944440784978], [-99.20904076582804, 19.449270421517056], [-99.20873212126564, 19.449134835810682], [-99.208294293089, 19.448942499764506], [-99.20780350823959, 19.448726898314902], [-99.20614447246373, 19.447926199443767], [-99.2059780282364, 19.4477924246869], [-99.20576492499579, 19.447963782268125], [-99.20548949080737, 19.447633755026082], [-99.20525313160607, 19.447279691182125], [-99.20491903596633, 19.446975457395734], [-99.20467593116724, 19.446863849484444], [-99.20427734105012, 19.44667793177862], [-99.20398414983589, 19.447472195992994], [-99.2036280390243, 19.44843155229414], [-99.20308924065893, 19.448239268115834], [-99.20256217164203, 19.448051167909544], [-99.20203469208272, 19.447862920212962], [-99.20195650435353, 19.448061411777505], [-99.20165626886504, 19.449289374355818], [-99.20197343856385, 19.449344984345142], [-99.20186925817981, 19.44990916972492], [-99.2023230920213, 19.450022560809845], [-99.2026115440235, 19.450088128153197], [-99.20259893886347, 19.450464284864395], [-99.20248351124197, 19.450501614471992], [-99.20241766890668, 19.450607087891097], [-99.20234766073452, 19.450659898049683], [-99.20228853336049, 19.450705748249636], [-99.20145593911477, 19.450497745696033], [-99.2013852034898, 19.450480074282158], [-99.2007882264419, 19.45033093186738], [-99.1998198204473, 19.450088990962335], [-99.19973548638788, 19.450375057875522], [-99.19961011094932, 19.45080033915594], [-99.19947145865119, 19.45144530662909], [-99.19934564873277, 19.451902188535076], [-99.19921552927713, 19.452398343498945], [-99.19972117543487, 19.4525383239557], [-99.20082138613587, 19.45179335415103], [-99.20124313857764, 19.451507774883535], [-99.20224100775351, 19.45083208704256], [-99.20233427118623, 19.450847273066962], [-99.20238733744327, 19.45085058293182]]]}, "properties": {"nombre": "DEPORTIVA PENSIL", "cve_col": "  16-028"}}, {"type": "Feature", "geometry": {"type": "Polygon", "coordinates": [[[-99.21512718509511, 19.45662181179846], [-99.21502115815134, 19.456532210943777], [-99.21475760906789, 19.456505131536314], [-99.2119407666007, 19.455566837441836], [-99.21162661252167, 19.455485027353575], [-99.21127279499542, 19.455437503030684], [-99.21093598981786, 19.455428369896744], [-99.2106230984374, 19.455482771434166], [-99.21034342895776, 19.45554986459128], [-99.20994828723329, 19.455647907852544], [-99.21036468739561, 19.456197216239826], [-99.21037565082526, 19.456325234273248], [-99.21035431115601, 19.45652907563784], [-99.21032879062857, 19.456774176607905], [-99.21032908127967, 19.456999641453976], [-99.21032366470315, 19.45719163374937], [-99.21032741659403, 19.457400766180623], [-99.2103313799942, 19.45762171267621], [-99.21032488760304, 19.457754465638956], [-99.21027393041038, 19.458108321561134], [-99.21018878424113, 19.458529375133185], [-99.21017878968415, 19.458578800244986], [-99.21020461384427, 19.458654016632707], [-99.21026413914468, 19.458732370510194], [-99.21035208929688, 19.458813142278775], [-99.21045808363988, 19.458862033366092], [-99.21060285859447, 19.458930485526384], [-99.21076248089389, 19.45903391139068], [-99.21085977741993, 19.4591208588999], [-99.21098317792634, 19.45932950957761], [-99.21115924684524, 19.459620939092908], [-99.21136265305428, 19.459996187167796], [-99.21145825374366, 19.46021186738782], [-99.2114532217927, 19.460423241238505], [-99.2112671313151, 19.460989630489497], [-99.2112647879745, 19.461149628415154], [-99.21126307048905, 19.461266872503483], [-99.21149580697237, 19.46152577943019], [-99.21212800761155, 19.462106804020035], [-99.21265659439707, 19.462427067977465], [-99.21276123386647, 19.462263251128615], [-99.21378272278523, 19.460664044416887], [-99.2138958102355, 19.46043857793147], [-99.21394417380034, 19.460264398759932], [-99.21400306042031, 19.45988023814644], [-99.21411550175294, 19.459163135029847], [-99.21423412827289, 19.45868321352383], [-99.21427124856223, 19.458533041246593], [-99.21428493190771, 19.45850248752702], [-99.21431367223805, 19.458438313951817], [-99.21512718509511, 19.45662181179846]]]}, "properties": {"nombre": "TORRES TOREO", "cve_col": "  16-027"}}, {"type": "Feature", "geometry": {"type": "Polygon", "coordinates": [[[-99.16943016392825, 19.43616698225799], [-99.16953062558848, 19.43621985653036], [-99.17107970866192, 19.43415714652659], [-99.1713703312771, 19.433713090332418], [-99.17232937866876, 19.432258106982736], [-99.17302175272725, 19.430967440980893], [-99.17355274313095, 19.429977597923102], [-99.17377680920711, 19.42959853026181], [-99.17400087424886, 19.429219462316187], [-99.17477875158468, 19.428054469509068], [-99.17481310196685, 19.42800319533847], [-99.17484745328107, 19.42795192206405], [-99.17559650850782, 19.426877752303714], [-99.1756355988139, 19.42681712889241], [-99.17636843328145, 19.42568059297679], [-99.1767358775585, 19.425110726456055], [-99.17703083220313, 19.424601286829997], [-99.17758820037406, 19.423716318221437], [-99.17755516090675, 19.423708276662758], [-99.17752212144362, 19.42370023600172], [-99.17745604157246, 19.423684152855014], [-99.17651553125441, 19.42345524354331], [-99.17612593745035, 19.42349839865625], [-99.17594703790836, 19.423498572073335], [-99.17579845461105, 19.42353359337158], [-99.17542669805106, 19.42357421194468], [-99.17534205612806, 19.423428557421577], [-99.17532886561497, 19.423405859583823], [-99.17530124303613, 19.423358324182516], [-99.17523103433402, 19.42323750716464], [-99.17518447857485, 19.423212753905524], [-99.17513792283067, 19.423188001538026], [-99.17497946080391, 19.423192830154534], [-99.17492913074092, 19.423170419302746], [-99.17476411577671, 19.423244410588232], [-99.17414627708155, 19.423521443217627], [-99.17277540450452, 19.42416263866137], [-99.1722703872156, 19.424387011445866], [-99.17193490698482, 19.424551781778145], [-99.17188982118874, 19.424569647696703], [-99.17185608395113, 19.424585499309224], [-99.17178212318301, 19.42460241379285], [-99.17172294867716, 19.424610892464422], [-99.17168743628454, 19.424608118174], [-99.17165192294144, 19.424605344781206], [-99.17160607255187, 19.424620829136895], [-99.17156022215353, 19.424636313481017], [-99.1715143717464, 19.424651797813617], [-99.17146852037794, 19.42466728213558], [-99.17157711191449, 19.424944786273688], [-99.17155495472926, 19.42496233944459], [-99.17150573332755, 19.425016151164208], [-99.17148358225577, 19.42503954779704], [-99.17147374791362, 19.425059426349605], [-99.17145167775061, 19.42515996383949], [-99.1714504730624, 19.42518567862257], [-99.1714552700945, 19.425214670062708], [-99.1714576695633, 19.42522916532993], [-99.17146006808093, 19.42524366150172], [-99.17029410166008, 19.42576873218035], [-99.16983882556646, 19.425973754354754], [-99.16894385622915, 19.426376776029123], [-99.16815040333519, 19.426734078455794], [-99.1681203709885, 19.42675197830091], [-99.16809033863616, 19.42676987904481], [-99.16797945150017, 19.426658454952022], [-99.16773254041595, 19.426599046489823], [-99.16757255362388, 19.426598361878092], [-99.16750073194108, 19.426623665529423], [-99.16742891023492, 19.426648968248703], [-99.16734653067464, 19.42672123724132], [-99.1672946321852, 19.426815653683096], [-99.16725405221048, 19.426925072338978], [-99.16724897818598, 19.4270696691585], [-99.16727139395714, 19.427203513455364], [-99.16717342702295, 19.427235687670816], [-99.16674935230172, 19.427418492399266], [-99.16632298143064, 19.42760928896609], [-99.16585302217693, 19.427840152075152], [-99.1650068378287, 19.428223072465606], [-99.16435462120823, 19.42851912467207], [-99.16413417947834, 19.42861865775515], [-99.16391373843082, 19.428718190570553], [-99.16378176723146, 19.428679797491426], [-99.16373101450816, 19.428670214997343], [-99.16364982501895, 19.428670288195473], [-99.16343689555488, 19.42886304177502], [-99.16344771329233, 19.429108950548667], [-99.16263994840314, 19.429402444382973], [-99.1615792500171, 19.429968358699078], [-99.16049872547019, 19.430465338396353], [-99.16021723255048, 19.43059480773301], [-99.15990911902303, 19.4307496847705], [-99.15978399030892, 19.430938026065355], [-99.1597108637005, 19.431078739591907], [-99.15963773696686, 19.4312194530877], [-99.15935838851722, 19.431774038795886], [-99.15905375349661, 19.43237881911727], [-99.15998069508804, 19.43269932879813], [-99.16091723982525, 19.433089580876047], [-99.16198500425298, 19.43355936788909], [-99.16253760098719, 19.433780920479524], [-99.16368640752606, 19.4342152657415], [-99.16479324967372, 19.43454285969351], [-99.16591862792313, 19.434848352869523], [-99.16768922246791, 19.435471765661774], [-99.1680383172212, 19.43559467623353], [-99.16813578965713, 19.435628994302643], [-99.1686613408286, 19.435814031011553], [-99.16874260661301, 19.435848430686818], [-99.16916192684882, 19.436025807109523], [-99.16943016392825, 19.43616698225799]]]}, "properties": {"nombre": "CUAUHTEMOC", "cve_col": "  15-009"}}, {"type": "Feature", "geometry": {"type": "Polygon", "coordinates": [[[-99.14701590831974, 19.421908615342666], [-99.14696941773485, 19.421903558674455], [-99.14717622200587, 19.420547520295152], [-99.14741852682316, 19.419237268832404], [-99.14585080033129, 19.419095892313997], [-99.14573898545689, 19.419696905860683], [-99.14558616796774, 19.420518310125566], [-99.1442359959346, 19.420386229827844], [-99.14425264515273, 19.42028783078241], [-99.14447882240255, 19.418951073356897], [-99.14345640900265, 19.418886013015253], [-99.143399567976, 19.419366074189416], [-99.14330545865133, 19.42032192533103], [-99.14324270507875, 19.4209137501927], [-99.1431858727136, 19.421531329198118], [-99.14315148672038, 19.42187920360926], [-99.14311709963428, 19.42222707890598], [-99.1431048165838, 19.42229566051045], [-99.14309442322914, 19.422385838743068], [-99.14305662090561, 19.422643223127825], [-99.14302130565154, 19.422844083883962], [-99.14286871107444, 19.423438075836913], [-99.14261136760246, 19.424441537164935], [-99.14258597130791, 19.42453966544775], [-99.14256069741344, 19.424652567719207], [-99.14252492378795, 19.424804137755924], [-99.14236903369732, 19.425393909566957], [-99.142213077788, 19.42598375808031], [-99.14209910217164, 19.42642973047918], [-99.14208263900593, 19.426515317928903], [-99.14207440694005, 19.426558111201476], [-99.14206617486994, 19.42660090447347], [-99.14259532825513, 19.426741824049714], [-99.14298521687994, 19.426783130335423], [-99.14436992767791, 19.42691831897531], [-99.14573686581384, 19.427070754364177], [-99.14607741537607, 19.427108729028888], [-99.14616348914191, 19.427114195975932], [-99.14739379187041, 19.42719232790861], [-99.1478102731517, 19.427211806210785], [-99.14822675452528, 19.42723128355696], [-99.14887920224963, 19.42709616174173], [-99.14901189814304, 19.427063218786113], [-99.15074111123539, 19.42658238659924], [-99.15094649276779, 19.42652939782516], [-99.15117650327707, 19.42647067226061], [-99.15332372026414, 19.425922441430536], [-99.15344390878833, 19.425879133761725], [-99.15356409629572, 19.425835826014396], [-99.15366823930452, 19.42576984286916], [-99.15368239577249, 19.425694273227677], [-99.15369655222763, 19.425618703584565], [-99.15371612808838, 19.42528211574892], [-99.1537357048263, 19.424945527898444], [-99.1537748561718, 19.424272353060804], [-99.15379189843947, 19.42409322680836], [-99.15380893971872, 19.42391410055188], [-99.15384302312215, 19.423555848023494], [-99.1539541383864, 19.42258181735073], [-99.15389676647716, 19.42257475728095], [-99.15383939457273, 19.422567697193017], [-99.15302358572796, 19.422467307556868], [-99.15179595379274, 19.42237282045093], [-99.15163031341714, 19.423230074596045], [-99.1514652776793, 19.42411050131466], [-99.15138562366138, 19.424104007599517], [-99.14951314963659, 19.42395134104591], [-99.14990329981909, 19.42224534879411], [-99.14827713838343, 19.42203915423876], [-99.14706239795487, 19.421913671999704], [-99.14701590831974, 19.421908615342666]]]}, "properties": {"nombre": "DOCTORES I", "cve_col": "  15-045"}}, {"type": "Feature", "geometry": {"type": "Polygon", "coordinates": []}, "properties": {"nombre": "MAZA", "cve_col": "  15-018"}}, {"type": "Feature", "geometry": {"type": "Polygon", "coordinates": [[[-99.20473121913582, 19.40479968339545], [-99.20451474448426, 19.403959994045], [-99.20435518105269, 19.403099864995053], [-99.20444890504817, 19.403089139931694], [-99.20449703097196, 19.403036184478193], [-99.20448861147689, 19.402442415377752], [-99.20447963128362, 19.40180916495215], [-99.2046951247527, 19.401788472932928], [-99.20455780672678, 19.4012578321398], [-99.20377977804412, 19.40134074432143], [-99.20306665860669, 19.40141952205072], [-99.20246685840877, 19.401485778931427], [-99.20223453072408, 19.401511674417954], [-99.20189414875374, 19.401553071951756], [-99.20151362869277, 19.40165253247378], [-99.20142040050266, 19.401679451120494], [-99.20100526088085, 19.40181825644403], [-99.20054225816553, 19.401998135505043], [-99.20070542757537, 19.40259832498592], [-99.20075804479823, 19.40304030929389], [-99.20076089831507, 19.403173868496264], [-99.20077519327785, 19.403842949543606], [-99.20077620352353, 19.404266552996425], [-99.2007768910747, 19.404555227119136], [-99.20064551414697, 19.40520524310976], [-99.20063097565945, 19.40527717573494], [-99.20065843466723, 19.40590396046312], [-99.20067877158536, 19.406163528282455], [-99.20072820372751, 19.406580426743464], [-99.20079402893401, 19.407118477488517], [-99.20131050491217, 19.406835443506225], [-99.20170366461397, 19.40661998719209], [-99.20233911600525, 19.406271747359234], [-99.20235730119829, 19.40626178162721], [-99.20238245169828, 19.406247998035905], [-99.2029005411665, 19.405964073008374], [-99.20473121913582, 19.40479968339545]]]}, "properties": {"nombre": "AMERICA", "cve_col": "  16-003"}}, {"type": "Feature", "geometry": {"type": "Polygon", "coordinates": [[[-99.2036280390243, 19.44843155229414], [-99.20398414983589, 19.447472195992994], [-99.20427734105012, 19.44667793177862], [-99.20376424003645, 19.446461453308387], [-99.20323999988226, 19.446228290523916], [-99.20271133061587, 19.446004595817193], [-99.20221685800338, 19.445762963261437], [-99.2021926234844, 19.44582893202641], [-99.20185525047333, 19.44674729946032], [-99.20176272817127, 19.446999151704805], [-99.20150289342641, 19.4477064415276], [-99.20203469208272, 19.447862920212962], [-99.20256217164203, 19.448051167909544], [-99.20308924065893, 19.448239268115834], [-99.2036280390243, 19.44843155229414]]]}, "properties": {"nombre": "FRANCISCO I MADERO", "cve_col": "  16-030"}}, {"type": "Feature", "geometry": {"type": "Polygon", "coordinates": [[[-99.2318320781568, 19.41276663474832], [-99.23173564423966, 19.412736141474287], [-99.23170267890553, 19.412733613331927], [-99.23159779683107, 19.412725568371474], [-99.2314769772641, 19.412740054471417], [-99.23134853158949, 19.412782486061374], [-99.2313354352987, 19.41278681258797], [-99.23106903237559, 19.41294866301398], [-99.23083362978547, 19.41309378824495], [-99.23072043055426, 19.41333501347077], [-99.23074471541531, 19.413352688353363], [-99.23095719920899, 19.413478399937205], [-99.23107883820386, 19.413612682060485], [-99.23113292438065, 19.41368943415544], [-99.23118027221054, 19.413772595871077], [-99.23124797010676, 19.41393255346846], [-99.23127519433784, 19.41409896362782], [-99.23130428710837, 19.41435135512731], [-99.23048383247972, 19.4142025137583], [-99.22967474069473, 19.414055730153173], [-99.22947706524627, 19.414763409983802], [-99.22910680389755, 19.41587611329382], [-99.22909250370263, 19.415906540668583], [-99.22868974465545, 19.41676348734614], [-99.22822604477629, 19.41753822579224], [-99.22743742130014, 19.41862205170083], [-99.22680018538772, 19.41927493706536], [-99.22621493106418, 19.41984351142443], [-99.22572292066543, 19.420216771384474], [-99.22488385763066, 19.42084358798836], [-99.22470773772059, 19.42097515649738], [-99.22462668138456, 19.420969341002777], [-99.22454555910886, 19.420916206686147], [-99.22450808719964, 19.4208689323351], [-99.22449551200077, 19.420792052007556], [-99.22393502859806, 19.421248202498983], [-99.2236424500617, 19.421573891066803], [-99.22357728469557, 19.421669787485172], [-99.2231757959176, 19.422260610346658], [-99.22297070819761, 19.422739981109135], [-99.2227243502144, 19.423470382885217], [-99.22240263269364, 19.42442419881967], [-99.22221624401561, 19.424976793279924], [-99.22199882078925, 19.425559691098414], [-99.2218184478714, 19.425879324603226], [-99.22130477431443, 19.426445107055212], [-99.22086188701532, 19.426744109295242], [-99.22075704517718, 19.42679331879726], [-99.22051414623853, 19.426907329197853], [-99.22004721590565, 19.427052604939835], [-99.21940875460416, 19.42724782946986], [-99.2193285393665, 19.427288199819174], [-99.2191852339921, 19.427360321735627], [-99.21929108066192, 19.427549620238924], [-99.21940920847874, 19.427512105041775], [-99.21948819456256, 19.42766149953456], [-99.21964607507803, 19.42789177289224], [-99.21987606754392, 19.42804098446641], [-99.22017088328332, 19.428032505462973], [-99.22036126343484, 19.427946430028573], [-99.22205112448833, 19.427100350809436], [-99.22233434125084, 19.427002552364407], [-99.2224248906365, 19.42710891156867], [-99.22253411968892, 19.427197504171545], [-99.22259660424807, 19.427297982825014], [-99.22264040837673, 19.427416229830108], [-99.22271252353984, 19.427720766797854], [-99.22277990959581, 19.427947857920344], [-99.22300378089328, 19.428702305826192], [-99.22302755011086, 19.428678896464174], [-99.22455797237514, 19.427171604286176], [-99.22458528943507, 19.427144700161644], [-99.22472237236883, 19.42708538020267], [-99.2250214780776, 19.4269667090699], [-99.22540786997057, 19.426847929110345], [-99.22563207656866, 19.426670199590202], [-99.22586839207428, 19.426232192098098], [-99.22614183609747, 19.425593027566787], [-99.22637793569969, 19.425001228902104], [-99.22658943921064, 19.424657891756908], [-99.22680122089491, 19.424515666327455], [-99.22716266688332, 19.424396913818686], [-99.22749917451654, 19.42427819183761], [-99.22768601615562, 19.424135996624234], [-99.2279597960855, 19.42374526004516], [-99.22832116514944, 19.42357326983289], [-99.22910531948072, 19.42256672426582], [-99.2298153975031, 19.422092624165813], [-99.23056247803073, 19.42133455129547], [-99.23205654275564, 19.419765160938475], [-99.23291497099764, 19.418770180049318], [-99.23294038136919, 19.4187407268109], [-99.23316349742576, 19.41781177811361], [-99.23331886749929, 19.41754304497627], [-99.23334749034868, 19.4174988433353], [-99.23337148273866, 19.417461791557933], [-99.23354447398516, 19.417194645112392], [-99.2337363468796, 19.416732660739452], [-99.233690282751, 19.416668148189025], [-99.23361281489942, 19.416592626209876], [-99.23352589663622, 19.41646596117985], [-99.23350469063341, 19.41639036681631], [-99.23348319566581, 19.416112373499324], [-99.2334759346884, 19.415952243341344], [-99.23345696175525, 19.41579880040947], [-99.23339569462648, 19.415576462363276], [-99.23329686617991, 19.415316361713433], [-99.23324279131553, 19.41520522275702], [-99.23321686157226, 19.415105168854062], [-99.23320264791171, 19.415000651787846], [-99.23320959139568, 19.414938365594626], [-99.23323747091543, 19.41476262097], [-99.23337696159199, 19.41394839806306], [-99.2333977672719, 19.413743747900554], [-99.23339991138421, 19.41360362215152], [-99.23336457472303, 19.413481338833417], [-99.23324000311916, 19.41325018573113], [-99.23313667115988, 19.41311909249675], [-99.23301678838644, 19.412977586053167], [-99.23289266373855, 19.41307709679331], [-99.23286819994581, 19.413125209778766], [-99.23287162608042, 19.41319279837389], [-99.23296183835599, 19.41326309351276], [-99.23306260173639, 19.41329816967586], [-99.23311299693412, 19.41339032985292], [-99.23307336738597, 19.41347839237565], [-99.23302191552004, 19.41353573627527], [-99.23290390948483, 19.413529722399712], [-99.232808389325, 19.41345440482393], [-99.23271263310565, 19.413213119850305], [-99.2318320781568, 19.41276663474832]]]}, "properties": {"nombre": "LOMAS DE BARRILACO (LOMAS DE CHAPULTEPEC)", "cve_col": "  16-040"}}, {"type": "Feature", "geometry": {"type": "Polygon", "coordinates": [[[-99.20731963148899, 19.435556377205547], [-99.20743067349864, 19.43529212159628], [-99.20717940871252, 19.43526732579268], [-99.20712704912778, 19.435398189232988], [-99.20708182696251, 19.435513641492488], [-99.20601956088673, 19.435322736388642], [-99.20479582406021, 19.435127604371647], [-99.20405215980195, 19.434965341019296], [-99.20329672374002, 19.434829210757865], [-99.20160767479463, 19.43452489849392], [-99.20157551978816, 19.434714459942228], [-99.20139410689356, 19.435824421160195], [-99.20099249641356, 19.43823748193165], [-99.20610374776291, 19.438449865062204], [-99.2069498725785, 19.436442068907475], [-99.20701386601222, 19.436288592910238], [-99.20731963148899, 19.435556377205547]]]}, "properties": {"nombre": "MORALES SECCION PALMAS (POLANCO)", "cve_col": "  16-055"}}, {"type": "Feature", "geometry": {"type": "Polygon", "coordinates": [[[-99.1986819362706, 19.453244624262734], [-99.19869942506988, 19.453105046387545], [-99.19878376768311, 19.453008756622406], [-99.19890442893742, 19.452959371614067], [-99.19904917254362, 19.452969726694263], [-99.19972117543487, 19.4525383239557], [-99.19921552927713, 19.452398343498945], [-99.19934564873277, 19.451902188535076], [-99.19947145865119, 19.45144530662909], [-99.19961011094932, 19.45080033915594], [-99.19973548638788, 19.450375057875522], [-99.19875814236028, 19.450092402224726], [-99.19842642304592, 19.449996464995582], [-99.19807384780043, 19.44989449500654], [-99.19827643094087, 19.449080383409783], [-99.19863556529741, 19.447585600686047], [-99.19841308559477, 19.447550676782093], [-99.19785108137079, 19.44746245487967], [-99.19709435636098, 19.447366289521536], [-99.19687863041987, 19.44733887444179], [-99.19656479200631, 19.447298990168797], [-99.19586214563695, 19.447209692590086], [-99.19543234969652, 19.44715506892225], [-99.19530322057142, 19.447604397678866], [-99.19494790456059, 19.44884076830177], [-99.19493335538121, 19.448891394078117], [-99.19487799251696, 19.449084035441334], [-99.1947716781519, 19.449453967298613], [-99.19456338491433, 19.450179607912958], [-99.19433458452836, 19.450910743145144], [-99.19422343805412, 19.451265910305576], [-99.19420011191589, 19.451340447902222], [-99.19401666625942, 19.451922518807258], [-99.19449114266853, 19.45206444685597], [-99.19501464525823, 19.452221038027805], [-99.19553515698021, 19.452325675143236], [-99.19581226695055, 19.452381382419283], [-99.19636367094968, 19.452529005375656], [-99.19691434264826, 19.45269899360163], [-99.19745264071076, 19.452865160035707], [-99.1986819362706, 19.453244624262734]]]}, "properties": {"nombre": "PENSIL NORTE", "cve_col": "  16-060"}}, {"type": "Feature", "geometry": {"type": "Polygon", "coordinates": [[[-99.19341217016557, 19.453691005961648], [-99.19355599323738, 19.453169155842446], [-99.19401666625942, 19.451922518807258], [-99.19333768313595, 19.451730441488852], [-99.19324487181368, 19.45170418611135], [-99.19256767367497, 19.45144807271102], [-99.19230758586997, 19.451349707601526], [-99.19182141097326, 19.451269172266056], [-99.19119184545133, 19.45116488252124], [-99.19065575166505, 19.45107477204217], [-99.19050758157087, 19.451049866659336], [-99.18994962838524, 19.45088511438782], [-99.18977469203672, 19.45075850825562], [-99.18972720901962, 19.45072414335599], [-99.18922999226666, 19.45057854021378], [-99.1886723370622, 19.450415235951027], [-99.18855189436579, 19.450381121031842], [-99.18806080641251, 19.450242018694663], [-99.1875904540743, 19.45010878944887], [-99.18708208721978, 19.450032558783253], [-99.18654189595217, 19.44995155433731], [-99.18601975157654, 19.449873254489248], [-99.1854775888047, 19.449794382570637], [-99.18539126088626, 19.450517821370724], [-99.18534139841155, 19.450865519128087], [-99.18527781475434, 19.45130888787383], [-99.18524694144041, 19.451570218409834], [-99.1855584770085, 19.451951951358566], [-99.18624207079755, 19.452099675032294], [-99.18798145373724, 19.452475539000673], [-99.18850926302603, 19.452589590141205], [-99.18907791083905, 19.452731065742693], [-99.18917435872346, 19.452751644998692], [-99.18997082588518, 19.452953114774502], [-99.19007383201065, 19.452977315116502], [-99.19016762212092, 19.452997125753853], [-99.19124218555721, 19.453219144230644], [-99.19184209428803, 19.453349577173537], [-99.19195657541789, 19.453374467397254], [-99.19263204251297, 19.453521324174012], [-99.19268206491266, 19.453532199721998], [-99.19333455807072, 19.453674059016013], [-99.19341217016557, 19.453691005961648]]]}, "properties": {"nombre": "PENSIL SAN JUANICO", "cve_col": "  16-061"}}, {"type": "Feature", "geometry": {"type": "Polygon", "coordinates": [[[-99.18279463580832, 19.429728820037514], [-99.18263968150748, 19.4296941682039], [-99.18253841136995, 19.4296715206414], [-99.18214029013298, 19.429313785123572], [-99.18193107577362, 19.42909655558657], [-99.18182986750512, 19.42901351900032], [-99.18171505654436, 19.428821775410338], [-99.18166270554471, 19.428701891132718], [-99.1815866502794, 19.42852772132467], [-99.18149207030082, 19.428342352990846], [-99.18139079883636, 19.42820175900669], [-99.18124238323531, 19.42809958229451], [-99.18102657193289, 19.42801026396011], [-99.18077039323708, 19.427991333159497], [-99.18064232158386, 19.42799785627147], [-99.18038624177625, 19.42806845846602], [-99.18015040516906, 19.4281582271571], [-99.18002912406654, 19.428209509013914], [-99.17990226984257, 19.428260377888467], [-99.18003565111705, 19.428594256234305], [-99.18006332945978, 19.428663539811378], [-99.18037786673095, 19.429641703632527], [-99.18079645755041, 19.43060942821076], [-99.18103010985786, 19.430507341313334], [-99.18279463580832, 19.429728820037514]]]}, "properties": {"nombre": "RINCON DEL BOSQUE", "cve_col": "  16-071"}}, {"type": "Feature", "geometry": {"type": "Polygon", "coordinates": [[[-99.16565250058856, 19.443719213610205], [-99.1657042199199, 19.443745317385044], [-99.16576868457577, 19.443781279047847], [-99.16586062804035, 19.443834066368694], [-99.16621065001961, 19.444032676938022], [-99.16670708160098, 19.44431436073742], [-99.16682173947405, 19.44437942002011], [-99.16707346112217, 19.444522250270182], [-99.16712491544332, 19.4445514455108], [-99.16717978331332, 19.44436860367858], [-99.16792330336494, 19.444800197895162], [-99.16799617138172, 19.444842496008796], [-99.16858533205667, 19.44518448443992], [-99.16871576570782, 19.444786715722046], [-99.16891977026525, 19.44416458643308], [-99.16899386961411, 19.443938611395698], [-99.16908475471226, 19.443758542400357], [-99.16954598220777, 19.443236298525918], [-99.16970439525353, 19.44304904206282], [-99.16985681865349, 19.44286007128438], [-99.17010318733628, 19.44256009402975], [-99.17036951408244, 19.442208749125708], [-99.17058123230463, 19.441929444751334], [-99.17109639206373, 19.441983575265034], [-99.17117897965815, 19.44149336290022], [-99.17131632471909, 19.440800971427322], [-99.17169855239251, 19.440213332760763], [-99.17177934239898, 19.44009975152735], [-99.17181400565303, 19.440051018035234], [-99.17186514758994, 19.440109810045815], [-99.17217583479486, 19.440155712001097], [-99.17248652217, 19.440201613422882], [-99.17264240611183, 19.43910399417075], [-99.17274674271944, 19.438369317902403], [-99.17275629999244, 19.43819857580328], [-99.17024665096208, 19.436542490319145], [-99.16985082528191, 19.436360095051366], [-99.16970137295756, 19.43629463905623], [-99.16953062558848, 19.43621985653036], [-99.1687581535746, 19.437629955086287], [-99.16849411110893, 19.438144522372948], [-99.16818818246234, 19.438740712514868], [-99.16763030535482, 19.439916656840005], [-99.1673841448807, 19.440335797250054], [-99.1655845155569, 19.443424610808965], [-99.16559073035488, 19.443526596482712], [-99.16560078127277, 19.44369310891671], [-99.16565250058856, 19.443719213610205]]]}, "properties": {"nombre": "TLAXPANA", "cve_col": "  16-080"}}, {"type": "Feature", "geometry": {"type": "Polygon", "coordinates": [[[-99.1721383076384, 19.413521202462395], [-99.1720940895736, 19.413499966155474], [-99.17171723967671, 19.41331898133387], [-99.17166695221424, 19.413294809937995], [-99.17164053104328, 19.41328212491654], [-99.1715382828195, 19.41323303626728], [-99.17152707395988, 19.413227653420858], [-99.17151586605347, 19.41322227057283], [-99.17097002080773, 19.414337942449432], [-99.17088688615021, 19.41450786396092], [-99.17068434789591, 19.41481118618725], [-99.17001263842876, 19.415858736658418], [-99.17033913237668, 19.41619437592405], [-99.1704323438674, 19.416290198062466], [-99.17055651636132, 19.416269590473], [-99.17086312261038, 19.416221220591208], [-99.17100361511199, 19.41616855760324], [-99.17114410752139, 19.416115893603248], [-99.17153134461512, 19.415912710916025], [-99.17163788110267, 19.41585681072686], [-99.1716849119432, 19.415917432403354], [-99.17175103279719, 19.415951570449316], [-99.17182648195342, 19.415967921580847], [-99.17189824579214, 19.415974231271157], [-99.17248740083963, 19.41635272375023], [-99.17321168717505, 19.41690691137205], [-99.17364499508041, 19.41721451131118], [-99.17471651696407, 19.417949235520233], [-99.17483449205173, 19.418030128222103], [-99.17500907682984, 19.418241253504153], [-99.17554141274331, 19.418933582571057], [-99.17617065980893, 19.419673744116437], [-99.17649796154484, 19.420092139703158], [-99.1765183818803, 19.420130914915692], [-99.17653880127396, 19.420169691030303], [-99.17655724566899, 19.420249545117866], [-99.17656036313208, 19.420289071871302], [-99.17656192186374, 19.42030883479609], [-99.17656348059677, 19.42032859862451], [-99.17662426642829, 19.420273850675976], [-99.17678471851298, 19.420253394224467], [-99.17709490078086, 19.42019219190722], [-99.17712600940264, 19.42012084601477], [-99.17715711799848, 19.42004950102038], [-99.17751109562982, 19.41923768097988], [-99.17824794020721, 19.418018954606357], [-99.17881712603317, 19.41700853329216], [-99.17888769314943, 19.416883260976842], [-99.17911451889627, 19.416480595572448], [-99.17966147260684, 19.415509619306498], [-99.1798503399692, 19.415192503580286], [-99.17992000976783, 19.415075526119175], [-99.18024422558784, 19.414531151903766], [-99.18037658459721, 19.414308912225398], [-99.18040197023537, 19.414266289071936], [-99.18099844002529, 19.413264771431752], [-99.18117852231339, 19.412962397356992], [-99.18134804050476, 19.41267776019713], [-99.18139481108891, 19.41259922775496], [-99.18211859384684, 19.41138391161339], [-99.18207821107309, 19.411385234470433], [-99.18203782734716, 19.41138655822321], [-99.18190240723885, 19.411322184184275], [-99.18113740749199, 19.410973354340495], [-99.18110546525465, 19.410946766973616], [-99.1808850750638, 19.41076332346285], [-99.18114027948405, 19.41142773333661], [-99.18079629095999, 19.411424408632037], [-99.1803341925407, 19.4114199416504], [-99.17980066013044, 19.411414782356104], [-99.1793654606554, 19.411407603131757], [-99.17888756214703, 19.411340946508783], [-99.1786559928382, 19.411342483846525], [-99.17803401699568, 19.411362588591455], [-99.17792315622509, 19.411391866704136], [-99.17781739590389, 19.411393938549388], [-99.17749773083725, 19.411402766001732], [-99.1768806410945, 19.411431930001186], [-99.17586186910442, 19.411433226180232], [-99.17531443523424, 19.41139697541987], [-99.17497891914819, 19.411414146077583], [-99.1747746476546, 19.41144854595318], [-99.17416229228454, 19.41146637521012], [-99.17408215389278, 19.41146870860868], [-99.17327634619146, 19.412250594401623], [-99.17287404962192, 19.412699756484006], [-99.1721383076384, 19.413521202462395]]]}, "properties": {"nombre": "CONDESA", "cve_col": "  15-008"}}, {"type": "Feature", "geometry": {"type": "Polygon", "coordinates": [[[-99.123675888048, 19.456484741697423], [-99.1235471778655, 19.457027169220694], [-99.12353701017672, 19.457070019794934], [-99.12331175242558, 19.457872837170648], [-99.12313238538282, 19.458512093695884], [-99.12239470928296, 19.459638023079176], [-99.12227245009953, 19.459788712587333], [-99.12214129073372, 19.459950632230075], [-99.12227622253042, 19.45999647835898], [-99.12234861280027, 19.46001935875084], [-99.12277869594364, 19.46015660361189], [-99.12321554513801, 19.460296005455064], [-99.12366187646836, 19.460438432662546], [-99.12408761790667, 19.46058164825107], [-99.1245207653657, 19.4607215682016], [-99.12538067844339, 19.461010700554542], [-99.12624875282104, 19.461298169312006], [-99.12626770847069, 19.461250435103445], [-99.12628666411003, 19.461202701796434], [-99.12632457535426, 19.461107233368477], [-99.12638123008367, 19.460964564957408], [-99.12667414378234, 19.460229740741884], [-99.12679791005182, 19.459921834036667], [-99.12691639655172, 19.459611428529612], [-99.12711619059829, 19.459090964556232], [-99.12745157266065, 19.45821728037234], [-99.12766239181997, 19.457668086805004], [-99.12682371727625, 19.457406463152758], [-99.1259412588558, 19.4571311755327], [-99.1251837059328, 19.456890790427185], [-99.12508521923107, 19.456859538099703], [-99.1244764676871, 19.456697588886467], [-99.12422186490542, 19.456622365049586], [-99.12378742969908, 19.45649082445686], [-99.123675888048, 19.456484741697423]]]}, "properties": {"nombre": "VALLE GOMEZ", "cve_col": "  15-033"}}, {"type": "Feature", "geometry": {"type": "Polygon", "coordinates": [[[-99.14464424306789, 19.407194390107627], [-99.144606003198, 19.40719696452916], [-99.14463434936305, 19.40719810868196], [-99.14464379808454, 19.407198489763992], [-99.14464424306789, 19.407194390107627]]]}, "properties": {"nombre": "BUENOS AIRES", "cve_col": "  15-006"}}, {"type": "Feature", "geometry": {"type": "Polygon", "coordinates": [[[-99.1341726220259, 19.447795772393025], [-99.134017845457, 19.44802923879589], [-99.13399623069492, 19.44810121456973], [-99.13398762191113, 19.448175235799724], [-99.13398767422609, 19.44823897078875], [-99.13400941728759, 19.448323249441305], [-99.13402464639088, 19.44839314112292], [-99.134036593668, 19.448424999357], [-99.13404854095057, 19.44845685849388], [-99.13407461378696, 19.4485349660311], [-99.13411800212597, 19.44858427720323], [-99.13414405136201, 19.448633601187215], [-99.13417444581738, 19.448660827747396], [-99.13420484028286, 19.44868805430235], [-99.13423318971009, 19.448713449616285], [-99.1343375447272, 19.448778301207426], [-99.13443803426443, 19.448800958995953], [-99.13451359145652, 19.448824547977726], [-99.13459184064014, 19.448852317357787], [-99.13468963828532, 19.448870795480083], [-99.1347776481723, 19.448876914284668], [-99.13484934233155, 19.448861401024747], [-99.13493080061505, 19.448827330668333], [-99.13500573602568, 19.448790172592034], [-99.13508066467864, 19.44874373868322], [-99.13512952557583, 19.448706599970034], [-99.13518489201843, 19.44865399732044], [-99.13523699924147, 19.448601397083618], [-99.13526954430382, 19.448542627247352], [-99.13530859840694, 19.448471485108872], [-99.13533416622289, 19.44840856514888], [-99.13534228785625, 19.448390032780157], [-99.13535041044047, 19.44837150041034], [-99.13535688950016, 19.448334442956792], [-99.1353601090213, 19.448291211895977], [-99.1353535582751, 19.448241812989675], [-99.13535351987065, 19.448195497243482], [-99.1353469732986, 19.448152274372454], [-99.13533391534806, 19.44810596743534], [-99.13531759341203, 19.44805040068029], [-99.13530454059733, 19.448010269775903], [-99.1352849812339, 19.447976319762], [-99.13527642461172, 19.447952774231727], [-99.13526063744501, 19.44789983509661], [-99.13524165232472, 19.447854078418917], [-99.13521011809281, 19.447812654500904], [-99.13518588232198, 19.44778830458977], [-99.13515852900461, 19.447762398076744], [-99.1351385409093, 19.447744463231455], [-99.13512591926947, 19.44773599661998], [-99.13511329763095, 19.44772753000763], [-99.13539905295343, 19.447511923736332], [-99.13805243394312, 19.44512065055165], [-99.13808810885205, 19.44504284180048], [-99.1381090778357, 19.444977011332377], [-99.13814476956206, 19.444919146812254], [-99.13819726316315, 19.444839331619512], [-99.1382162956812, 19.444800978493937], [-99.1382353281896, 19.444762624462545], [-99.13828966263834, 19.44471361484277], [-99.13833584505592, 19.4446298153871], [-99.13837363759895, 19.444568957896614], [-99.13841142916122, 19.44450810039873], [-99.13876003904755, 19.443964547646992], [-99.13786274316396, 19.443885299175726], [-99.13696544812221, 19.443806047164717], [-99.13520848393726, 19.443650430746004], [-99.13395981952566, 19.443528964829337], [-99.13324614619137, 19.443459537651187], [-99.13272791760434, 19.443409121919352], [-99.13214860136793, 19.44335405978765], [-99.131569285511, 19.44329899670739], [-99.13079333092315, 19.44322524003715], [-99.12964923589809, 19.44317349427152], [-99.12875224767278, 19.443132919587317], [-99.1284971343404, 19.444887830557953], [-99.12944082607716, 19.445087388604353], [-99.12935020590376, 19.446021235735955], [-99.12942528282876, 19.446034000597557], [-99.13045786588695, 19.446209555659863], [-99.13031790750259, 19.447191450680993], [-99.13083218881113, 19.44726782826823], [-99.13260213743732, 19.44753067871475], [-99.13264116441624, 19.44754812546778], [-99.1326801914042, 19.44756557311603], [-99.13298164257857, 19.447603925983504], [-99.13335150349364, 19.447650981532504], [-99.13396558191991, 19.447729105966857], [-99.13402843518006, 19.44772700357254], [-99.13410645745033, 19.44772283397486], [-99.13413897320456, 19.447728977841294], [-99.13419536055535, 19.44777211148199], [-99.13418399129108, 19.447783941486], [-99.1341726220259, 19.447795772393025]]]}, "properties": {"nombre": "MORELOS III", "cve_col": "  15-058"}}, {"type": "Feature", "geometry": {"type": "Polygon", "coordinates": [[[-99.13863308539867, 19.415499848187807], [-99.13839642775949, 19.417358296129958], [-99.13623703176393, 19.417151713766827], [-99.13447374688178, 19.417064980384684], [-99.13437008705327, 19.4170598814561], [-99.13435451747135, 19.417161034321865], [-99.13429273025507, 19.417537567550145], [-99.13422479800015, 19.418011512430965], [-99.13410936779194, 19.418702684668077], [-99.13399093304471, 19.419362161738206], [-99.13397946627848, 19.419472322567188], [-99.13393404562149, 19.419975534954506], [-99.13385125614627, 19.420606031108267], [-99.13378898524412, 19.421173153706217], [-99.13375439998964, 19.421488128300158], [-99.13363736896267, 19.42227950259613], [-99.13366832016794, 19.422283141712246], [-99.13369927042274, 19.422286781727536], [-99.1337611718882, 19.422294060837796], [-99.1356931511515, 19.422521232079387], [-99.13576837487766, 19.422580973533126], [-99.13710234396385, 19.42255250446629], [-99.1377589458641, 19.42251887251694], [-99.13777987966273, 19.4223432945134], [-99.13844582186626, 19.422320526617103], [-99.13893002427737, 19.422303971141535], [-99.1398863222719, 19.422271269609723], [-99.14004018919829, 19.42226600793028], [-99.14003203632744, 19.422319349347653], [-99.14002388345139, 19.422372690764366], [-99.1409368936346, 19.42233064092474], [-99.14154394722954, 19.422302679312615], [-99.14203878279106, 19.42227988602138], [-99.14311709963428, 19.42222707890598], [-99.14315148672038, 19.42187920360926], [-99.1431858727136, 19.421531329198118], [-99.14319407131013, 19.42144223624893], [-99.14324270507875, 19.4209137501927], [-99.14330545865133, 19.42032192533103], [-99.143399567976, 19.419366074189416], [-99.14345640900265, 19.418886013015253], [-99.14351421677584, 19.41831834391923], [-99.14357456610324, 19.417757889008644], [-99.14360715380566, 19.41733936074365], [-99.14363983219866, 19.41702425651267], [-99.1436522583714, 19.41697399052305], [-99.14366468453662, 19.41692372453236], [-99.14083504661681, 19.416710058451613], [-99.14100127833403, 19.415777696033405], [-99.13863308539867, 19.415499848187807]]]}, "properties": {"nombre": "OBRERA I", "cve_col": "  15-062"}}, {"type": "Feature", "geometry": {"type": "Polygon", "coordinates": [[[-99.14403702040194, 19.41322375112838], [-99.14410998797682, 19.412603156352876], [-99.14417006124617, 19.41199124570068], [-99.14422810240268, 19.411436547870252], [-99.1442506457094, 19.41112866582651], [-99.14428088258376, 19.41088395261876], [-99.1443352433477, 19.410328989206675], [-99.14438388221664, 19.409864636052443], [-99.14438665476841, 19.40983430842053], [-99.14438942636752, 19.409803981692942], [-99.14444682897049, 19.409176063387996], [-99.14452046645391, 19.40848512161811], [-99.14458093812095, 19.40784773963527], [-99.14213938251999, 19.407926261963187], [-99.14207473290548, 19.4084721396537], [-99.13948059966562, 19.408453552490283], [-99.13938875527778, 19.409056046873225], [-99.13929710746785, 19.409658632299195], [-99.1392485363799, 19.410096435368217], [-99.13920016493324, 19.410534089136856], [-99.13912991483244, 19.411100603845604], [-99.13906002328248, 19.411667045018355], [-99.13899553984956, 19.41225520937257], [-99.1388599748349, 19.41341716196048], [-99.14131937162493, 19.413591144162314], [-99.14139489806601, 19.413065855371542], [-99.14403702040194, 19.41322375112838]]]}, "properties": {"nombre": "OBRERA III", "cve_col": "  15-064"}}, {"type": "Feature", "geometry": {"type": "Polygon", "coordinates": [[[-99.13839642775949, 19.417358296129958], [-99.13850938981408, 19.41647122609068], [-99.13863308539867, 19.415499848187807], [-99.1391466368142, 19.415560103677215], [-99.14100127833403, 19.415777696033405], [-99.14091816318373, 19.416243876819745], [-99.14083504661681, 19.416710058451613], [-99.14366468453662, 19.41692372453236], [-99.14403702040194, 19.41322375112838], [-99.14139489806601, 19.413065855371542], [-99.14131937162493, 19.413591144162314], [-99.1388599748349, 19.41341716196048], [-99.13880006204766, 19.41388975239122], [-99.13874020139522, 19.414362442149535], [-99.13670231187855, 19.41423548624327], [-99.1367844216333, 19.413748650615354], [-99.13595507084307, 19.413708933523477], [-99.13582349348376, 19.413702631752095], [-99.13511327353373, 19.413142689499608], [-99.13505359239913, 19.413105988376707], [-99.13499391129123, 19.413069287233874], [-99.13437008705327, 19.4170598814561], [-99.13447374688178, 19.417064980384684], [-99.13623703176393, 19.417151713766827], [-99.13839642775949, 19.417358296129958]]]}, "properties": {"nombre": "OBRERA II", "cve_col": "  15-063"}}, {"type": "Feature", "geometry": {"type": "Polygon", "coordinates": [[[-99.19050758157087, 19.451049866659336], [-99.1909282317556, 19.449494476933804], [-99.19093900993336, 19.449434423312315], [-99.19112503001763, 19.44839795924267], [-99.19067257025588, 19.44831934447354], [-99.19013019350385, 19.448225104423866], [-99.18999484326886, 19.448203971746885], [-99.18995902999798, 19.4483328942568], [-99.18937378581016, 19.448290138406655], [-99.18899625286456, 19.448262555649265], [-99.18873214279705, 19.44823460561497], [-99.18862578990179, 19.44822335013718], [-99.18848999513042, 19.44820897843554], [-99.1882435503575, 19.448182897204973], [-99.18792813355226, 19.44814951455028], [-99.187826323281, 19.448740242964003], [-99.1875904540743, 19.45010878944887], [-99.18806080641251, 19.450242018694663], [-99.18855189436579, 19.450381121031842], [-99.1886723370622, 19.450415235951027], [-99.18922999226666, 19.45057854021378], [-99.18972720901962, 19.45072414335599], [-99.18977469203672, 19.45075850825562], [-99.18994962838524, 19.45088511438782], [-99.19050758157087, 19.451049866659336]]]}, "properties": {"nombre": "AHUEHUETES ANAHUAC", "cve_col": "  16-002"}}, {"type": "Feature", "geometry": {"type": "Polygon", "coordinates": [[[-99.13328920648499, 19.46502228697553], [-99.1333203231404, 19.46492469387422], [-99.13333719229065, 19.464808049966877], [-99.13335786487325, 19.464715756728207], [-99.13355261678791, 19.463823196204338], [-99.1337066186109, 19.4631173922882], [-99.13383849339812, 19.462509974567162], [-99.13391498684557, 19.462157645799444], [-99.13412335266389, 19.4611978989843], [-99.13427914203298, 19.46055607383408], [-99.13434647230338, 19.46023903017139], [-99.13442524256041, 19.459868110781073], [-99.13453674141124, 19.459343075342932], [-99.13363948462205, 19.45900075400801], [-99.1328284458474, 19.45869132197763], [-99.13221440113888, 19.458457044454494], [-99.13116502614716, 19.458083310678315], [-99.13020258410627, 19.457740532250064], [-99.12921148590654, 19.457387539875434], [-99.12906994131461, 19.45734170360008], [-99.1281598793102, 19.457046999248384], [-99.1281096271095, 19.457030725290096], [-99.12805937491947, 19.457014452221518], [-99.1279588705685, 19.456981905138605], [-99.12781624656516, 19.45728185246999], [-99.12766239181997, 19.457668086805004], [-99.12745157266065, 19.45821728037234], [-99.12711619059829, 19.459090964556232], [-99.12691639655172, 19.459611428529612], [-99.12679791005182, 19.459921834036667], [-99.12667414378234, 19.460229740741884], [-99.12638123008367, 19.460964564957408], [-99.12632457535426, 19.461107233368477], [-99.12628666411003, 19.461202701796434], [-99.12626770847069, 19.461250435103445], [-99.12624875282104, 19.461298169312006], [-99.12634936576394, 19.461331368823306], [-99.12645010163084, 19.46136453656247], [-99.12737802161355, 19.461677490972587], [-99.127449815331, 19.46170446359305], [-99.12748570747355, 19.46171799960058], [-99.12750365354704, 19.461724767601623], [-99.1275216005748, 19.46173153560022], [-99.1278023642753, 19.46188043655451], [-99.12805406133445, 19.462008974168157], [-99.12841483086368, 19.462220811526926], [-99.12877245003064, 19.462429663597252], [-99.12914583187218, 19.462656426323257], [-99.12949872688922, 19.462863786455586], [-99.13043700615968, 19.463401456850324], [-99.13098278416906, 19.46372901286191], [-99.13136492905318, 19.463963956853412], [-99.13219274520048, 19.464455521522126], [-99.13231720922505, 19.464531604449665], [-99.13244167241335, 19.464607688194832], [-99.13269847371329, 19.464758354906433], [-99.13278648865538, 19.46480704438993], [-99.13283868624778, 19.46483591979269], [-99.13294266329089, 19.464892599950026], [-99.13296608387915, 19.464901869408074], [-99.13302930032344, 19.46492688953309], [-99.13310334049227, 19.464961188324168], [-99.13319155012466, 19.464992488973298], [-99.13328920648499, 19.46502228697553]]]}, "properties": {"nombre": "PERALVILLO II", "cve_col": "  15-067"}}, {"type": "Feature", "geometry": {"type": "Polygon", "coordinates": [[[-99.13874020139522, 19.414362442149535], [-99.13880006204766, 19.41388975239122], [-99.1388599748349, 19.41341716196048], [-99.13899553984956, 19.41225520937257], [-99.13906002328248, 19.411667045018355], [-99.13912991483244, 19.411100603845604], [-99.13916503946575, 19.410817346499016], [-99.13920016493324, 19.410534089136856], [-99.1392485363799, 19.410096435368217], [-99.13929710746785, 19.409658632299195], [-99.13938875527778, 19.409056046873225], [-99.13948059966562, 19.408453552490283], [-99.14131680559183, 19.408466712732587], [-99.14207473290548, 19.4084721396537], [-99.14213938251999, 19.407926261963187], [-99.14458093812095, 19.40784773963527], [-99.14464379808454, 19.407198489763992], [-99.1446249006416, 19.40719772759944], [-99.14456820926536, 19.407195440189426], [-99.14449261949551, 19.407192389680425], [-99.14376973783226, 19.40721270128692], [-99.14301482228902, 19.407270460343774], [-99.14223412893732, 19.407318466259667], [-99.14212842371187, 19.407330085027493], [-99.14133120646882, 19.407417714832576], [-99.14046729729878, 19.40749448472951], [-99.14000680169643, 19.40751423224796], [-99.13954630692729, 19.40753397859943], [-99.13862361154818, 19.407625617731437], [-99.13766747336963, 19.40768232590272], [-99.13686569854823, 19.407746481563045], [-99.13659360747691, 19.407766510425816], [-99.13632151633624, 19.407786538881506], [-99.13588723429254, 19.408045207894126], [-99.13583284410267, 19.408077604674048], [-99.13577845293798, 19.408110000534684], [-99.13574671690611, 19.40834309528248], [-99.13572676665292, 19.408466034143053], [-99.13564314492015, 19.408984120659607], [-99.13556288813861, 19.409480835992778], [-99.13549468276598, 19.409901927505818], [-99.13548695885429, 19.409949866904793], [-99.13543384272486, 19.41027951262532], [-99.13534715225423, 19.410814941896984], [-99.1352607710196, 19.41135065554229], [-99.13519425839138, 19.411780723218822], [-99.13512764728704, 19.412210757487923], [-99.13506643255805, 19.412607232356805], [-99.13499391129123, 19.413069287233874], [-99.13505359239913, 19.413105988376707], [-99.13511327353373, 19.413142689499608], [-99.13582349348376, 19.413702631752095], [-99.13595507084307, 19.413708933523477], [-99.1367844216333, 19.413748650615354], [-99.13670231187855, 19.41423548624327], [-99.13874020139522, 19.414362442149535]]]}, "properties": {"nombre": "OBRERA IV", "cve_col": "  15-065"}}, {"type": "Feature", "geometry": {"type": "Polygon", "coordinates": [[[-99.16502414043414, 19.446689255988737], [-99.16531832416135, 19.44516938193605], [-99.16560078127277, 19.44369310891671], [-99.16559575628743, 19.443609852699755], [-99.16559073035488, 19.443526596482712], [-99.1655845155569, 19.443424610808965], [-99.16553233507386, 19.443392690160916], [-99.16511224076892, 19.443135538373536], [-99.16495434361815, 19.443039112062642], [-99.16478147150302, 19.442999130325262], [-99.16371444120131, 19.442752574867622], [-99.16263333208643, 19.44251394685156], [-99.16259146985169, 19.442503118012375], [-99.16254960762154, 19.44249228825976], [-99.16154038308932, 19.442116925711918], [-99.16053116411173, 19.441741557501246], [-99.15959831179548, 19.44135151504141], [-99.15892117268871, 19.441067342793737], [-99.15864810187726, 19.440952743921663], [-99.15851782762498, 19.44089807140426], [-99.15781674406931, 19.44060361528373], [-99.15779038082168, 19.44059225311326], [-99.15672477595012, 19.440120319998552], [-99.15583007525956, 19.439724137556503], [-99.15564801735508, 19.439776758510423], [-99.15475001539166, 19.441914919820995], [-99.15455285327587, 19.4427185639661], [-99.15437192837895, 19.443497947154274], [-99.15330794605246, 19.44594892516262], [-99.15324540744244, 19.446353191197122], [-99.15555896503875, 19.446736721988017], [-99.15612364385747, 19.44682890908776], [-99.1566448567133, 19.446913997980225], [-99.15734051121201, 19.447027563169296], [-99.15803648428727, 19.447140537083058], [-99.15911110743133, 19.44732305057825], [-99.15968162193477, 19.447397034957906], [-99.16025213598962, 19.44747101844366], [-99.16134157225304, 19.447679445127665], [-99.1624821313421, 19.447867212805548], [-99.16311161878862, 19.44798091355886], [-99.1646431077456, 19.448258647176676], [-99.16486525949242, 19.447343656019488], [-99.16502414043414, 19.446689255988737]]]}, "properties": {"nombre": "SANTA MARIA LA RIBERA IV", "cve_col": "  15-078"}}, {"type": "Feature", "geometry": {"type": "Polygon", "coordinates": [[[-99.1655845155569, 19.443424610808965], [-99.1659987266228, 19.442713686370823], [-99.1673841448807, 19.440335797250054], [-99.16763030535482, 19.439916656840005], [-99.16818818246234, 19.438740712514868], [-99.16849411110893, 19.438144522372948], [-99.1687581535746, 19.437629955086287], [-99.16953062558848, 19.43621985653036], [-99.16943016392825, 19.43616698225799], [-99.16916192684882, 19.436025807109523], [-99.16874260661301, 19.435848430686818], [-99.1686613408286, 19.435814031011553], [-99.16813578965713, 19.435628994302643], [-99.1680383172212, 19.43559467623353], [-99.16768922246791, 19.435471765661774], [-99.16591862792313, 19.434848352869523], [-99.16479324967372, 19.43454285969351], [-99.16368640752606, 19.4342152657415], [-99.16253760098719, 19.433780920479524], [-99.1623047346609, 19.434980174892505], [-99.16207364371196, 19.43600102517747], [-99.16206315554557, 19.436047353950517], [-99.16205266832593, 19.43609368272191], [-99.16177799532657, 19.437307039060848], [-99.1611558943582, 19.43968476878522], [-99.16079870271224, 19.44086075077148], [-99.16053116411173, 19.441741557501246], [-99.16154038308932, 19.442116925711918], [-99.16254960762154, 19.44249228825976], [-99.16259146985169, 19.442503118012375], [-99.16263333208643, 19.44251394685156], [-99.16371444120131, 19.442752574867622], [-99.16478147150302, 19.442999130325262], [-99.16495434361815, 19.443039112062642], [-99.16511224076892, 19.443135538373536], [-99.16553233507386, 19.443392690160916], [-99.1655845155569, 19.443424610808965]]]}, "properties": {"nombre": "SAN RAFAEL II", "cve_col": "  15-074"}}, {"type": "Feature", "geometry": {"type": "Polygon", "coordinates": [[[-99.21077118125984, 19.446238098917398], [-99.21076213661658, 19.446299447599902], [-99.21063012299683, 19.44720669517657], [-99.21222951645163, 19.447540687729617], [-99.21236304372243, 19.447568571179303], [-99.21269114093104, 19.44769731116828], [-99.21281131424472, 19.447700130819864], [-99.21316758030903, 19.44770849036755], [-99.21505969671088, 19.446790648315375], [-99.2151677622866, 19.446629114960093], [-99.21526013063827, 19.446294455623914], [-99.21503049775113, 19.445760622402457], [-99.21454605526307, 19.444689909370435], [-99.21256875464775, 19.444590853830295], [-99.21141685726492, 19.44453931222734], [-99.21139442661267, 19.444431177543013], [-99.21136268615469, 19.44435075452468], [-99.21131697444596, 19.444233253681656], [-99.21116987023919, 19.44411514517258], [-99.21104104251886, 19.44408567835149], [-99.2109105729066, 19.44405583468836], [-99.21072168815543, 19.444099563755426], [-99.21044950521214, 19.444251657633476], [-99.21028920492348, 19.444383331143396], [-99.21021405593531, 19.444505186366047], [-99.21017475959476, 19.444717944083514], [-99.21021256563787, 19.444871201921053], [-99.2103339015683, 19.444979460701052], [-99.21006572683643, 19.445154679165466], [-99.21017097498546, 19.445394638611727], [-99.21044946312712, 19.445944748080144], [-99.21077118125984, 19.446238098917398]]]}, "properties": {"nombre": "LOMA HERMOSA (CONJ HAB)", "cve_col": "  16-038"}}, {"type": "Feature", "geometry": {"type": "Polygon", "coordinates": [[[-99.19823286097628, 19.46211236538466], [-99.19851697706657, 19.460210068787525], [-99.19877904948537, 19.45866272854137], [-99.19781393789258, 19.458848839452436], [-99.19741236361565, 19.458901226492507], [-99.19704847417498, 19.458985719697367], [-99.19564804897257, 19.459284105210788], [-99.19546541232724, 19.459330057488952], [-99.19461086043843, 19.45954540847371], [-99.19465493001915, 19.45990997299761], [-99.1946592364849, 19.460036104975497], [-99.19466571030753, 19.460237126732796], [-99.19467207500402, 19.460347489308422], [-99.19462053596746, 19.460654852511844], [-99.19461094007222, 19.460707083315693], [-99.19446558772925, 19.461268177695473], [-99.194552663718, 19.461276413856453], [-99.19490391197662, 19.461304703474553], [-99.19519075915736, 19.46132860551764], [-99.19550339954111, 19.46137211439718], [-99.19597248427048, 19.461509137727596], [-99.19644999240148, 19.461648620573087], [-99.19692969548342, 19.461773819202627], [-99.19759919015668, 19.4619485495824], [-99.19823286097628, 19.46211236538466]]]}, "properties": {"nombre": "HUICHAPAN", "cve_col": "  16-033"}}, {"type": "Feature", "geometry": {"type": "Polygon", "coordinates": [[[-99.18960904509757, 19.407744469412542], [-99.189693546222, 19.40773531415759], [-99.18999123222777, 19.407720976466905], [-99.19024928149416, 19.407733592705554], [-99.19064318682996, 19.407787944699233], [-99.19113567234416, 19.407945279125578], [-99.19146344368747, 19.408078018353173], [-99.19151527852486, 19.4080609149709], [-99.192056971582, 19.40788217852821], [-99.19211540654535, 19.406687874661884], [-99.19236609011932, 19.406589651166197], [-99.19275671027489, 19.407000543992872], [-99.19321329816431, 19.407394089321556], [-99.19339798954763, 19.407390373761125], [-99.1935103835091, 19.40738811228815], [-99.19356256169063, 19.407387062622725], [-99.19461561425183, 19.407365873455245], [-99.19475406582382, 19.40736308716131], [-99.19507494188633, 19.40735662840387], [-99.1950662544839, 19.407264725345655], [-99.19577514054376, 19.406784981003252], [-99.19595035383487, 19.406666403368202], [-99.19648611552618, 19.40626207699564], [-99.19714596193992, 19.40576410340723], [-99.19712925068961, 19.40567589091701], [-99.1970646229718, 19.405334742662404], [-99.19701155930221, 19.405054637463312], [-99.19695495403792, 19.4047558325935], [-99.19692905931608, 19.40461914249141], [-99.19675219038031, 19.40318959196434], [-99.19665526223919, 19.403203849189772], [-99.19636785884283, 19.403240265526627], [-99.19589518579747, 19.403299516774684], [-99.19546667304515, 19.40334609337227], [-99.1951376490991, 19.403388429443776], [-99.19494098352618, 19.403413734203372], [-99.19468648983941, 19.40346301416187], [-99.19385426233758, 19.40355324138954], [-99.19297493500514, 19.40365316931761], [-99.19251355421538, 19.403704973890676], [-99.19246158855209, 19.40371080824451], [-99.19241206080044, 19.40371636978898], [-99.19238731037214, 19.403719248144213], [-99.19232011442514, 19.40372681475153], [-99.19220647792632, 19.40373945154568], [-99.19210757843648, 19.403750449603407], [-99.192057689914, 19.403757016374822], [-99.19203221046433, 19.403760369907655], [-99.19199674245148, 19.403765038063458], [-99.19173623224033, 19.403799327459947], [-99.19164696204201, 19.4038056401405], [-99.19161108482145, 19.403808176765708], [-99.19158304169558, 19.403810160180296], [-99.1912543791724, 19.40383340037679], [-99.19076797233038, 19.40388139506423], [-99.18989088296901, 19.40396793513628], [-99.18932320927449, 19.403950712203443], [-99.18832115950573, 19.40392030539141], [-99.18799116273145, 19.403910291224147], [-99.18796847296966, 19.403909595325782], [-99.18794884922681, 19.403909006508602], [-99.18792888354704, 19.40390840719812], [-99.18778637299674, 19.40390407563185], [-99.18824961796565, 19.40494014362775], [-99.18855214883686, 19.405616759692915], [-99.18860866321819, 19.40574315474484], [-99.1888970915352, 19.40632017534721], [-99.1892499703006, 19.407026127798613], [-99.18960904509757, 19.407744469412542]]]}, "properties": {"nombre": "OBSERVATORIO", "cve_col": "  16-058"}}, {"type": "Feature", "geometry": {"type": "Polygon", "coordinates": [[[-99.19749585659251, 19.445582130259314], [-99.1975343123634, 19.445459214943615], [-99.19754867642663, 19.445369890031085], [-99.19778431734179, 19.44390453148984], [-99.19743690074631, 19.443803099410214], [-99.19635353849759, 19.443453030430078], [-99.19623684584967, 19.444364232742696], [-99.19609103514142, 19.445318178013004], [-99.19608493161876, 19.445402497218215], [-99.19667433079411, 19.44537770912874], [-99.19713711894485, 19.44544534558334], [-99.19749585659251, 19.445582130259314]]]}, "properties": {"nombre": "POPO (AMPL)", "cve_col": "  16-067"}}, {"type": "Feature", "geometry": {"type": "Polygon", "coordinates": [[[-99.21157876997546, 19.44840452357374], [-99.21167713536686, 19.44838509091151], [-99.21222951645163, 19.447540687729617], [-99.21063012299683, 19.44720669517657], [-99.21076213661658, 19.446299447599902], [-99.21077118125984, 19.446238098917398], [-99.21044946312712, 19.445944748080144], [-99.21017097498546, 19.445394638611727], [-99.21006572683643, 19.445154679165466], [-99.2103339015683, 19.444979460701052], [-99.21021256563787, 19.444871201921053], [-99.21017475959476, 19.444717944083514], [-99.21021405593531, 19.444505186366047], [-99.21028920492348, 19.444383331143396], [-99.21044950521214, 19.444251657633476], [-99.21072168815543, 19.444099563755426], [-99.2109105729066, 19.44405583468836], [-99.21104104251886, 19.44408567835149], [-99.21116987023919, 19.44411514517258], [-99.21131697444596, 19.444233253681656], [-99.21136268615469, 19.44435075452468], [-99.21139442661267, 19.444431177543013], [-99.21141685726492, 19.44453931222734], [-99.21256875464775, 19.444590853830295], [-99.21454605526307, 19.444689909370435], [-99.21744310279873, 19.444768683624677], [-99.21742198451537, 19.444703315778465], [-99.21740799399493, 19.44466000912638], [-99.21734372593492, 19.444517063449133], [-99.21724546894936, 19.44429851349159], [-99.21678326786258, 19.44330531887762], [-99.21609190432146, 19.442537373449728], [-99.2158338397952, 19.442289402514223], [-99.21573978126729, 19.442183728522842], [-99.21584125274751, 19.44207918571654], [-99.21591542571984, 19.442002766570585], [-99.21598824473956, 19.441926949075963], [-99.21584662583804, 19.441744129648818], [-99.21445998066567, 19.43903888317259], [-99.21431147719785, 19.43904316239723], [-99.21419666163901, 19.43904647000666], [-99.21409128531239, 19.439047957160046], [-99.21401938435481, 19.43892698591015], [-99.21397076425434, 19.438824304691032], [-99.21257553358308, 19.438753739784357], [-99.21242370926824, 19.438747655678434], [-99.21168651638902, 19.438712627609505], [-99.2108638710948, 19.438672400951514], [-99.20995158906224, 19.43862216706969], [-99.20932855346263, 19.43859731509084], [-99.20861859431776, 19.438562590162416], [-99.20794485496249, 19.43852428921624], [-99.20610374776291, 19.438449865062204], [-99.20603771230776, 19.43857028492758], [-99.20594298350935, 19.438743028422955], [-99.20552758724205, 19.4394313681995], [-99.20529263768803, 19.4401709951533], [-99.20520368720707, 19.44021509159195], [-99.20513920260187, 19.440247060415814], [-99.20513601843352, 19.440315742266968], [-99.20484061798857, 19.44643078893961], [-99.20481991096955, 19.446525368548322], [-99.20478887826903, 19.446598322944503], [-99.20467593116724, 19.446863849484444], [-99.20491903596633, 19.446975457395734], [-99.20525313160607, 19.447279691182125], [-99.20548949080737, 19.447633755026082], [-99.20576492499579, 19.447963782268125], [-99.2059780282364, 19.4477924246869], [-99.20614447246373, 19.447926199443767], [-99.2069199742633, 19.44728143693636], [-99.20821688302213, 19.447924176043205], [-99.20868974785719, 19.448158522097078], [-99.2091230015262, 19.448373234072875], [-99.20943528313985, 19.44852799457777], [-99.21018704305459, 19.44890054655684], [-99.21087914840241, 19.449478206942416], [-99.21099056324319, 19.449352303129285], [-99.21099887669237, 19.449242628905246], [-99.2106985046409, 19.449077410297082], [-99.21067332310999, 19.449063559315462], [-99.21064881561897, 19.44905007807261], [-99.21078523553707, 19.44826954419657], [-99.21098166533409, 19.448302956811734], [-99.21157876997546, 19.44840452357374]]]}, "properties": {"nombre": "IRRIGACION", "cve_col": "  16-035"}}, {"type": "Feature", "geometry": {"type": "Polygon", "coordinates": [[[-99.17978325032051, 19.44809588070215], [-99.17990251067015, 19.44729803712382], [-99.18030668640932, 19.44737015676602], [-99.18036435985873, 19.446877297656613], [-99.18043358101143, 19.446285801226743], [-99.18044733740183, 19.446168241445363], [-99.1795615404626, 19.44511238737577], [-99.17929457440263, 19.445066398939122], [-99.17902760944337, 19.44502041101102], [-99.17892093041726, 19.446000860380696], [-99.178820337577, 19.446868003174917], [-99.17880998623018, 19.44695723324264], [-99.17868002876905, 19.447962293663846], [-99.17876474025822, 19.447972551486536], [-99.17978325032051, 19.44809588070215]]]}, "properties": {"nombre": "MARINA NACIONAL (U HAB)", "cve_col": "  16-049"}}, {"type": "Feature", "geometry": {"type": "Polygon", "coordinates": [[[-99.20717940871252, 19.43526732579268], [-99.2075459845907, 19.434394881213137], [-99.20788637246281, 19.43358475301146], [-99.2082100186692, 19.432815649682414], [-99.2081337406338, 19.43279313147217], [-99.20634410365373, 19.43251226370308], [-99.20435558316305, 19.43236420618645], [-99.20416374373046, 19.43234699106398], [-99.2037531671566, 19.432310147642667], [-99.20342713409575, 19.432280889299882], [-99.20316330060051, 19.432257213548482], [-99.20259199314945, 19.43220594226387], [-99.20199587385005, 19.43211708931741], [-99.20197661061036, 19.43222980212404], [-99.20180036230879, 19.43326105857821], [-99.20178206861954, 19.4334278064935], [-99.20165357756744, 19.434244041383145], [-99.20165080026811, 19.434314691986092], [-99.20167342611306, 19.434385937030164], [-99.20165699857233, 19.434467203449636], [-99.20160767479463, 19.43452489849392], [-99.20167388865066, 19.434536828165914], [-99.20329672374002, 19.434829210757865], [-99.20405215980195, 19.434965341019296], [-99.20479582406021, 19.435127604371647], [-99.20601956088673, 19.435322736388642], [-99.20708182696251, 19.435513641492488], [-99.20712704912778, 19.435398189232988], [-99.20717940871252, 19.43526732579268]]]}, "properties": {"nombre": "MORALES SECCION ALAMEDA (POLANCO)", "cve_col": "  16-054"}}, {"type": "Feature", "geometry": {"type": "Polygon", "coordinates": [[[-99.15362956867727, 19.463301257457815], [-99.15502157360478, 19.463559276648365], [-99.15596627447854, 19.46377625119311], [-99.15635720570265, 19.463887123540232], [-99.15706083439646, 19.464034794996916], [-99.15758199404979, 19.464096125554256], [-99.15786859955779, 19.464095876193934], [-99.15822160786338, 19.46403478150983], [-99.15855751857609, 19.463938888891192], [-99.15869756081277, 19.463881552733696], [-99.1588356483722, 19.46381499029454], [-99.15898344398019, 19.463728118067696], [-99.15914484520322, 19.463624623400907], [-99.1592926224467, 19.463519294261737], [-99.159418995294, 19.46341213842902], [-99.1595861712823, 19.463245887577646], [-99.159684909166, 19.46312898305314], [-99.1597047269594, 19.46310551857611], [-99.15981159714345, 19.46295408470647], [-99.15991651250411, 19.462793425513635], [-99.16001363715617, 19.46262539064441], [-99.16003308438634, 19.462589482230506], [-99.16011463559414, 19.462438896525587], [-99.16022459550703, 19.462233840148084], [-99.16026612914686, 19.462156386242132], [-99.16038461362729, 19.461944037338714], [-99.16042205848049, 19.461877929605713], [-99.16050698530191, 19.461727995023576], [-99.16058077726034, 19.461578436269406], [-99.16067014639637, 19.461439936964904], [-99.16070263901557, 19.461389823083856], [-99.16077311620359, 19.461281124381905], [-99.16089164577222, 19.461116760837356], [-99.16100242566623, 19.460985625759434], [-99.1610626808243, 19.460920976119567], [-99.16120361393308, 19.460784277034396], [-99.16137274740201, 19.460634633155664], [-99.16152828268, 19.460507147805117], [-99.16154681906508, 19.460491071275563], [-99.16156535639927, 19.460474994743247], [-99.16172852438058, 19.460333483908414], [-99.1619870956331, 19.460117318132994], [-99.16202989422557, 19.460082168546634], [-99.16214457364758, 19.459987985119923], [-99.16231371093589, 19.45984387745247], [-99.16245218032871, 19.45971695062376], [-99.16256059632313, 19.45961757073012], [-99.16258223788036, 19.45959416756009], [-99.16267332859883, 19.45949565985976], [-99.1627666107904, 19.459381149775655], [-99.16285210511482, 19.459262954939632], [-99.16292978399736, 19.45911154632118], [-99.16299580702696, 19.458978603925463], [-99.16305622349789, 19.45880901796928], [-99.1630734192271, 19.458760752868123], [-99.16313155463257, 19.458524464420407], [-99.16322842047688, 19.458103581471544], [-99.16329212630194, 19.45779697577157], [-99.16336066903915, 19.457479934939652], [-99.16338888078428, 19.457349442991482], [-99.1634642474252, 19.45700171102753], [-99.16351409430956, 19.45677171888246], [-99.16360518728844, 19.456381139009864], [-99.16374180076208, 19.455777762233666], [-99.1637109652974, 19.45577300216011], [-99.16369554756481, 19.45577062121763], [-99.16368012983357, 19.45576824117757], [-99.16358877835437, 19.45575413790075], [-99.16333794587868, 19.45571541182158], [-99.16292789467322, 19.455652103612078], [-99.16204497708553, 19.455515786684057], [-99.16103541317136, 19.455359910270737], [-99.15995645936572, 19.45520490278762], [-99.15939671203654, 19.455143704021115], [-99.15883848746928, 19.4550559562893], [-99.15774852350359, 19.454884618657506], [-99.15662799911911, 19.45471538393065], [-99.15590708369228, 19.45461258236043], [-99.15526491894056, 19.454515457277818], [-99.15413991310876, 19.454350215365558], [-99.15303037300554, 19.454195835116863], [-99.15247512586501, 19.45411857551517], [-99.15185588077485, 19.45403240921727], [-99.15184571367107, 19.454098410173625], [-99.15183267671502, 19.45419387303959], [-99.15181743103726, 19.4542665133669], [-99.1518022027185, 19.454357828175183], [-99.15178043512158, 19.454474048687402], [-99.15175864433748, 19.454565369885973], [-99.15173688826054, 19.454694040949153], [-99.15171948009697, 19.454793657346706], [-99.15170640828988, 19.45485177032994], [-99.15168678560592, 19.454922338455315], [-99.15166933302798, 19.45497422936348], [-99.15164531799354, 19.455026125757275], [-99.15161692895407, 19.455080100748464], [-99.1516016493502, 19.455115389377212], [-99.15157981116629, 19.45515690831842], [-99.15154704035828, 19.455202587184665], [-99.15150551961294, 19.45525034739516], [-99.15145963253073, 19.455306412825973], [-99.15141154927466, 19.45535417849542], [-99.15134815743208, 19.455406107720144], [-99.15127820982909, 19.455466343070828], [-99.15121262656533, 19.45551412328449], [-99.15114704231118, 19.45556190437894], [-99.15109019932265, 19.45559930254392], [-99.15102679575827, 19.455638781098656], [-99.15095465276633, 19.45569071747327], [-99.15084971847122, 19.455767582232745], [-99.15062523662931, 19.455925658858078], [-99.14890276613416, 19.457201869549408], [-99.14802621993809, 19.45782937472781], [-99.14761530542994, 19.458123538347277], [-99.14747131418927, 19.45825376061698], [-99.14742622081509, 19.458308145262333], [-99.14738633910117, 19.458365818819853], [-99.14715919120775, 19.458700324064328], [-99.14730336069064, 19.458733031054383], [-99.14764926114306, 19.45881150449304], [-99.14799103086125, 19.458889039867124], [-99.14806804107477, 19.458909618888562], [-99.14901865454043, 19.459163638829615], [-99.14952699222914, 19.459299473439707], [-99.15159213232364, 19.45968446621382], [-99.15237472006106, 19.45980873155855], [-99.15300191075855, 19.459908320290932], [-99.15421572523837, 19.460101047868715], [-99.1540520483544, 19.460948282309495], [-99.15392495364492, 19.461670420501225], [-99.15378959640307, 19.46244018168897], [-99.15366290847541, 19.463160629290112], [-99.15364355050438, 19.463242284180758], [-99.15362956867727, 19.463301257457815]], [[-99.15618218224252, 19.457658694236887], [-99.15636750374854, 19.456677324997674], [-99.15663347224806, 19.455268865897605], [-99.15757662834794, 19.45541962906935], [-99.15756588195444, 19.45547737171991], [-99.15764819258568, 19.455491836538506], [-99.15819592422503, 19.455588087536885], [-99.1580641543782, 19.45639727578051], [-99.15742417204144, 19.45627480894657], [-99.1571661692164, 19.45772201637408], [-99.15715214561483, 19.45774868015829], [-99.15712813825027, 19.45778043150361], [-99.15706790894603, 19.457807053978524], [-99.15618218224252, 19.457658694236887]]]}, "properties": {"nombre": "ATLAMPA", "cve_col": "  15-004"}}, {"type": "Feature", "geometry": {"type": "Polygon", "coordinates": [[[-99.13591604949897, 19.407215541060157], [-99.136096275903, 19.4060433812948], [-99.13598776477166, 19.406033952606343], [-99.13544250413602, 19.405986568912002], [-99.13495404583549, 19.40594350098655], [-99.13491847681901, 19.405940364352137], [-99.13441642811327, 19.405868127349382], [-99.13391437984107, 19.40579588805276], [-99.13345069833031, 19.405729168080235], [-99.13303834299226, 19.405669722314567], [-99.13263853334695, 19.405612301648418], [-99.1322386076749, 19.405554752759844], [-99.13187817446844, 19.405505301551834], [-99.131820830864, 19.40549761267401], [-99.13176344516427, 19.405489684320973], [-99.13133550405061, 19.405431231948732], [-99.13091742676743, 19.40537394449929], [-99.13045188171469, 19.405303549975326], [-99.1299916154169, 19.40524741490553], [-99.12950229245247, 19.405425090804137], [-99.12888459151672, 19.40565346608048], [-99.12868959320218, 19.40572555989674], [-99.12805687964087, 19.405992031464976], [-99.12767224378709, 19.406153545022086], [-99.1272580063121, 19.406330325271764], [-99.1268926654524, 19.40649165286439], [-99.12630689412973, 19.406750316224855], [-99.1262115940175, 19.406800662179407], [-99.12616628031654, 19.406824601736336], [-99.12671173248575, 19.40894268683549], [-99.12695220790542, 19.40896342218749], [-99.1274758648894, 19.4089903616893], [-99.12761378593517, 19.4089680142323], [-99.1276510438453, 19.408964585532924], [-99.12783733241939, 19.40894744192217], [-99.12987322288993, 19.408788870958453], [-99.12995970263663, 19.408783415691207], [-99.12997747384242, 19.40878229410841], [-99.13009092889321, 19.408778629646275], [-99.13043816980033, 19.408748426711547], [-99.1308906278984, 19.408698177712676], [-99.13135610244633, 19.408673238788452], [-99.13180576436272, 19.408622755469118], [-99.13219974013035, 19.408594778198086], [-99.13260830753467, 19.408566788522194], [-99.1330022942755, 19.408552655497278], [-99.13352274933897, 19.40853842783321], [-99.13395672482231, 19.408508694857556], [-99.13399941100413, 19.408505769653985], [-99.13428004539901, 19.408483468195406], [-99.13456067971379, 19.40846116540013], [-99.1350550954451, 19.408433795276558], [-99.13518862026066, 19.40840796870851], [-99.13532477884768, 19.408361714960876], [-99.13564258077193, 19.408185386932416], [-99.13577845293798, 19.408110000534684], [-99.13591604949897, 19.407215541060157]]]}, "properties": {"nombre": "ASTURIAS (AMPL)", "cve_col": "  15-003"}}, {"type": "Feature", "geometry": {"type": "Polygon", "coordinates": [[[-99.13329832792994, 19.43938324421061], [-99.13341166062996, 19.438533335581617], [-99.13346253476367, 19.438151249078004], [-99.13352499217844, 19.437683425905668], [-99.13364232700756, 19.43684696235276], [-99.13375965971011, 19.436010498654856], [-99.13168175564194, 19.43571960650321], [-99.1295829778995, 19.43542100840312], [-99.12876599581084, 19.435319271110195], [-99.1279490147161, 19.435217529229302], [-99.12754450736375, 19.435167152964272], [-99.12763455573018, 19.434424505990155], [-99.12764535644877, 19.434335434584565], [-99.12720172052167, 19.434279877792925], [-99.12681613724493, 19.434231589590365], [-99.12592749869985, 19.43412029829393], [-99.12593731706373, 19.4340520160297], [-99.12606449169725, 19.433167535164653], [-99.12609126682884, 19.43298131775197], [-99.12562948933578, 19.43293258919221], [-99.12516771211028, 19.43288385855223], [-99.12462670226512, 19.432826766572955], [-99.12453786346441, 19.432817390853753], [-99.12436668256359, 19.43395350672533], [-99.12421949953769, 19.434731159093882], [-99.12408274793344, 19.435591142447166], [-99.12395113606021, 19.436429525822355], [-99.1237858967457, 19.437490342020883], [-99.12540127124163, 19.4376770151252], [-99.12525707781352, 19.438789369946818], [-99.12600844097635, 19.438843047018096], [-99.12626992832216, 19.438861726886476], [-99.12657195961103, 19.438883302554984], [-99.12693242174791, 19.43890905182868], [-99.12749226340101, 19.438949029633946], [-99.12846023749414, 19.439017475565304], [-99.12909093588435, 19.4390686071479], [-99.13052792852869, 19.43917607942846], [-99.13125446300704, 19.439230412334584], [-99.13329832792994, 19.43938324421061]]]}, "properties": {"nombre": "CENTRO III", "cve_col": "  15-039"}}, {"type": "Feature", "geometry": {"type": "Polygon", "coordinates": [[[-99.19904917254362, 19.452969726694263], [-99.19890442893742, 19.452959371614067], [-99.19878376768311, 19.453008756622406], [-99.19869942506988, 19.453105046387545], [-99.1986819362706, 19.453244624262734], [-99.1968823225022, 19.454418003545083], [-99.19707308823443, 19.45452003866773], [-99.19714245765041, 19.45455714229815], [-99.19751610338933, 19.4546393086044], [-99.19813315586252, 19.454774997763714], [-99.19861902370094, 19.454881839019656], [-99.19914386470357, 19.454997247718545], [-99.19903210373694, 19.45531089418165], [-99.19878724225181, 19.45602206187423], [-99.19844455339849, 19.457017348143165], [-99.19896661483843, 19.456961253379255], [-99.19940195235407, 19.456909945511686], [-99.19974352652817, 19.45687144710051], [-99.20033302937689, 19.456902565254296], [-99.20102290370694, 19.456946417523188], [-99.20118126943426, 19.45590197806053], [-99.20132853962413, 19.454886155199024], [-99.2014190882118, 19.454261570087667], [-99.20143292598254, 19.454166121946074], [-99.20162718797124, 19.453751607643962], [-99.2016743437513, 19.453701167430392], [-99.20172149950226, 19.453650727204543], [-99.20186847992188, 19.45318587742681], [-99.20095476322685, 19.4529041887524], [-99.19998016566058, 19.452599651477332], [-99.19920782643412, 19.45312176781485], [-99.19904917254362, 19.452969726694263]]]}, "properties": {"nombre": "TORRE BLANCA (AMPL)", "cve_col": "  16-004"}}, {"type": "Feature", "geometry": {"type": "Polygon", "coordinates": [[[-99.14890276613416, 19.457201869549408], [-99.14938679372322, 19.456843248143947], [-99.15062523662931, 19.455925658858078], [-99.15084971847122, 19.455767582232745], [-99.15095465276633, 19.45569071747327], [-99.15102679575827, 19.455638781098656], [-99.15109019932265, 19.45559930254392], [-99.15114704231118, 19.45556190437894], [-99.15121262656533, 19.45551412328449], [-99.15127820982909, 19.455466343070828], [-99.15134815743208, 19.455406107720144], [-99.15141154927466, 19.45535417849542], [-99.15145963253073, 19.455306412825973], [-99.15150551961294, 19.45525034739516], [-99.15154704035828, 19.455202587184665], [-99.15157981116629, 19.45515690831842], [-99.1516016493502, 19.455115389377212], [-99.15161692895407, 19.455080100748464], [-99.15164531799354, 19.455026125757275], [-99.15166933302798, 19.45497422936348], [-99.15168678560592, 19.454922338455315], [-99.15170640828988, 19.45485177032994], [-99.15171948009697, 19.454793657346706], [-99.15173688826054, 19.454694040949153], [-99.15175864433748, 19.454565369885973], [-99.15178043512158, 19.454474048687402], [-99.1518022027185, 19.454357828175183], [-99.15181743103726, 19.4542665133669], [-99.15183267671502, 19.45419387303959], [-99.15184571367107, 19.454098410173625], [-99.15185588077485, 19.45403240921727], [-99.15181101944272, 19.454026166814756], [-99.15025546679037, 19.45375888436243], [-99.14999560357118, 19.453712666258287], [-99.14904830378939, 19.45341824028813], [-99.14880104224288, 19.453341753512756], [-99.1471556171638, 19.45283275449416], [-99.14581863615184, 19.45242391610994], [-99.1456773784493, 19.45297940545124], [-99.14502325437647, 19.45585642196555], [-99.1449745461832, 19.456053474881692], [-99.14492583692196, 19.456250528685707], [-99.14628861736573, 19.456550271538678], [-99.1471376184366, 19.456737003797503], [-99.14796570824623, 19.456919132922597], [-99.1485897983322, 19.45705639129294], [-99.14870452358088, 19.45710971982201], [-99.14880364482927, 19.45715579426124], [-99.14890276613416, 19.457201869549408]]]}, "properties": {"nombre": "NONOALCO-TLATELOLCO (U HAB) I", "cve_col": "  15-059"}}, {"type": "Feature", "geometry": {"type": "Polygon", "coordinates": [[[-99.154442851012, 19.416878106258164], [-99.15447473693088, 19.415966113983156], [-99.15450138622818, 19.41553361007581], [-99.1545280353941, 19.415101107048667], [-99.15461631400963, 19.414242318608917], [-99.15464286317966, 19.413964473707736], [-99.15464947193767, 19.413895321352978], [-99.15474800668846, 19.412945920126276], [-99.15480117557424, 19.411802519426512], [-99.15512336719678, 19.407514961125287], [-99.1551910214975, 19.40658427986377], [-99.15502757245486, 19.40654176169352], [-99.15470439244498, 19.40653067996757], [-99.15150020187738, 19.40675776095315], [-99.15104813522572, 19.40678673747021], [-99.15100987113144, 19.406788642693616], [-99.15092623413734, 19.406792806050962], [-99.15070235720519, 19.40680380221017], [-99.14976780280966, 19.406849411350173], [-99.1496135789918, 19.407723002276], [-99.14954452782204, 19.408114134792104], [-99.14900169362004, 19.411188902401424], [-99.14878825502943, 19.412276914464034], [-99.1485640125355, 19.413526591604874], [-99.14836173728708, 19.414637883698962], [-99.14821227452151, 19.415510134987414], [-99.14806315472077, 19.41635787767492], [-99.14943215173423, 19.416475782721168], [-99.14926354525305, 19.417404025345895], [-99.15062186436607, 19.4175444419203], [-99.15069191727471, 19.41713509850099], [-99.1507837621303, 19.41659841112234], [-99.1526133055515, 19.416738267462907], [-99.1535018571382, 19.416805684058843], [-99.154442851012, 19.416878106258164]]]}, "properties": {"nombre": "DOCTORES IV", "cve_col": "  15-048"}}, {"type": "Feature", "geometry": {"type": "Polygon", "coordinates": [[[-99.20994828723329, 19.455647907852544], [-99.21034342895776, 19.45554986459128], [-99.2106230984374, 19.455482771434166], [-99.21071559319331, 19.455466689850624], [-99.21093598981786, 19.455428369896744], [-99.21127279499542, 19.455437503030684], [-99.21162661252167, 19.455485027353575], [-99.2119407666007, 19.455566837441836], [-99.21475760906789, 19.456505131536314], [-99.21502115815134, 19.456532210943777], [-99.21512718509511, 19.45662181179846], [-99.21540438842726, 19.456060907897854], [-99.21692589589104, 19.45422817202338], [-99.21714816958021, 19.453960426966404], [-99.21648536817497, 19.453409506231857], [-99.21628744438586, 19.4534684352964], [-99.21618052309006, 19.453481505834617], [-99.21613156190467, 19.45348749167951], [-99.21610504137915, 19.453490733291066], [-99.21420257259672, 19.453723288489307], [-99.21282270828222, 19.45369556647883], [-99.21073657715687, 19.452981949654415], [-99.2104051266892, 19.452907115211005], [-99.21019141596899, 19.4540055778522], [-99.20988257262522, 19.45523572631503], [-99.20981252176844, 19.455336478049993], [-99.20970954895233, 19.45526298020694], [-99.20870749778972, 19.454991926063748], [-99.20788960505588, 19.454766878765422], [-99.20707726644807, 19.454589391381813], [-99.20695328022747, 19.454566424810075], [-99.20612303775442, 19.454344260127737], [-99.20535529241558, 19.45412562218763], [-99.20493038418918, 19.45399550995181], [-99.20472816392305, 19.45391515910837], [-99.20425170483894, 19.45381335643394], [-99.20418076569594, 19.45380650026559], [-99.2039316478598, 19.453782421701284], [-99.20387721864213, 19.453777160891708], [-99.2036165656572, 19.453706051747538], [-99.203355912896, 19.453634942226135], [-99.20286609475164, 19.45348281912251], [-99.20223988342381, 19.45328833405482], [-99.20186847992188, 19.45318587742681], [-99.20172149950226, 19.453650727204543], [-99.2016743437513, 19.453701167430392], [-99.20162718797124, 19.453751607643962], [-99.20143292598254, 19.454166121946074], [-99.2014190882118, 19.454261570087667], [-99.20132853962413, 19.454886155199024], [-99.20118126943426, 19.45590197806053], [-99.20102290370694, 19.456946417523188], [-99.20033302937689, 19.456902565254296], [-99.19974352652817, 19.45687144710051], [-99.19940195235407, 19.456909945511686], [-99.19896661483843, 19.456961253379255], [-99.19844455339849, 19.457017348143165], [-99.19816359061252, 19.45783335149291], [-99.19787857106272, 19.45866112701365], [-99.19781393789258, 19.458848839452436], [-99.19877904948537, 19.45866272854137], [-99.19930449796534, 19.45854705228408], [-99.20001020675937, 19.458384653210405], [-99.20051516682895, 19.458280195843574], [-99.20105670256879, 19.45822764590965], [-99.201296212687, 19.45820780291845], [-99.20141277775505, 19.458198145570652], [-99.20152254127228, 19.458138489317598], [-99.20158829708784, 19.458102751859048], [-99.20230926436717, 19.457884768060033], [-99.20303022969418, 19.457666781406566], [-99.20374196537023, 19.457451582106582], [-99.20448520694937, 19.457226853640833], [-99.20516262413996, 19.457036262311227], [-99.20523852383144, 19.45701817253423], [-99.2056502504098, 19.456898881489458], [-99.20617771111066, 19.45674345018553], [-99.20757769429802, 19.456333376611944], [-99.2083873641585, 19.456094010802328], [-99.20867630594009, 19.456008588888206], [-99.20876791155099, 19.455981506540027], [-99.20903047466744, 19.45591188613195], [-99.20973830086015, 19.455724199683587], [-99.20994828723329, 19.455647907852544]]]}, "properties": {"nombre": "ARGENTINA ANTIGUA", "cve_col": "  16-014"}}, {"type": "Feature", "geometry": {"type": "Polygon", "coordinates": [[[-99.15362956867727, 19.463301257457815], [-99.15364355050438, 19.463242284180758], [-99.15366290847541, 19.463160629290112], [-99.15378959640307, 19.46244018168897], [-99.15392495364492, 19.461670420501225], [-99.1540520483544, 19.460948282309495], [-99.15421572523837, 19.460101047868715], [-99.15300191075855, 19.459908320290932], [-99.15237472006106, 19.45980873155855], [-99.15159213232364, 19.45968446621382], [-99.14952699222914, 19.459299473439707], [-99.14901865454043, 19.459163638829615], [-99.14806804107477, 19.458909618888562], [-99.14799103086125, 19.458889039867124], [-99.14764926114306, 19.45881150449304], [-99.14730336069064, 19.458733031054383], [-99.14715919120775, 19.458700324064328], [-99.14714294558216, 19.458726574077133], [-99.14712670090495, 19.458752824991375], [-99.14701664604677, 19.458930663529294], [-99.14696905045997, 19.459004165594425], [-99.14690062053842, 19.459097463364937], [-99.14681731987224, 19.45921620295569], [-99.14674889231749, 19.459312326601385], [-99.14657931780037, 19.45955828490747], [-99.1464960115917, 19.459671373384598], [-99.14642758619354, 19.45977032193632], [-99.14478205155021, 19.46177494498271], [-99.14472906312473, 19.461729033990625], [-99.14467607377631, 19.461683122983374], [-99.14418581429985, 19.4612583481232], [-99.1441501009292, 19.461296520771715], [-99.14413224471399, 19.46131560709296], [-99.14411438849463, 19.46133469341242], [-99.14457055213826, 19.461777938787492], [-99.14458854164505, 19.46179313948524], [-99.144606531156, 19.46180834108485], [-99.14463391540244, 19.46183898519903], [-99.14466131012027, 19.461881424664373], [-99.14467873598821, 19.461900282256927], [-99.14394097679805, 19.462901068774197], [-99.14327524257655, 19.463858815270488], [-99.14323058462844, 19.463923060814643], [-99.14326544684045, 19.463972571617393], [-99.14328786179051, 19.464007938179414], [-99.14330778901822, 19.46404330670508], [-99.14331776818234, 19.46407868309329], [-99.14333769749906, 19.464116411228176], [-99.14335266363001, 19.464165937743118], [-99.14338752800509, 19.464217807229623], [-99.14341047547595, 19.464253003454537], [-99.14344067935234, 19.46428812977063], [-99.14348549510918, 19.46432742874305], [-99.1435421419361, 19.464381068515518], [-99.14359579296075, 19.464414932718036], [-99.14366433650578, 19.46444595916856], [-99.1437328816145, 19.46447981152585], [-99.14380738800213, 19.464516484158537], [-99.14387591667386, 19.464530557646153], [-99.14396827908256, 19.46454743721162], [-99.14402678947157, 19.464836971713222], [-99.14580262272692, 19.46434040454791], [-99.14700626735785, 19.46395198490618], [-99.14771807110063, 19.463697237616543], [-99.14792983465234, 19.4636214479347], [-99.14819868698706, 19.46348264823379], [-99.14830148165149, 19.46345276941075], [-99.14863419897846, 19.463356222678687], [-99.1500436316308, 19.46302788771467], [-99.15032082171237, 19.462970628808105], [-99.15055462072176, 19.462948256595286], [-99.15076996725145, 19.46295076529742], [-99.15233752008434, 19.46314142679213], [-99.15362956867727, 19.463301257457815]]]}, "properties": {"nombre": "SANTA MARIA INSURGENTES", "cve_col": "  15-029"}}, {"type": "Feature", "geometry": {"type": "Polygon", "coordinates": [[[-99.16374180076208, 19.455777762233666], [-99.16385900026779, 19.45508140547128], [-99.1638986751056, 19.454823432327178], [-99.16397986167223, 19.454244352197247], [-99.16405698541946, 19.45368250330567], [-99.16407963828945, 19.45351747691938], [-99.16413859765143, 19.452947071686545], [-99.16417061754146, 19.45264853370252], [-99.1641946276598, 19.452424668391412], [-99.1642075937809, 19.452291696687386], [-99.16425355215448, 19.451820379872476], [-99.16423275888994, 19.45181828399375], [-99.16421196467226, 19.45181618720979], [-99.16417037624029, 19.451811995442107], [-99.16406681001492, 19.451792927552795], [-99.1633281452673, 19.45168433883388], [-99.16175283662632, 19.451452744965504], [-99.16128034715618, 19.45135660398946], [-99.1606756683486, 19.451233563078354], [-99.1596113655202, 19.45106213687381], [-99.15848088223649, 19.45086656510068], [-99.1573856611383, 19.45067955819328], [-99.15718509473169, 19.45187480069181], [-99.1571498182284, 19.451992324075793], [-99.15704768701518, 19.452509380008102], [-99.1562951711066, 19.452391031619346], [-99.15566257794343, 19.45229154000451], [-99.15600388868322, 19.45048700841314], [-99.15489805197717, 19.45029588635214], [-99.15378401407007, 19.450104786172204], [-99.15266240217531, 19.44990384759033], [-99.15259045409285, 19.44989095779537], [-99.1524221715617, 19.450766032015395], [-99.15224047424145, 19.45171086017036], [-99.15198810419679, 19.45307146097227], [-99.15192746652204, 19.45339837697066], [-99.15181101944272, 19.454026166814756], [-99.15185588077485, 19.45403240921727], [-99.15247512586501, 19.45411857551517], [-99.15303037300554, 19.454195835116863], [-99.15413991310876, 19.454350215365558], [-99.15526491894056, 19.454515457277818], [-99.15590708369228, 19.45461258236043], [-99.15662799911911, 19.45471538393065], [-99.15774852350359, 19.454884618657506], [-99.15883848746928, 19.4550559562893], [-99.15939671203654, 19.455143704021115], [-99.15995645936572, 19.45520490278762], [-99.16103541317136, 19.455359910270737], [-99.16204497708553, 19.455515786684057], [-99.16292789467322, 19.455652103612078], [-99.16333794587868, 19.45571541182158], [-99.16358877835437, 19.45575413790075], [-99.16368012983357, 19.45576824117757], [-99.16369554756481, 19.45577062121763], [-99.1637109652974, 19.45577300216011], [-99.16374180076208, 19.455777762233666]]]}, "properties": {"nombre": "SANTA MARIA LA RIBERA I", "cve_col": "  15-075"}}, {"type": "Feature", "geometry": {"type": "Polygon", "coordinates": [[[-99.18524694144041, 19.451570218409834], [-99.18527781475434, 19.45130888787383], [-99.18534139841155, 19.450865519128087], [-99.18539126088626, 19.450517821370724], [-99.1854775888047, 19.449794382570637], [-99.18548890511057, 19.44971480834599], [-99.18549984145828, 19.449637908617685], [-99.18558522418559, 19.449037510424922], [-99.18563974186334, 19.448654150572583], [-99.18575420246782, 19.44784927193921], [-99.18603030125507, 19.445930288520593], [-99.1863089707812, 19.444079809164492], [-99.1863680346729, 19.443760291233193], [-99.18651826164466, 19.44294759937882], [-99.18664539229344, 19.442119488307807], [-99.18665263573679, 19.4420723057034], [-99.1865242898954, 19.442057552486514], [-99.18550431541384, 19.441940307288906], [-99.18448445236696, 19.44181587978104], [-99.1844362088138, 19.441809993180797], [-99.18340350947189, 19.441683992925423], [-99.18322777437592, 19.44166255073059], [-99.18295912560842, 19.44358380896919], [-99.18269051499335, 19.445496104208722], [-99.18260151349685, 19.44608616731353], [-99.18240013696088, 19.447421229920227], [-99.18231847672737, 19.44796261008595], [-99.1824649135647, 19.448144237265684], [-99.18336533437603, 19.44926102586949], [-99.18360360694494, 19.449556550036544], [-99.18429415780152, 19.450402728128836], [-99.18524694144041, 19.451570218409834]]]}, "properties": {"nombre": "ANAHUAC LOS MANZANOS", "cve_col": "  16-009"}}, {"type": "Feature", "geometry": {"type": "Polygon", "coordinates": [[[-99.19059675210909, 19.463172167509626], [-99.19052735040067, 19.462928245362008], [-99.1905031263634, 19.462838881257063], [-99.19029857401559, 19.462749202247238], [-99.19025313459845, 19.46272928136145], [-99.19024747129278, 19.46235926494818], [-99.19024419462168, 19.46214518546231], [-99.1902467901566, 19.461962352224813], [-99.19024972898548, 19.461755269127128], [-99.19003878114316, 19.461479073391473], [-99.18991409413663, 19.46131582064665], [-99.18977220120948, 19.461196723469058], [-99.18955339203919, 19.461077426455294], [-99.18919746245845, 19.460968818716534], [-99.18887492734828, 19.460891814702155], [-99.18861912065768, 19.460828802577232], [-99.18853766489813, 19.460765579952625], [-99.188259139985, 19.46235297029149], [-99.18802891221361, 19.463665081337346], [-99.18800469550683, 19.46381159660089], [-99.18914328222648, 19.46415504547387], [-99.18982501790106, 19.464360683558535], [-99.18987301629672, 19.464375161476948], [-99.18996355170782, 19.464402470096573], [-99.18999862412244, 19.464413286101333], [-99.19004284980278, 19.464426388853543], [-99.19011888727974, 19.464449325037858], [-99.19017547069195, 19.46446816606391], [-99.19077329939513, 19.464667237190675], [-99.19072991214193, 19.46424034255256], [-99.19059675210909, 19.463172167509626]]]}, "properties": {"nombre": "ANGEL ZIMBRON", "cve_col": "  16-012"}}, {"type": "Feature", "geometry": {"type": "Polygon", "coordinates": [[[-99.20199587385005, 19.43211708931741], [-99.2021745988803, 19.431401855857594], [-99.20252288038273, 19.43035486392547], [-99.20278849895334, 19.429618055856448], [-99.2027312097538, 19.429591425701958], [-99.20264503961151, 19.429551370445623], [-99.20282364095543, 19.428770113116688], [-99.20294855261392, 19.428223709775896], [-99.20300237757712, 19.4281405107984], [-99.20310166713995, 19.428056580450395], [-99.2031509450255, 19.427937894641644], [-99.20269804224468, 19.427946165599046], [-99.20249612595055, 19.427933448700035], [-99.2023350903085, 19.427884447675016], [-99.20212763997635, 19.42780961377618], [-99.20186553624242, 19.427664951064305], [-99.20158427641168, 19.42747371784456], [-99.20128239370422, 19.427304645523474], [-99.20117223783205, 19.427287354686122], [-99.20040515179421, 19.427166946036095], [-99.19836689025645, 19.426846984677834], [-99.19757705655324, 19.42672299207674], [-99.19716352102427, 19.426658071729733], [-99.19185919715335, 19.425825261076064], [-99.19186378782149, 19.426045381375094], [-99.19182349674087, 19.426176526986573], [-99.19179667505924, 19.42629806534525], [-99.19178667333783, 19.42639080779104], [-99.19179361633563, 19.4265634720245], [-99.19180730068133, 19.426736130036968], [-99.19181426343718, 19.426924782901462], [-99.1918077022374, 19.427078276263334], [-99.1917153134064, 19.427787318843237], [-99.19163625556533, 19.42843171845201], [-99.19160709621778, 19.428617831093153], [-99.19153909917304, 19.42913966785756], [-99.19136058512184, 19.430509649662635], [-99.1912580867402, 19.43129624540306], [-99.1912488145755, 19.43136740069719], [-99.19136439470262, 19.43137276087739], [-99.1914574078517, 19.431443192896513], [-99.19150780637025, 19.431491477122613], [-99.19195829479096, 19.43147456263235], [-99.19272933951204, 19.431461417120207], [-99.19353504439938, 19.43145234061107], [-99.19426282027797, 19.43148033056478], [-99.19501663607333, 19.431549384576602], [-99.19580078539948, 19.431626622089592], [-99.19665422969442, 19.43169145258304], [-99.19682751632608, 19.43170359335761], [-99.19759864698013, 19.431760289282497], [-99.19836975972143, 19.43180259831066], [-99.19910192029573, 19.43187165899332], [-99.19986440111961, 19.431938628275425], [-99.20060088425423, 19.43199945969771], [-99.20127238508404, 19.43205625006066], [-99.20199587385005, 19.43211708931741]]]}, "properties": {"nombre": "CHAPULTEPEC POLANCO (POLANCO)", "cve_col": "  16-022"}}, {"type": "Feature", "geometry": {"type": "Polygon", "coordinates": [[[-99.19789397737637, 19.408707689150145], [-99.19857599811188, 19.408333952896864], [-99.19927577010714, 19.407950484112007], [-99.19999113057652, 19.40755846885016], [-99.20005375463788, 19.407524150584113], [-99.20008062642002, 19.40750942554224], [-99.20034043494637, 19.40736704947475], [-99.20049905631865, 19.407280124251322], [-99.20079402893401, 19.407118477488517], [-99.20072820372751, 19.406580426743464], [-99.20067877158536, 19.406163528282455], [-99.20065843466723, 19.40590396046312], [-99.20063097565945, 19.40527717573494], [-99.20064551414697, 19.40520524310976], [-99.2007768910747, 19.404555227119136], [-99.20077620352353, 19.404266552996425], [-99.20077519327785, 19.403842949543606], [-99.20076089831507, 19.403173868496264], [-99.20075804479823, 19.40304030929389], [-99.20070542757537, 19.40259832498592], [-99.20054225816553, 19.401998135505043], [-99.20044022260468, 19.402035999339716], [-99.19985267746848, 19.4022806772498], [-99.19902452946609, 19.402621321316936], [-99.19891631004847, 19.402664720961493], [-99.19844840257669, 19.40286913529741], [-99.19828059146819, 19.402936394687384], [-99.19810392834631, 19.402991086434827], [-99.1978874868712, 19.403033245090178], [-99.19762243862753, 19.403071263964257], [-99.19675219038031, 19.40318959196434], [-99.19692905931608, 19.40461914249141], [-99.19695495403792, 19.4047558325935], [-99.19701155930221, 19.405054637463312], [-99.1970646229718, 19.405334742662404], [-99.19712925068961, 19.40567589091701], [-99.19714596193992, 19.40576410340723], [-99.19784035756618, 19.405183783116023], [-99.19799374344971, 19.405054270518253], [-99.19819205340993, 19.40526718874699], [-99.19783837972588, 19.405631537351223], [-99.19785006745268, 19.405936574993163], [-99.1978887558308, 19.40798315117127], [-99.19789397737637, 19.408707689150145]]]}, "properties": {"nombre": "DANIEL GARZA", "cve_col": "  16-024"}}, {"type": "Feature", "geometry": {"type": "Polygon", "coordinates": [[[-99.20822997752525, 19.43535732803357], [-99.20768720714139, 19.435313049422664], [-99.20743067349864, 19.43529212159628], [-99.20731963148899, 19.435556377205547], [-99.20701386601222, 19.436288592910238], [-99.2069498725785, 19.436442068907475], [-99.20610374776291, 19.438449865062204], [-99.20794485496249, 19.43852428921624], [-99.20861859431776, 19.438562590162416], [-99.20932855346263, 19.43859731509084], [-99.20995158906224, 19.43862216706969], [-99.2108638710948, 19.438672400951514], [-99.21168651638902, 19.438712627609505], [-99.21242370926824, 19.438747655678434], [-99.21257553358308, 19.438753739784357], [-99.21397076425434, 19.438824304691032], [-99.21313796747741, 19.436938542112618], [-99.2130779412685, 19.436802618000453], [-99.21241776435009, 19.435786502690807], [-99.21185371881765, 19.43579533698292], [-99.21097667743821, 19.435772927781862], [-99.21009634283294, 19.435697765253128], [-99.20947471755227, 19.43567050995431], [-99.20874691172114, 19.4356345715262], [-99.20822100501267, 19.435608600780416], [-99.20822997752525, 19.43535732803357]]]}, "properties": {"nombre": "LOS MORALES (POLANCO)", "cve_col": "  16-047"}}, {"type": "Feature", "geometry": {"type": "Polygon", "coordinates": [[[-99.1760120020345, 19.45490675785942], [-99.17538556865532, 19.454401925652277], [-99.17513326445889, 19.454119869778296], [-99.17482419558887, 19.453754171089344], [-99.17427443087587, 19.452936629691813], [-99.17321094907679, 19.453757807483473], [-99.17168814120804, 19.454974035793615], [-99.17155719748929, 19.455074883885455], [-99.17153607918301, 19.4551474310509], [-99.17095887471577, 19.457130280618813], [-99.17110115891133, 19.45715462911112], [-99.17123563722633, 19.457189820469694], [-99.17125718711404, 19.457252131519223], [-99.17257552055074, 19.457492977495935], [-99.17299831110753, 19.457570215050776], [-99.17304482079686, 19.457579392234724], [-99.1731181350792, 19.457593856789895], [-99.17396134897173, 19.45775539411955], [-99.17399534724437, 19.457761906241902], [-99.1748654581037, 19.456522473689297], [-99.17540314599934, 19.45579113206686], [-99.17577959433737, 19.455241628222584], [-99.1760120020345, 19.45490675785942]]]}, "properties": {"nombre": "NEXTITLA", "cve_col": "  16-056"}}, {"type": "Feature", "geometry": {"type": "Polygon", "coordinates": [[[-99.19100112734158, 19.46296463483503], [-99.19224103086833, 19.46318882114567], [-99.19265774252203, 19.463652364332777], [-99.19460788501947, 19.46426662119244], [-99.19511739049646, 19.4644136634339], [-99.19562689687969, 19.464560704233016], [-99.19576801755893, 19.464061431677678], [-99.19607284128307, 19.462982982048604], [-99.19644999240148, 19.461648620573087], [-99.19597248427048, 19.461509137727596], [-99.19550339954111, 19.46137211439718], [-99.19519075915736, 19.46132860551764], [-99.19490391197662, 19.461304703474553], [-99.194552663718, 19.461276413856453], [-99.19446558772925, 19.461268177695473], [-99.19461094007222, 19.460707083315693], [-99.19462053596746, 19.460654852511844], [-99.19467207500402, 19.460347489308422], [-99.19466571030753, 19.460237126732796], [-99.1946592364849, 19.460036104975497], [-99.19465493001915, 19.45990997299761], [-99.19461086043843, 19.45954540847371], [-99.1944039871311, 19.459587600921626], [-99.19390200232476, 19.459684262533603], [-99.19317185158819, 19.459771625422505], [-99.19247982968132, 19.459758091641447], [-99.19205210080128, 19.45974972580175], [-99.19187552084495, 19.459663330115113], [-99.19184417465216, 19.45966144197654], [-99.19155325957497, 19.45964392549068], [-99.19123099837628, 19.45962452029279], [-99.19115248281524, 19.45961934614839], [-99.19094657887138, 19.459605777768026], [-99.19026819260756, 19.459561073586695], [-99.18997342933608, 19.45954164813857], [-99.18993706945363, 19.459666338956698], [-99.18986337462215, 19.45966175656251], [-99.18982754721333, 19.45965952845038], [-99.18996673673828, 19.46000029815343], [-99.19007524582966, 19.460433430188537], [-99.1901221960483, 19.460847692873397], [-99.19025137099376, 19.461639597676673], [-99.19024972898548, 19.461755269127128], [-99.1902467901566, 19.461962352224813], [-99.19024419462168, 19.46214518546231], [-99.19024747129278, 19.46235926494818], [-99.19025313459845, 19.46272928136145], [-99.19029857401559, 19.462749202247238], [-99.1905031263634, 19.462838881257063], [-99.19052735040067, 19.462928245362008], [-99.19059675210909, 19.463172167509626], [-99.19072991214193, 19.46424034255256], [-99.19077329939513, 19.464667237190675], [-99.19076145438751, 19.464884807314387], [-99.19049468942043, 19.47035809062999], [-99.19096073938422, 19.47048460511861], [-99.19250773863764, 19.470904542171123], [-99.19288502204095, 19.470985686216224], [-99.19344301208116, 19.471105694469482], [-99.19365759879385, 19.471159511249528], [-99.19737795282346, 19.472215498973092], [-99.20083615586745, 19.473271868647664], [-99.20119617997068, 19.47328086432429], [-99.20135108722953, 19.473241541415454], [-99.20213345988327, 19.473042934297805], [-99.2025221122062, 19.472944272592102], [-99.20433699155907, 19.472390585289567], [-99.20507447747877, 19.472221967128792], [-99.20518358858467, 19.472172052403465], [-99.20536300170663, 19.472075285156272], [-99.20591563841053, 19.471794329411445], [-99.20646049946427, 19.47144748989976], [-99.20658071734371, 19.47137096346926], [-99.20708355563947, 19.469576168595903], [-99.19917461346736, 19.46716533826796], [-99.19619611907662, 19.46619635736118], [-99.19339659399202, 19.465285544532087], [-99.1933027017559, 19.465254995963456], [-99.1923895469793, 19.464698528379394], [-99.19117922849179, 19.463534907059202], [-99.19077437985612, 19.463145672512933], [-99.19072925789507, 19.463118715962068], [-99.19065752139566, 19.463075858439986], [-99.1906417431643, 19.462899652534354], [-99.1909962995275, 19.46296376150646], [-99.19100112734158, 19.46296463483503]]]}, "properties": {"nombre": "SAN DIEGO OCOYOACAC", "cve_col": "  16-072"}}, {"type": "Feature", "geometry": {"type": "Polygon", "coordinates": [[[-99.19024972898548, 19.461755269127128], [-99.19025137099376, 19.461639597676673], [-99.1901221960483, 19.460847692873397], [-99.19007524582966, 19.460433430188537], [-99.18996673673828, 19.46000029815343], [-99.18982754721333, 19.45965952845038], [-99.18980113662793, 19.459580083918855], [-99.18977472606859, 19.459500639382572], [-99.18974646355935, 19.459415625349404], [-99.18972087435958, 19.459313264330447], [-99.18982047490822, 19.45928537342722], [-99.19030060751237, 19.458942011655896], [-99.19050704261501, 19.458794381975853], [-99.19065445949389, 19.458072532927773], [-99.19088233181157, 19.457137271512625], [-99.1910471727509, 19.45647038599964], [-99.19121201141428, 19.455803500300284], [-99.19137377826874, 19.455164388962334], [-99.1915205506588, 19.454544697952016], [-99.19177796472196, 19.453558168427115], [-99.19184209428803, 19.453349577173537], [-99.19124218555721, 19.453219144230644], [-99.19016762212092, 19.452997125753853], [-99.19007383201065, 19.452977315116502], [-99.18997082588518, 19.452953114774502], [-99.18917435872346, 19.452751644998692], [-99.18907791083905, 19.452731065742693], [-99.18850926302603, 19.452589590141205], [-99.18798145373724, 19.452475539000673], [-99.18624207079755, 19.452099675032294], [-99.1855584770085, 19.451951951358566], [-99.18520795002293, 19.45189627263765], [-99.18478393261375, 19.45179012123418], [-99.18409544757081, 19.451649395416364], [-99.18389746781143, 19.45273611485035], [-99.18372466996762, 19.45372134416533], [-99.1835518710425, 19.454706573224883], [-99.183345112865, 19.455885405061732], [-99.18326315927666, 19.456347033068756], [-99.18328015498642, 19.456792915838346], [-99.18297395962662, 19.458015409499723], [-99.18292559857008, 19.45800412474211], [-99.18287723847185, 19.45799283906687], [-99.18285170682415, 19.458180055916493], [-99.18279072680596, 19.45816309041298], [-99.1826350560716, 19.458779867035183], [-99.18234741020143, 19.45868627179428], [-99.18207296539, 19.459396246838626], [-99.18200885434179, 19.45946478424052], [-99.18208231356205, 19.459477053491117], [-99.18315474128461, 19.459657203514933], [-99.18416414072485, 19.45982675906132], [-99.18422717227294, 19.459837347171874], [-99.18529246895878, 19.460016286194165], [-99.18544313564891, 19.460049245347246], [-99.18728331600197, 19.460451790068195], [-99.18733255962263, 19.460464109307345], [-99.18853766489813, 19.460765579952625], [-99.18861912065768, 19.460828802577232], [-99.18887492734828, 19.460891814702155], [-99.18919746245845, 19.460968818716534], [-99.18955339203919, 19.461077426455294], [-99.18977220120948, 19.461196723469058], [-99.18991409413663, 19.46131582064665], [-99.19003878114316, 19.461479073391473], [-99.19024972898548, 19.461755269127128]]]}, "properties": {"nombre": "TACUBA", "cve_col": "  16-077"}}, {"type": "Feature", "geometry": {"type": "Polygon", "coordinates": [[[-99.18778637299674, 19.40390407563185], [-99.18792888354704, 19.40390840719812], [-99.18794884922681, 19.403909006508602], [-99.18796847296966, 19.403909595325782], [-99.18799116273145, 19.403910291224147], [-99.18832115950573, 19.40392030539141], [-99.18932320927449, 19.403950712203443], [-99.18989088296901, 19.40396793513628], [-99.19076797233038, 19.40388139506423], [-99.1912543791724, 19.40383340037679], [-99.19158304169558, 19.403810160180296], [-99.19161108482145, 19.403808176765708], [-99.19164696204201, 19.4038056401405], [-99.19173623224033, 19.403799327459947], [-99.19199674245148, 19.403765038063458], [-99.19203221046433, 19.403760369907655], [-99.192057689914, 19.403757016374822], [-99.19210757843648, 19.403750449603407], [-99.19220647792632, 19.40373945154568], [-99.19219987711776, 19.403488514918593], [-99.19219327728446, 19.40323757737947], [-99.19225287809746, 19.402672031975833], [-99.19227780647783, 19.40242272392191], [-99.19232426753851, 19.40195807426783], [-99.1923472922588, 19.401654848349658], [-99.19233115380464, 19.40147119234589], [-99.19226109269916, 19.401255600605758], [-99.19216734305286, 19.40106342499317], [-99.19206584338126, 19.400908233429067], [-99.19194099769454, 19.400782648091976], [-99.19173817354486, 19.400620168113186], [-99.19150147669941, 19.40045328991311], [-99.19133289444943, 19.400315887918296], [-99.19121550900691, 19.40019919410108], [-99.19109063861039, 19.400051421732236], [-99.19095795759078, 19.39988886711041], [-99.1908814931261, 19.399764799962206], [-99.19082761892543, 19.399677389470014], [-99.19063004197145, 19.39938633964598], [-99.1905362694985, 19.399171977600325], [-99.19018591038622, 19.398355571895447], [-99.18992180114016, 19.397740141617998], [-99.1898663806434, 19.397599502993284], [-99.18956586279408, 19.39683688782025], [-99.18937280346695, 19.39634696333473], [-99.18925597376455, 19.39608366520489], [-99.18915068905252, 19.39581684219748], [-99.18907698021923, 19.395630042834], [-99.189007458072, 19.395634473786743], [-99.18897209848413, 19.395636744550615], [-99.18894631255432, 19.395638400766483], [-99.18889452927957, 19.3956417278665], [-99.18862283268832, 19.395659127400545], [-99.18851635960502, 19.395665945278576], [-99.18782449003884, 19.39571025071783], [-99.18765435894122, 19.395705246231007], [-99.18755144215525, 19.395702218299697], [-99.1865034547595, 19.395638892274803], [-99.18598119056205, 19.395778389555094], [-99.18531477895864, 19.395956386442926], [-99.18519487444465, 19.397035362976503], [-99.18511749249282, 19.39768921688399], [-99.18507807959938, 19.398022241077985], [-99.18503865116509, 19.398593566879864], [-99.18496697711943, 19.39963214885944], [-99.1849237107547, 19.39986972448217], [-99.18489848489766, 19.40002297228453], [-99.18489180285741, 19.40011580615], [-99.18485633520623, 19.400608539795552], [-99.1847958041872, 19.401449460000887], [-99.18474078358463, 19.402213823557506], [-99.18470720555226, 19.402680305542777], [-99.18466057033626, 19.40332816847221], [-99.18460154325847, 19.40403402151447], [-99.18450426610136, 19.405197280427643], [-99.18440958707703, 19.40632944928088], [-99.18440578563451, 19.406374898752386], [-99.1842968119164, 19.407677987116443], [-99.18429169940522, 19.40773912476345], [-99.18427666633559, 19.407918887248282], [-99.18438184361543, 19.40771088591239], [-99.18465212420092, 19.4072030037294], [-99.18503194020099, 19.406478802503806], [-99.1854103731586, 19.405775962304354], [-99.18568395497962, 19.40526785012973], [-99.18634811686222, 19.40401905836342], [-99.18641331979444, 19.40380583709989], [-99.18667870578706, 19.403310699321693], [-99.18679613041088, 19.403304023963585], [-99.18693404315913, 19.40309086061235], [-99.18702703545055, 19.402861357036574], [-99.18708273413056, 19.40275181974108], [-99.1877238089133, 19.403801623502503], [-99.18778637299674, 19.40390407563185]]]}, "properties": {"nombre": "TACUBAYA", "cve_col": "  16-078"}}, {"type": "Feature", "geometry": {"type": "Polygon", "coordinates": [[[-99.13496850062914, 19.413220414510995], [-99.13387529011229, 19.41258924685845], [-99.13345175614116, 19.41231044897939], [-99.13342549813221, 19.41229316371745], [-99.1331555317492, 19.41213076698761], [-99.13290591333283, 19.411980609493867], [-99.13289328398274, 19.41197316479868], [-99.13288065463306, 19.411965719198903], [-99.1325383294736, 19.41176391685829], [-99.13180440022796, 19.41133076520345], [-99.13142961680042, 19.411109558692996], [-99.13100551481293, 19.410858426630586], [-99.13089436835133, 19.41078621676353], [-99.13040746488372, 19.41046988128406], [-99.12980355099604, 19.41011191661301], [-99.12968771363236, 19.41004325376247], [-99.12891979422147, 19.40958806904863], [-99.12846959272248, 19.409315030518183], [-99.12783733162844, 19.408946429748987], [-99.12765104305481, 19.408963572456013], [-99.1276137851449, 19.4089670011554], [-99.12747586409999, 19.408989348612373], [-99.12729600787807, 19.408980096723937], [-99.12695220711925, 19.408962409110554], [-99.12671173170106, 19.40894167375853], [-99.1274598274036, 19.411041828380814], [-99.12771986816804, 19.41228131785336], [-99.1278565146741, 19.41338727593308], [-99.12786640413991, 19.413467319224296], [-99.12816635399531, 19.41345952832222], [-99.1282945816262, 19.413452095044644], [-99.12921154755787, 19.41339893963153], [-99.13067105102505, 19.41338183023496], [-99.13266938311091, 19.413329545588436], [-99.13329338399036, 19.413313214906925], [-99.13349053317675, 19.413308614789962], [-99.13380615045112, 19.413306039255346], [-99.13485108059216, 19.413297271411935], [-99.13496017277876, 19.413296356268006], [-99.13496433622902, 19.413258385841825], [-99.13496850062914, 19.413220414510995]]]}, "properties": {"nombre": "PAULINO NAVARRO", "cve_col": "  15-022"}}, {"type": "Feature", "geometry": {"type": "Polygon", "coordinates": [[[-99.13577845293798, 19.408110000534684], [-99.13583284410267, 19.408077604674048], [-99.13588723429254, 19.408045207894126], [-99.13632151633624, 19.407786538881506], [-99.13659360747691, 19.407766510425816], [-99.13686569854823, 19.407746481563045], [-99.13766747336963, 19.40768232590272], [-99.13862361154818, 19.407625617731437], [-99.13954630692729, 19.40753397859943], [-99.14000680169643, 19.40751423224796], [-99.14046729729878, 19.40749448472951], [-99.14133120646882, 19.407417714832576], [-99.14223412893732, 19.407318466259667], [-99.14301482228902, 19.407270460343774], [-99.14376973783226, 19.40721270128692], [-99.14449261949551, 19.407192389680425], [-99.14456820926536, 19.407195440189426], [-99.14464379808454, 19.407198489763992], [-99.1446764875529, 19.406897071943494], [-99.14481612195767, 19.405609518538053], [-99.14488695919006, 19.404819770569798], [-99.14496796903, 19.40406794018363], [-99.1449790844825, 19.403973878689467], [-99.14499019897096, 19.403879818098243], [-99.14471996259147, 19.403863702227046], [-99.1441407799319, 19.403832446182694], [-99.1433838071852, 19.403791891919585], [-99.14273905509539, 19.403757062790795], [-99.14269098992952, 19.4037544489974], [-99.14238656326427, 19.403739339747105], [-99.14090438529027, 19.403665768375053], [-99.14015611487562, 19.403623370192783], [-99.14007886178298, 19.403618992448987], [-99.13908621218407, 19.403562685319656], [-99.13829675749813, 19.40352041581981], [-99.13819912448878, 19.403515187915417], [-99.13777076291288, 19.40348664084782], [-99.13734240147959, 19.403458092769696], [-99.13661236201395, 19.40342882537713], [-99.13650097846656, 19.403424359698903], [-99.13649258717565, 19.40347992170497], [-99.13631701356503, 19.404607829501323], [-99.1361067823357, 19.40596888285725], [-99.13610152912051, 19.40600613207617], [-99.136096275903, 19.4060433812948], [-99.13591604949897, 19.407215541060157], [-99.13577845293798, 19.408110000534684]]]}, "properties": {"nombre": "ALGARIN", "cve_col": "  15-001"}}, {"type": "Feature", "geometry": {"type": "Polygon", "coordinates": [[[-99.1472281508608, 19.446142626410584], [-99.14740790113427, 19.445365576587058], [-99.14763793301333, 19.444361072907707], [-99.14784500134911, 19.443443358473523], [-99.14804550893676, 19.44255471369969], [-99.14824790541637, 19.441657687769997], [-99.14872936822097, 19.440052588531316], [-99.14875509736252, 19.439966811374738], [-99.14887072763669, 19.439137681848987], [-99.14888888541971, 19.43900748385735], [-99.14891786019602, 19.438799714060305], [-99.14900080763803, 19.43835794414327], [-99.14910863707144, 19.43789064162706], [-99.14901051825008, 19.437865486651212], [-99.14825635748144, 19.437672141813508], [-99.14764633306059, 19.437507286694643], [-99.14665153369457, 19.437423300522692], [-99.14661334684604, 19.437458818776047], [-99.14657515902907, 19.437494337925834], [-99.14401557023785, 19.439891076174998], [-99.14391080244367, 19.439992405182796], [-99.14376199384441, 19.44019907805628], [-99.14333948646527, 19.440691573479324], [-99.14275900849054, 19.441103947983148], [-99.14277880015621, 19.44110858296997], [-99.14279859277643, 19.441113218857573], [-99.14283817611411, 19.44112248972406], [-99.14295610896771, 19.441157051917973], [-99.14305387733782, 19.44117243033924], [-99.1431272038658, 19.441183964572204], [-99.14321681594332, 19.441187758188565], [-99.14330233507701, 19.441168370885727], [-99.14337156431822, 19.44115286073291], [-99.14341833108148, 19.44113758972027], [-99.14345508785672, 19.441171720487798], [-99.14349184464734, 19.44120585124766], [-99.14364862145703, 19.44124923875422], [-99.14439014248151, 19.44148821270607], [-99.14438197687426, 19.441528731290415], [-99.14437381126304, 19.441569249874217], [-99.14412819799499, 19.442788011353386], [-99.14393926540079, 19.443715284088533], [-99.14373199373937, 19.444732555629884], [-99.14357250111804, 19.445532902874376], [-99.14336356874283, 19.446485680984757], [-99.14317159807818, 19.447414005117583], [-99.14314505903961, 19.44754234197116], [-99.14300929672265, 19.447519840624157], [-99.14301505122847, 19.4475212007084], [-99.14295443884993, 19.447849594275358], [-99.14352409325018, 19.44795889522265], [-99.14402033115084, 19.448061078025138], [-99.1444406340076, 19.448144960826397], [-99.1445393095501, 19.447695181034334], [-99.14475811181022, 19.446708744655325], [-99.14478148213108, 19.446603382711864], [-99.14497095627355, 19.445749158658327], [-99.14575574405211, 19.445905044641542], [-99.1472281508608, 19.446142626410584]]]}, "properties": {"nombre": "GUERRERO III", "cve_col": "  15-052"}}, {"type": "Feature", "geometry": {"type": "Polygon", "coordinates": [[[-99.19917461346736, 19.46716533826796], [-99.20688865154244, 19.469516762087046], [-99.20708355563947, 19.469576168595903], [-99.20719199617841, 19.469208143001847], [-99.20689916072975, 19.46912299215664], [-99.20692725174602, 19.469017940858333], [-99.20699237641934, 19.469011688679423], [-99.2070922117, 19.46898480470781], [-99.2071876202868, 19.468892032067714], [-99.207516234642, 19.467800280457233], [-99.20799401037773, 19.466210029819848], [-99.20810862833349, 19.465859834073086], [-99.20817996513927, 19.465862732621865], [-99.2082802589746, 19.465646736354106], [-99.208475763933, 19.465380425403158], [-99.20854065910889, 19.46518173251422], [-99.20865519085271, 19.464958498039294], [-99.20886669668917, 19.46478755748925], [-99.20912070782343, 19.464742080546895], [-99.20933253509524, 19.46482216394291], [-99.21035997987079, 19.465272818196265], [-99.21057700490779, 19.46527758727586], [-99.21076750487977, 19.465237201945623], [-99.21094734779811, 19.46514160261508], [-99.21157528545328, 19.464144358191366], [-99.21248594488227, 19.462698089791672], [-99.21241393184229, 19.462617539931973], [-99.21236329592375, 19.46253885377406], [-99.21235953429472, 19.462422451151685], [-99.21235625354694, 19.462245094886324], [-99.21212800761155, 19.462106804020035], [-99.21161553216486, 19.461635812923593], [-99.21149580697237, 19.46152577943019], [-99.21126307048905, 19.461266872503483], [-99.2112647879745, 19.461149628415154], [-99.2112671313151, 19.460989630489497], [-99.2114532217927, 19.460423241238505], [-99.21145825374366, 19.46021186738782], [-99.21136265305428, 19.459996187167796], [-99.21115924684524, 19.459620939092908], [-99.21098317792634, 19.45932950957761], [-99.21085977741993, 19.4591208588999], [-99.21076248089389, 19.45903391139068], [-99.21060285859447, 19.458930485526384], [-99.21045808363988, 19.458862033366092], [-99.21035208929688, 19.458813142278775], [-99.21026413914468, 19.458732370510194], [-99.21020461384427, 19.458654016632707], [-99.21017878968415, 19.458578800244986], [-99.21018878424113, 19.458529375133185], [-99.21027393041038, 19.458108321561134], [-99.21032488760304, 19.457754465638956], [-99.2103313799942, 19.45762171267621], [-99.21032741659403, 19.457400766180623], [-99.21032366470315, 19.45719163374937], [-99.21032908127967, 19.456999641453976], [-99.21032879062857, 19.456774176607905], [-99.21035431115601, 19.45652907563784], [-99.21037565082526, 19.456325234273248], [-99.21036468739561, 19.456197216239826], [-99.20994828723329, 19.455647907852544], [-99.20973830086015, 19.455724199683587], [-99.20903047466744, 19.45591188613195], [-99.20876791155099, 19.455981506540027], [-99.20867630594009, 19.456008588888206], [-99.2083873641585, 19.456094010802328], [-99.20757769429802, 19.456333376611944], [-99.20617771111066, 19.45674345018553], [-99.2056502504098, 19.456898881489458], [-99.20523852383144, 19.45701817253423], [-99.20516262413996, 19.457036262311227], [-99.20448520694937, 19.457226853640833], [-99.20374196537023, 19.457451582106582], [-99.20303022969418, 19.457666781406566], [-99.20230926436717, 19.457884768060033], [-99.20158829708784, 19.458102751859048], [-99.20152254127228, 19.458138489317598], [-99.20141277775505, 19.458198145570652], [-99.201296212687, 19.45820780291845], [-99.20105670256879, 19.45822764590965], [-99.20051516682895, 19.458280195843574], [-99.20001020675937, 19.458384653210405], [-99.19930449796534, 19.45854705228408], [-99.19877904948537, 19.45866272854137], [-99.19851697706657, 19.460210068787525], [-99.19823286097628, 19.46211236538466], [-99.19790249760068, 19.46324970570741], [-99.19771962884253, 19.463379240942057], [-99.19721947802002, 19.463272573063207], [-99.19690383774335, 19.464373168350278], [-99.19679261115706, 19.46476099525602], [-99.19666799832756, 19.464863668209485], [-99.19607737925963, 19.46469867084747], [-99.19562689687969, 19.464560704233016], [-99.19511739049646, 19.4644136634339], [-99.19460788501947, 19.46426662119244], [-99.19265774252203, 19.463652364332777], [-99.19224103086833, 19.46318882114567], [-99.19100112734158, 19.46296463483503], [-99.1909962995275, 19.46296376150646], [-99.1906417431643, 19.462899652534354], [-99.19065752139566, 19.463075858439986], [-99.19072925789507, 19.463118715962068], [-99.19077437985612, 19.463145672512933], [-99.19117922849179, 19.463534907059202], [-99.1923895469793, 19.464698528379394], [-99.1933027017559, 19.465254995963456], [-99.19339659399202, 19.465285544532087], [-99.19619611907662, 19.46619635736118], [-99.19917461346736, 19.46716533826796]]]}, "properties": {"nombre": "NUEVA ARGENTINA (ARGENTINA PONIENTE)", "cve_col": "  16-057"}}, {"type": "Feature", "geometry": {"type": "Polygon", "coordinates": [[[-99.2048283531119, 19.418062091952333], [-99.2059757519241, 19.41878660046695], [-99.20662482845127, 19.419191814600783], [-99.20719777366804, 19.419410687906975], [-99.20732925522027, 19.419169941599012], [-99.20781815452816, 19.418274744420216], [-99.20795955735696, 19.418015827788484], [-99.2080295875664, 19.417929052572486], [-99.20853499983113, 19.417302788724975], [-99.20858907052212, 19.417235788800046], [-99.20916930373627, 19.416802992080687], [-99.2096870661746, 19.416416790188165], [-99.20981528399072, 19.416342244063035], [-99.21041535753511, 19.41599336004222], [-99.2105551746166, 19.415934590710343], [-99.21124491378453, 19.415644664624338], [-99.21169513204127, 19.415455417905918], [-99.21238235900034, 19.415179274027363], [-99.21252141861348, 19.415193245627837], [-99.21269059721175, 19.415099478887516], [-99.21293272009349, 19.41489236925152], [-99.21306836919665, 19.41477227715092], [-99.21314490473706, 19.41469942864591], [-99.21356620164357, 19.41428726642752], [-99.2134754468796, 19.414207776795802], [-99.21298475230509, 19.413785762846963], [-99.21364356259896, 19.41309227664244], [-99.21346334509353, 19.412963256085135], [-99.21340539162955, 19.412923659763592], [-99.2137705803246, 19.412482593183498], [-99.21410431441689, 19.412178531199057], [-99.21412016110526, 19.41210374751673], [-99.21412577467336, 19.41207727085288], [-99.21409307986313, 19.41184015437349], [-99.21408640586151, 19.411573112063152], [-99.21408303435562, 19.41136227743222], [-99.21408360513139, 19.411225644666306], [-99.21406245115122, 19.4107071385395], [-99.21455089429475, 19.41061148444589], [-99.21479920297742, 19.41058198907167], [-99.21491773601058, 19.410536608528005], [-99.21507908348616, 19.410484580054646], [-99.215243606076, 19.410442434408854], [-99.21541062776605, 19.41041033505352], [-99.21557947250878, 19.41038841834215], [-99.21571563634947, 19.410379099315794], [-99.2158194010438, 19.410362723541997], [-99.21590846639711, 19.41034650254191], [-99.21669668728009, 19.41016063899254], [-99.21680194922614, 19.410136514159053], [-99.21781275102838, 19.409924898699586], [-99.21797325690254, 19.409921495302928], [-99.21809759899301, 19.409937825492715], [-99.21820354365956, 19.409957375062827], [-99.21829275255236, 19.409977693863496], [-99.2183823025448, 19.410003076674208], [-99.21989855554801, 19.40810373685075], [-99.21992621114973, 19.4080689931833], [-99.21975910152199, 19.407975018353355], [-99.21998896267898, 19.407700400598436], [-99.22019672524638, 19.407354395311412], [-99.22042164647921, 19.406865677392044], [-99.22059477667837, 19.406574594945244], [-99.22082008082566, 19.406371260122167], [-99.22132281857245, 19.40601940656908], [-99.22161742547873, 19.40573915179236], [-99.22175557384936, 19.40555349406554], [-99.22192510733649, 19.405411031132857], [-99.22203907261141, 19.40531526354554], [-99.22228013152765, 19.405175828923493], [-99.22254496408021, 19.40512613261872], [-99.2227389077797, 19.4051258950343], [-99.22285233905936, 19.405053941608074], [-99.22293258336367, 19.40492816781414], [-99.22297022999801, 19.404784493783602], [-99.22292748570143, 19.404658870830808], [-99.22285170332736, 19.40458715029198], [-99.22270026515092, 19.40453796369714], [-99.22244016435802, 19.40458765443171], [-99.22209005253313, 19.404538710370698], [-99.22168796301932, 19.404530223670367], [-99.22139948533295, 19.404584436322832], [-99.22121511204705, 19.404665451894143], [-99.22087010677922, 19.404894779218026], [-99.2207235873507, 19.404984724972042], [-99.22048497370419, 19.40508492032521], [-99.22034531701684, 19.405101881781235], [-99.22054849747677, 19.40493556530636], [-99.22067601104803, 19.404782805069992], [-99.2207466449586, 19.40454483487327], [-99.22053712535964, 19.40351724828059], [-99.22045174403146, 19.403342305112186], [-99.22036650794547, 19.40327508286953], [-99.22026241136274, 19.403252766877234], [-99.21998337273888, 19.403289011557664], [-99.21984621826456, 19.40330713087723], [-99.21847500232485, 19.403735181872587], [-99.21827634145487, 19.403744397245276], [-99.21805878248712, 19.403771588449555], [-99.2178412721977, 19.403834686989434], [-99.21760957643366, 19.40390229014623], [-99.21722651096057, 19.403970073982965], [-99.22097424929594, 19.40144757059711], [-99.22235444946628, 19.400687349693275], [-99.22248201298346, 19.400574984554936], [-99.22351985757567, 19.399296188413512], [-99.22352859524082, 19.398894670312433], [-99.22352381175716, 19.39846816458408], [-99.22348994949674, 19.398280859716973], [-99.22341824724164, 19.39806968519305], [-99.22333824739455, 19.397934256516155], [-99.22330444079128, 19.397786812088643], [-99.22334185562994, 19.397499767770835], [-99.22340030710409, 19.397236614647518], [-99.22338329281239, 19.397081177837748], [-99.22333694763577, 19.39698158202048], [-99.2232359507106, 19.39685016539594], [-99.22307201238195, 19.39677064458728], [-99.2225551080629, 19.396615820332375], [-99.22247104949454, 19.39658403529975], [-99.2224666761089, 19.39645648540182], [-99.22243707675744, 19.396243437904584], [-99.22216535965538, 19.396334735392863], [-99.21979484291437, 19.397096278645673], [-99.21830613160478, 19.397577796282505], [-99.2173025443043, 19.397902393628286], [-99.2169387067188, 19.398021395874114], [-99.21484562656846, 19.39870779383868], [-99.21421585001141, 19.398965346557805], [-99.2138911002267, 19.39911708197816], [-99.21370371016151, 19.399204674428365], [-99.21326023663012, 19.399439618594407], [-99.2129911987484, 19.399599828148286], [-99.21289110262649, 19.399659433955843], [-99.21063175567166, 19.401066945120668], [-99.20843604470049, 19.402444108596725], [-99.20702458444946, 19.403329358876878], [-99.2054947845824, 19.40431015179201], [-99.20473121913582, 19.40479968339545], [-99.2029005411665, 19.405964073008374], [-99.20238245169828, 19.406247998035905], [-99.20235730119829, 19.40626178162721], [-99.20233911600525, 19.406271747359234], [-99.20170366461397, 19.40661998719209], [-99.20131050491217, 19.406835443506225], [-99.20079402893401, 19.407118477488517], [-99.20049905631865, 19.407280124251322], [-99.20034043494637, 19.40736704947475], [-99.20008062642002, 19.40750942554224], [-99.20005375463788, 19.407524150584113], [-99.19999113057652, 19.40755846885016], [-99.19927577010714, 19.407950484112007], [-99.19857599811188, 19.408333952896864], [-99.19789397737637, 19.408707689150145], [-99.19375677474918, 19.41097077927917], [-99.19354214752086, 19.412323473468653], [-99.1936193834154, 19.41256062593717], [-99.1935472019051, 19.413047505466007], [-99.19342808689318, 19.413850946106457], [-99.19340588022823, 19.41425269665379], [-99.1934440402276, 19.41455395209648], [-99.19358064546515, 19.414984228493605], [-99.1950354931043, 19.417629767964915], [-99.19523249870933, 19.417981067652487], [-99.19536905158922, 19.418361127158636], [-99.19543001200435, 19.418755615398837], [-99.1954284141085, 19.419016574423733], [-99.19542684880015, 19.419272124622935], [-99.19542543767042, 19.419309213132504], [-99.19542461205447, 19.41933091783631], [-99.19541384753786, 19.419613827297436], [-99.19540119070547, 19.4199464797049], [-99.19546212180782, 19.420315859754222], [-99.19552365299195, 19.420497025242483], [-99.19548255506378, 19.420523386799427], [-99.19533001841367, 19.420588930753883], [-99.19528739850512, 19.420722334474846], [-99.19523858397413, 19.420786166304293], [-99.19512862901816, 19.420826871573844], [-99.19498199832066, 19.420861817867337], [-99.19422416665704, 19.420839437617055], [-99.19397967953103, 19.42081070837054], [-99.19372297643932, 19.42078778920797], [-99.1934174522506, 19.420822903650503], [-99.19309971774624, 19.420869627137186], [-99.19262730324006, 19.42093386115312], [-99.1924520783413, 19.421006571595825], [-99.19011801506412, 19.421409102688376], [-99.18946682273591, 19.421106340044695], [-99.18961016860321, 19.421031140753673], [-99.18970595812556, 19.420971647130624], [-99.18981797090687, 19.420902077159173], [-99.1902636655033, 19.420530529390827], [-99.19048315955573, 19.420089639338652], [-99.19061712152825, 19.419672031043934], [-99.19065324819391, 19.41920814084979], [-99.19060379691801, 19.41872694557969], [-99.19045042182448, 19.418216868715632], [-99.19026665289832, 19.4178459788744], [-99.18997831931544, 19.417486421558426], [-99.18985056548189, 19.417394158426358], [-99.18920852741253, 19.417081727842433], [-99.1878753644581, 19.416681673880188], [-99.18788944786024, 19.41643591332968], [-99.18779703237688, 19.41401550194864], [-99.18773760535952, 19.414045523626342], [-99.1871702169864, 19.41433216120684], [-99.1863895370816, 19.414726545576578], [-99.18582905610396, 19.415009686230967], [-99.18557812612067, 19.415136448729857], [-99.18501676051518, 19.415355793913577], [-99.18388269775156, 19.415798905255745], [-99.18371806313681, 19.415862055967793], [-99.18297638887711, 19.416146542229516], [-99.1826283024386, 19.416248292145582], [-99.18229078791815, 19.416307720238112], [-99.18098415147306, 19.41653778096856], [-99.1808279792405, 19.41657703611587], [-99.1803597296681, 19.41669473361359], [-99.1801791643313, 19.41674011978913], [-99.18019900309646, 19.41692753789617], [-99.17949736997569, 19.41870433932499], [-99.17903134155951, 19.41973566258008], [-99.1788805711234, 19.41996619110673], [-99.17879162484014, 19.420102189702025], [-99.17862696970262, 19.42022295906869], [-99.17850934244326, 19.420294545707662], [-99.17842929819798, 19.420290157253817], [-99.17823626671998, 19.420294813890834], [-99.17811571897455, 19.4203289944005], [-99.17797440378331, 19.420369063059844], [-99.17800254108087, 19.42082961377101], [-99.17801275091115, 19.42103394292399], [-99.17802672826207, 19.421313683215285], [-99.17803625731354, 19.42233775088273], [-99.17802700625552, 19.42269029256651], [-99.17799824486083, 19.422976175736743], [-99.17791412308776, 19.423392502360713], [-99.17770796031255, 19.423382673792325], [-99.17755995129667, 19.423380311637867], [-99.17762841758406, 19.423149554802823], [-99.1776573268137, 19.422999076442355], [-99.17767012998127, 19.422620431772565], [-99.17767521220546, 19.422432364638826], [-99.17762280000676, 19.421316099431348], [-99.17706117854037, 19.421315570588643], [-99.17687198410603, 19.421310146427338], [-99.17646664880174, 19.42108389674351], [-99.17633773669705, 19.421056152918396], [-99.17638589225069, 19.42116828629004], [-99.17638236377698, 19.42132253638044], [-99.17633813373318, 19.42142424192292], [-99.17565139338924, 19.422649319243444], [-99.17555252539042, 19.422746617547062], [-99.17540842785776, 19.422753767870805], [-99.17522357992944, 19.422662800363902], [-99.17530663638586, 19.422800536254577], [-99.1755065934585, 19.42313157951306], [-99.17554892768933, 19.423201706405163], [-99.17556412598813, 19.423226874874036], [-99.17546067707929, 19.423237491484226], [-99.17523103433402, 19.42323750716464], [-99.17530124303613, 19.423358324182516], [-99.17532886561497, 19.423405859583823], [-99.17534205612806, 19.423428557421577], [-99.17542669805106, 19.42357421194468], [-99.17579845461105, 19.42353359337158], [-99.17594703790836, 19.423498572073335], [-99.17612593745035, 19.42349839865625], [-99.17651553125441, 19.42345524354331], [-99.17745604157246, 19.423684152855014], [-99.17758820037406, 19.423716318221437], [-99.17768761286507, 19.42372705119965], [-99.17809299802404, 19.423726576375316], [-99.1781459898971, 19.423859782935367], [-99.17827075167361, 19.42417339801847], [-99.17854695683117, 19.42486769768524], [-99.17988133829282, 19.428207981794802], [-99.17990226984257, 19.428260377888467], [-99.18002912406654, 19.428209509013914], [-99.18015040516906, 19.4281582271571], [-99.18038624177625, 19.42806845846602], [-99.18064232158386, 19.42799785627147], [-99.18077039323708, 19.427991333159497], [-99.18102657193289, 19.42801026396011], [-99.18124238323531, 19.42809958229451], [-99.18139079883636, 19.42820175900669], [-99.18149207030082, 19.428342352990846], [-99.1815866502794, 19.42852772132467], [-99.18166270554471, 19.428701891132718], [-99.18171505654436, 19.428821775410338], [-99.18182986750512, 19.42901351900032], [-99.18193107577362, 19.42909655558657], [-99.18214029013298, 19.429313785123572], [-99.18253841136995, 19.4296715206414], [-99.18263968150748, 19.4296941682039], [-99.18279463580832, 19.429728820037514], [-99.18559407418417, 19.42852333927693], [-99.18736231607066, 19.42776187651634], [-99.1887786753826, 19.427151927564513], [-99.18893533560087, 19.42708446168212], [-99.19058726740431, 19.42637304368524], [-99.19167949607144, 19.425902654077806], [-99.19173419902427, 19.425879095017013], [-99.19185919715335, 19.425825261076064], [-99.19716352102427, 19.426658071729733], [-99.19757705655324, 19.42672299207674], [-99.19836689025645, 19.426846984677834], [-99.20040515179421, 19.427166946036095], [-99.20117223783205, 19.427287354686122], [-99.20128239370422, 19.427304645523474], [-99.20158427641168, 19.42747371784456], [-99.20186553624242, 19.427664951064305], [-99.20212763997635, 19.42780961377618], [-99.2023350903085, 19.427884447675016], [-99.20249612595055, 19.427933448700035], [-99.20269804224468, 19.427946165599046], [-99.2031509450255, 19.427937894641644], [-99.20317870233825, 19.427921951749646], [-99.20319960313512, 19.427909947717612], [-99.20325949836345, 19.427875546471054], [-99.20348619079958, 19.42775333979188], [-99.2035020941645, 19.42765704756145], [-99.20350569807084, 19.427635881968065], [-99.20350657824996, 19.42761522822289], [-99.20392681996829, 19.427428236637116], [-99.20399429219347, 19.42741565062127], [-99.20396023219293, 19.427304390098087], [-99.20378008053122, 19.42696357286673], [-99.20362642829923, 19.426677890725813], [-99.20338033384215, 19.426130502801282], [-99.20314353748746, 19.425371125204038], [-99.20293759837874, 19.4246944277275], [-99.20274907183226, 19.424080744245956], [-99.20253761106126, 19.423606856711885], [-99.20274261905281, 19.42298391076568], [-99.20308185084835, 19.422298450429885], [-99.20280221139762, 19.422201525078464], [-99.2025255525065, 19.4222812167976], [-99.20240171074703, 19.422316889230185], [-99.20219675758385, 19.42233921716262], [-99.2019917051046, 19.422281986660632], [-99.20179592783771, 19.422189386569272], [-99.20160475421045, 19.422052582791327], [-99.20129224457797, 19.421743537270338], [-99.20095644820817, 19.42143893706742], [-99.2007373293944, 19.421306583379092], [-99.20029920303521, 19.421130271812487], [-99.1997859878881, 19.420956788205924], [-99.20011617865717, 19.420457852557334], [-99.20046389415236, 19.420378558742055], [-99.20052863027412, 19.420346019229598], [-99.20066414157954, 19.42027790599222], [-99.20102677591244, 19.420033599228773], [-99.20136675658235, 19.419814424992133], [-99.20145685265548, 19.41977510622287], [-99.20205066862239, 19.419515956579428], [-99.20242489401775, 19.41947608516893], [-99.20249523523485, 19.41941527116439], [-99.20280281081476, 19.419364471348153], [-99.20312031466565, 19.41931390030013], [-99.20337726130685, 19.41920959427968], [-99.20368704266934, 19.4190299042615], [-99.20394392681322, 19.41887538215317], [-99.2048283531119, 19.418062091952333]]]}, "properties": {"nombre": "BOSQUE DE CHAPULTEPEC I, II Y III SECCIONES", "cve_col": "  16-015"}}, {"type": "Feature", "geometry": {"type": "Polygon", "coordinates": [[[-99.20238733744327, 19.45085058293182], [-99.20233427118623, 19.450847273066962], [-99.20224100775351, 19.45083208704256], [-99.20124313857764, 19.451507774883535], [-99.20082138613587, 19.45179335415103], [-99.19972117543487, 19.4525383239557], [-99.19904917254362, 19.452969726694263], [-99.19920782643412, 19.45312176781485], [-99.19998016566058, 19.452599651477332], [-99.20095476322685, 19.4529041887524], [-99.20186847992188, 19.45318587742681], [-99.20223988342381, 19.45328833405482], [-99.20286609475164, 19.45348281912251], [-99.203355912896, 19.453634942226135], [-99.2036165656572, 19.453706051747538], [-99.20387721864213, 19.453777160891708], [-99.2039316478598, 19.453782421701284], [-99.20418076569594, 19.45380650026559], [-99.20425170483894, 19.45381335643394], [-99.20472816392305, 19.45391515910837], [-99.2062257742365, 19.453411497825925], [-99.20631078401597, 19.4533828815706], [-99.20649689005315, 19.45332023180706], [-99.20672348488034, 19.453253871126872], [-99.20719061173314, 19.45311393577882], [-99.20753396821344, 19.453032094609778], [-99.20786916582522, 19.453027012310855], [-99.20817468731633, 19.453057987514107], [-99.20841581569759, 19.45309373645245], [-99.2085442489039, 19.452808518717248], [-99.20870013757806, 19.452637624126186], [-99.2075295937941, 19.45228852658437], [-99.20688663347775, 19.452096769789797], [-99.20647537788753, 19.451974114779976], [-99.20607453525098, 19.451854564832786], [-99.20567369224082, 19.45173501399386], [-99.20524143941046, 19.451606092798123], [-99.2049042446249, 19.451505523140703], [-99.20456704929535, 19.451404951948863], [-99.20406473052682, 19.451255130702005], [-99.20387520538986, 19.451198601982707], [-99.20339535353791, 19.451055479096365], [-99.20298075977436, 19.45093181943242], [-99.20282010367787, 19.4508839004698], [-99.20268600770942, 19.450961334663848], [-99.20257650388363, 19.450953512393482], [-99.20246302019733, 19.45093154586335], [-99.20238733744327, 19.45085058293182]]]}, "properties": {"nombre": "MEXICO NUEVO", "cve_col": "  16-050"}}, {"type": "Feature", "geometry": {"type": "Polygon", "coordinates": [[[-99.18231847672737, 19.44796261008595], [-99.18179980312826, 19.44734145287339], [-99.18150709164006, 19.446990900706794], [-99.18146241318063, 19.446936710394365], [-99.18053687842315, 19.445828960524768], [-99.1799800666201, 19.4451621057131], [-99.1795615404626, 19.44511238737577], [-99.18044733740183, 19.446168241445363], [-99.18043358101143, 19.446285801226743], [-99.18036435985873, 19.446877297656613], [-99.18030668640932, 19.44737015676602], [-99.17990251067015, 19.44729803712382], [-99.17978325032051, 19.44809588070215], [-99.17876474025822, 19.447972551486536], [-99.17868002876905, 19.447962293663846], [-99.17880998623018, 19.44695723324264], [-99.178820337577, 19.446868003174917], [-99.17892093041726, 19.446000860380696], [-99.17902760944337, 19.44502041101102], [-99.17844287881809, 19.44494269315297], [-99.17736421946569, 19.444799320791116], [-99.17628556195362, 19.44465594290292], [-99.17518829312998, 19.444510084094134], [-99.17410385740298, 19.444358511970353], [-99.17301942458758, 19.44420693334597], [-99.17192462356792, 19.44404779751342], [-99.17102491154223, 19.443947673177806], [-99.17099364285552, 19.443884803619355], [-99.1709615398016, 19.443820255726184], [-99.17084815568093, 19.443773706988765], [-99.17076174532518, 19.443777067035363], [-99.17066113286636, 19.443798042187375], [-99.16970439525353, 19.44304904206282], [-99.16954598220777, 19.443236298525918], [-99.16908475471226, 19.443758542400357], [-99.16899386961411, 19.443938611395698], [-99.16891977026525, 19.44416458643308], [-99.16871576570782, 19.444786715722046], [-99.16858533205667, 19.44518448443992], [-99.16932390904007, 19.445600131255052], [-99.16939453683804, 19.445666998560277], [-99.16952112593376, 19.445786844841574], [-99.16975372698339, 19.446083597480165], [-99.16987029144208, 19.446293050548224], [-99.17013221922168, 19.446680077772232], [-99.17040485846442, 19.447088172930176], [-99.17074778292431, 19.447581830011835], [-99.17092849433882, 19.44784197223921], [-99.17107934843048, 19.448078987288696], [-99.17121190675626, 19.44828725763984], [-99.17130793782252, 19.448438137227168], [-99.17163121225413, 19.44885253395193], [-99.17230669699153, 19.44900550178909], [-99.17338775894643, 19.449250310048512], [-99.17445067641215, 19.449491001993366], [-99.17551359696198, 19.449731687679225], [-99.1761374348195, 19.449872945491855], [-99.17658884496518, 19.449975157546778], [-99.17755466307578, 19.45019384330344], [-99.17765256420563, 19.450215678943774], [-99.17843579228003, 19.450390368463037], [-99.17908951230334, 19.450536170351267], [-99.17983354211802, 19.450702111050948], [-99.18060236312786, 19.45088368909619], [-99.18092530634422, 19.45095996029531], [-99.18129595229162, 19.45104749601811], [-99.18173269998974, 19.45115064250767], [-99.18182066711523, 19.451171417643195], [-99.1821004598716, 19.449367928726996], [-99.18226842136848, 19.448285265227554], [-99.18231847672737, 19.44796261008595]]]}, "properties": {"nombre": "ANAHUAC I", "cve_col": "  16-088"}}, {"type": "Feature", "geometry": {"type": "Polygon", "coordinates": [[[-99.15181101944272, 19.454026166814756], [-99.15192746652204, 19.45339837697066], [-99.15198810419679, 19.45307146097227], [-99.15224047424145, 19.45171086017036], [-99.1524221715617, 19.450766032015395], [-99.15259045409285, 19.44989095779537], [-99.15291643723955, 19.448080035962672], [-99.15296944934477, 19.44780177324758], [-99.15324536767228, 19.446353449695224], [-99.15319246105149, 19.44634414898718], [-99.15315566696304, 19.4463376271635], [-99.15302845540465, 19.44631489022337], [-99.15120859543484, 19.44599152349857], [-99.15045528598353, 19.445857866600992], [-99.14884202291255, 19.44559071586565], [-99.14790032501321, 19.44544288240066], [-99.14740790113427, 19.445365576587058], [-99.1472281508608, 19.446142626410584], [-99.14701174826718, 19.44709772090338], [-99.14679534317924, 19.448052814150437], [-99.14658738730834, 19.448990199022823], [-99.14637159235527, 19.449962907352468], [-99.14616647836294, 19.450843869021348], [-99.14606217808964, 19.451306768868374], [-99.14596834891225, 19.451723197161783], [-99.14581863615184, 19.45242391610994], [-99.1471556171638, 19.45283275449416], [-99.14880104224288, 19.453341753512756], [-99.14904830378939, 19.45341824028813], [-99.14999560357118, 19.453712666258287], [-99.15025546679037, 19.45375888436243], [-99.15181101944272, 19.454026166814756]]]}, "properties": {"nombre": "BUENAVISTA I", "cve_col": "  15-035"}}, {"type": "Feature", "geometry": {"type": "Polygon", "coordinates": [[[-99.19185503692054, 19.44227993648707], [-99.19223243736516, 19.442238727731837], [-99.19326766737971, 19.4421256877557], [-99.19341653932501, 19.442109431149664], [-99.19355621634311, 19.44209653613112], [-99.19421167897494, 19.44203602119557], [-99.19530648742415, 19.44193493977684], [-99.19587043410046, 19.441882868620535], [-99.19624697908121, 19.44184809959659], [-99.19667708779318, 19.441808384421527], [-99.19702117231954, 19.44177661227409], [-99.1974462845067, 19.44173735617865], [-99.19841836319469, 19.441647588421173], [-99.19989620211496, 19.441511105099526], [-99.20058075062636, 19.441447880918425], [-99.20075702970566, 19.441429040413357], [-99.20142008856209, 19.44134966928041], [-99.20222452638075, 19.44125337059512], [-99.2029584687709, 19.44104977796381], [-99.20367370213832, 19.440749224204172], [-99.20440686845518, 19.440268344315996], [-99.2044815804752, 19.44021934084042], [-99.20454147590559, 19.440127733663054], [-99.20498444097021, 19.439692929168785], [-99.20527017520826, 19.439373663265172], [-99.20552728724938, 19.439047643287314], [-99.20573927529462, 19.438733520074813], [-99.2058277649943, 19.438561907084996], [-99.20590912248953, 19.43844197509112], [-99.20539977731697, 19.438421325676384], [-99.20465679936528, 19.438391202659894], [-99.20388837447145, 19.438360044221056], [-99.20315173808768, 19.43833017180025], [-99.20236197565485, 19.438295217978425], [-99.20099249641356, 19.43823748193165], [-99.20028452280533, 19.43820357618957], [-99.19956664983687, 19.438172146631402], [-99.19879834090938, 19.438138505663858], [-99.19804282684876, 19.438105421342456], [-99.19727974206594, 19.43807200320758], [-99.19639835968431, 19.43803339965091], [-99.1954678896017, 19.43799264141345], [-99.19471408206286, 19.437959618202026], [-99.19375121503226, 19.437912820133473], [-99.19297609410941, 19.437875142921104], [-99.19214622341012, 19.437834801070473], [-99.19128498213998, 19.43779630948718], [-99.19047657995642, 19.437760175820944], [-99.18958893481759, 19.437720496520235], [-99.1887362983223, 19.43768237786646], [-99.18798917182164, 19.43764897272392], [-99.18718980239012, 19.43761322805039], [-99.1862286535563, 19.437570245350567], [-99.18550723038759, 19.43753797934874], [-99.18418998526315, 19.437485735678276], [-99.18399769119081, 19.437325632164956], [-99.18375806242864, 19.43708528972246], [-99.18348708870592, 19.43711770022289], [-99.1835231897498, 19.43741117722137], [-99.18359328293342, 19.438201374905475], [-99.18360386652921, 19.43832067987226], [-99.18361805982781, 19.438488407114342], [-99.18367583546961, 19.43917113931831], [-99.18367769335735, 19.439554209683457], [-99.18367831604068, 19.439682649585848], [-99.18367900442692, 19.439824613613784], [-99.18350482201373, 19.439777563145224], [-99.18324666207566, 19.441476061388492], [-99.1832385330553, 19.441529544603473], [-99.18322777437592, 19.44166255073059], [-99.18340350947189, 19.441683992925423], [-99.1844362088138, 19.441809993180797], [-99.18448445236696, 19.44181587978104], [-99.18550431541384, 19.441940307288906], [-99.1865242898954, 19.442057552486514], [-99.18665263573679, 19.4420723057034], [-99.18664539229344, 19.442119488307807], [-99.18651826164466, 19.44294759937882], [-99.1870545059265, 19.442737770841518], [-99.18759986280425, 19.44268288333598], [-99.18991463974724, 19.442449895438394], [-99.19095655955539, 19.44234501319056], [-99.19185503692054, 19.44227993648707]]]}, "properties": {"nombre": "GRANADA", "cve_col": "  16-031"}}, {"type": "Feature", "geometry": {"type": "Polygon", "coordinates": [[[-99.17468403366746, 19.45242948151318], [-99.1747319348242, 19.452461762365832], [-99.17503003562105, 19.45266265400469], [-99.17508800780023, 19.452701721021786], [-99.17525351921697, 19.45281325923455], [-99.17533400254871, 19.452867496866006], [-99.17571739648639, 19.453125865557233], [-99.1761007878198, 19.453384229809995], [-99.1762049670671, 19.45345443446956], [-99.17665544011817, 19.45379862374751], [-99.17674033370594, 19.453863487814456], [-99.17747025602709, 19.454329934328392], [-99.17790795122256, 19.454731700820815], [-99.17799361537597, 19.4548103326148], [-99.17818426447855, 19.4549850704098], [-99.17849318809267, 19.455268209455078], [-99.17888175929771, 19.455636024813412], [-99.17925562147259, 19.455865536767572], [-99.17984964011936, 19.456172506284794], [-99.17997598670671, 19.456237798524995], [-99.18034371630277, 19.456427827141123], [-99.18040810712927, 19.456461101327726], [-99.1805329674838, 19.456334878293895], [-99.18063403234576, 19.456415556672447], [-99.18113764835878, 19.456817578462168], [-99.18195856016017, 19.45747288169653], [-99.18206179087281, 19.457561058864936], [-99.1823106896245, 19.457773662845955], [-99.18249067464271, 19.457843292353328], [-99.18287723847185, 19.45799283906687], [-99.18292559857008, 19.45800412474211], [-99.18297395962662, 19.458015409499723], [-99.18328015498642, 19.456792915838346], [-99.18326315927666, 19.456347033068756], [-99.183345112865, 19.455885405061732], [-99.1835518710425, 19.454706573224883], [-99.18372466996762, 19.45372134416533], [-99.18389746781143, 19.45273611485035], [-99.18409544757081, 19.451649395416364], [-99.18478393261375, 19.45179012123418], [-99.18520795002293, 19.45189627263765], [-99.1855584770085, 19.451951951358566], [-99.18524694144041, 19.451570218409834], [-99.18429415780152, 19.450402728128836], [-99.18360360694494, 19.449556550036544], [-99.18336533437603, 19.44926102586949], [-99.1824649135647, 19.448144237265684], [-99.18231847672737, 19.44796261008595], [-99.18226842136848, 19.448285265227554], [-99.1821004598716, 19.449367928726996], [-99.18182066711523, 19.451171417643195], [-99.18173269998974, 19.45115064250767], [-99.18129595229162, 19.45104749601811], [-99.18092530634422, 19.45095996029531], [-99.18060236312786, 19.45088368909619], [-99.17983354211802, 19.450702111050948], [-99.17908951230334, 19.450536170351267], [-99.17843579228003, 19.450390368463037], [-99.17765256420563, 19.450215678943774], [-99.17755466307578, 19.45019384330344], [-99.17658884496518, 19.449975157546778], [-99.1761374348195, 19.449872945491855], [-99.17551359696198, 19.449731687679225], [-99.17445067641215, 19.449491001993366], [-99.17338775894643, 19.449250310048512], [-99.17230669699153, 19.44900550178909], [-99.17163121225413, 19.44885253395193], [-99.17130793782252, 19.448438137227168], [-99.17119489422045, 19.448536846254456], [-99.17170956643842, 19.449299329122876], [-99.17293388938694, 19.45111311977377], [-99.17309021426074, 19.451339400643114], [-99.17330322653032, 19.451489771598943], [-99.17358959911311, 19.45169192941329], [-99.17413681468044, 19.452060705854382], [-99.17421364287154, 19.452112481247813], [-99.17468403366746, 19.45242948151318]]]}, "properties": {"nombre": "POPOTLA II", "cve_col": "  16-093"}}, {"type": "Feature", "geometry": {"type": "Polygon", "coordinates": [[[-99.23597616406035, 19.405097231983238], [-99.23628872885267, 19.404758888727475], [-99.23668341286326, 19.404417498203387], [-99.23713823441022, 19.404257829367566], [-99.23728176101986, 19.404138335286518], [-99.23740644354747, 19.40341096846615], [-99.23748409952287, 19.403285878542864], [-99.23801057639005, 19.4029954446266], [-99.23842179512394, 19.402544122432964], [-99.23861731581604, 19.40237808604782], [-99.2387140128631, 19.402199896766422], [-99.23879194845851, 19.402024699002105], [-99.23883219166487, 19.401833777152156], [-99.23885357444125, 19.401730622528227], [-99.23887557741008, 19.401662183600298], [-99.23895019333536, 19.4015319548566], [-99.23902485138295, 19.401431300357874], [-99.23912442826341, 19.40131878331666], [-99.2392520945116, 19.401232846602742], [-99.23930161904707, 19.400996179524654], [-99.23946320314899, 19.400658808496118], [-99.240073772675, 19.400427316131413], [-99.24003301362984, 19.400202947531472], [-99.24003442197296, 19.400125477635434], [-99.24005255154276, 19.400017298841245], [-99.24079896694292, 19.39884456519468], [-99.24084184306277, 19.398748620669704], [-99.2408664870288, 19.398668699804443], [-99.24101907828451, 19.398034092993196], [-99.24100891734108, 19.397860232843378], [-99.24098771702329, 19.397314928176264], [-99.24095574492257, 19.397063772552098], [-99.2409011583453, 19.396988656019442], [-99.24072771422446, 19.396913696882493], [-99.24042798596764, 19.396838904620694], [-99.24033407974139, 19.396849787604232], [-99.24024728253131, 19.396879088063272], [-99.24015577807126, 19.39695674660568], [-99.2400680213636, 19.39705789786243], [-99.23994140212483, 19.397157151942206], [-99.23989411258172, 19.397183628370097], [-99.2398330581773, 19.397202393399088], [-99.23976842518627, 19.39721111733925], [-99.23970128661686, 19.397199802688842], [-99.2396670177515, 19.39717849921163], [-99.23966011432452, 19.39714045162067], [-99.2396707915688, 19.39708381566673], [-99.24018889299552, 19.39638304189973], [-99.24021842800474, 19.396308032702915], [-99.24023210337657, 19.396239234058065], [-99.24022137038777, 19.3961577595047], [-99.24018943959061, 19.39609737061257], [-99.24014214780104, 19.39604416852978], [-99.24005320502764, 19.395973943769743], [-99.23998146909896, 19.39589460298975], [-99.23995939142874, 19.395827431256826], [-99.23993393326649, 19.395751478886325], [-99.23988765012635, 19.395676751421885], [-99.2398333729454, 19.39564510142944], [-99.23977728065681, 19.39565515070947], [-99.23972057508155, 19.395675646016215], [-99.23970981436773, 19.395725289079007], [-99.23972811317354, 19.39580243931815], [-99.23983073236526, 19.396084844972215], [-99.23983569589785, 19.396134033510723], [-99.23982793403849, 19.396177670091465], [-99.23980551191775, 19.396229679123515], [-99.23936992101744, 19.39669993080943], [-99.2387603612669, 19.397302182800544], [-99.23871151896448, 19.397322700906468], [-99.23865673466466, 19.39731906033416], [-99.23825679549574, 19.396966188390177], [-99.2378998955282, 19.397256750047923], [-99.23781218249565, 19.39715893010676], [-99.23726753957239, 19.396876875682402], [-99.23710482933794, 19.396772718736816], [-99.2359614734956, 19.397475171200877], [-99.2339677570519, 19.399493060179424], [-99.23391921628668, 19.399542189401163], [-99.2338937456859, 19.399567967444376], [-99.23312924926144, 19.400341713338836], [-99.23191979766092, 19.40172592900746], [-99.23155430779794, 19.40214422597049], [-99.23139168627456, 19.402330342478123], [-99.2309824507602, 19.402798700590004], [-99.23093156561612, 19.40285693700321], [-99.23063547103963, 19.40319580517238], [-99.2305215106509, 19.40332622866112], [-99.22866739639642, 19.405594685361297], [-99.22861022454553, 19.40566463224458], [-99.22881835709293, 19.405734330225933], [-99.22885566349538, 19.405691461242224], [-99.22929760004972, 19.405183625510386], [-99.22944095150444, 19.40516274210902], [-99.22962484336419, 19.40515659499849], [-99.22982129915275, 19.405218455044302], [-99.22990239449679, 19.40525680046948], [-99.2305238243531, 19.40568995575842], [-99.23071941588478, 19.405777193359526], [-99.23092963561673, 19.40577692636451], [-99.2314838233999, 19.405612214618724], [-99.23161707614081, 19.405592664509935], [-99.23177540148616, 19.40564943064398], [-99.23195567239928, 19.405845382613172], [-99.2321882540883, 19.406468207893464], [-99.23227155409604, 19.406692063822284], [-99.23240085392136, 19.406844123378878], [-99.23265709202293, 19.40695387255549], [-99.23273825198842, 19.407036579453035], [-99.23283198064722, 19.407190251297735], [-99.23300442970151, 19.4067686207876], [-99.23317189660065, 19.406637736736112], [-99.23342320538987, 19.406518107367592], [-99.23405766288978, 19.406358215380536], [-99.23482968756801, 19.406095880036837], [-99.23499127035468, 19.406038858654984], [-99.2352244921972, 19.405834030955848], [-99.23546373321638, 19.405651920169838], [-99.23597616406035, 19.405097231983238]]]}, "properties": {"nombre": "LOMAS DE REFORMA", "cve_col": "  16-043"}}, {"type": "Feature", "geometry": {"type": "Polygon", "coordinates": [[[-99.1932471580383, 19.41381986799648], [-99.19341860601651, 19.412890299567493], [-99.1934895315478, 19.412526636943944], [-99.19354214752086, 19.412323473468653], [-99.1937576326891, 19.41096735776873], [-99.19789397737637, 19.408707689150145], [-99.1978887558308, 19.40798315117127], [-99.19785006745268, 19.405936574993163], [-99.19783837972588, 19.405631537351223], [-99.19787612484372, 19.40559265327994], [-99.19819205340993, 19.40526718874699], [-99.19799374344971, 19.405054270518253], [-99.19784035756618, 19.405183783116023], [-99.19714596193992, 19.40576410340723], [-99.19648611552618, 19.40626207699564], [-99.19595035383487, 19.406666403368202], [-99.19577514054376, 19.406784981003252], [-99.1950662544839, 19.407264725345655], [-99.19507494188633, 19.40735662840387], [-99.19475406582382, 19.40736308716131], [-99.19461561425183, 19.407365873455245], [-99.19356256169063, 19.407387062622725], [-99.1935103835091, 19.40738811228815], [-99.19339798954763, 19.407390373761125], [-99.19321329816431, 19.407394089321556], [-99.19275671027489, 19.407000543992872], [-99.19236609011932, 19.406589651166197], [-99.19211540654535, 19.406687874661884], [-99.192056971582, 19.40788217852821], [-99.19151527852486, 19.4080609149709], [-99.19146344368747, 19.408078018353173], [-99.19113567234416, 19.407945279125578], [-99.19064318682996, 19.407787944699233], [-99.19024928149416, 19.407733592705554], [-99.18999123222777, 19.407720976466905], [-99.189693546222, 19.40773531415759], [-99.18960904509757, 19.407744469412542], [-99.18974993189957, 19.40801787525744], [-99.19001669462968, 19.40853554993777], [-99.19029319798757, 19.409172729727523], [-99.19057534682406, 19.409822914033985], [-99.19076663616978, 19.410218783128627], [-99.19094247107643, 19.410665636476843], [-99.19099021189739, 19.41079031108652], [-99.19150069169227, 19.412123406689968], [-99.19177636545969, 19.412840579691693], [-99.19220165219437, 19.413216941591163], [-99.19273042649377, 19.41388432192162], [-99.19286402966301, 19.413959035583858], [-99.19301574475523, 19.413953116838716], [-99.19311887434262, 19.413918457882513], [-99.1932471580383, 19.41381986799648]]]}, "properties": {"nombre": "DANIEL GARZA (AMPL)", "cve_col": "  16-025"}}, {"type": "Feature", "geometry": {"type": "Polygon", "coordinates": [[[-99.19666799832756, 19.464863668209485], [-99.19679261115706, 19.46476099525602], [-99.19690383774335, 19.464373168350278], [-99.19721947802002, 19.463272573063207], [-99.19771962884253, 19.463379240942057], [-99.19790249760068, 19.46324970570741], [-99.19823286097628, 19.46211236538466], [-99.19759919015668, 19.4619485495824], [-99.19692969548342, 19.461773819202627], [-99.19644999240148, 19.461648620573087], [-99.19607284128307, 19.462982982048604], [-99.19576801755893, 19.464061431677678], [-99.19562689687969, 19.464560704233016], [-99.19607737925963, 19.46469867084747], [-99.19666799832756, 19.464863668209485]]]}, "properties": {"nombre": "IGNACIO MANUEL ALTAMIRANO", "cve_col": "  16-034"}}, {"type": "Feature", "geometry": {"type": "Polygon", "coordinates": [[[-99.19050704261501, 19.458794381975853], [-99.19136967358097, 19.45819643588053], [-99.19239622750068, 19.457485421912615], [-99.19313654938182, 19.456976996704192], [-99.19373830400112, 19.456563728221163], [-99.19476445509923, 19.45585898757723], [-99.1968823225022, 19.454418003545083], [-99.19586240774086, 19.45422070346724], [-99.19518802263734, 19.454085528248893], [-99.1944676441874, 19.453941131284996], [-99.19341217016557, 19.453691005961648], [-99.19333455807072, 19.453674059016013], [-99.19268206491266, 19.453532199721998], [-99.19263204251297, 19.453521324174012], [-99.19195657541789, 19.453374467397254], [-99.19184209428803, 19.453349577173537], [-99.19177796472196, 19.453558168427115], [-99.1915205506588, 19.454544697952016], [-99.19137377826874, 19.455164388962334], [-99.19121201141428, 19.455803500300284], [-99.1910471727509, 19.45647038599964], [-99.19088233181157, 19.457137271512625], [-99.19065445949389, 19.458072532927773], [-99.19050704261501, 19.458794381975853]]]}, "properties": {"nombre": "LEGARIA", "cve_col": "  16-036"}}, {"type": "Feature", "geometry": {"type": "Polygon", "coordinates": [[[-99.20241766890668, 19.450607087891097], [-99.20248351124197, 19.450501614471992], [-99.20259893886347, 19.450464284864395], [-99.2026115440235, 19.450088128153197], [-99.2023230920213, 19.450022560809845], [-99.20186925817981, 19.44990916972492], [-99.20197343856385, 19.449344984345142], [-99.20165626886504, 19.449289374355818], [-99.20153487792992, 19.44978965406234], [-99.20095721046061, 19.449667346564016], [-99.20038511669254, 19.44954621583743], [-99.20000064900069, 19.449464811010074], [-99.19990906895221, 19.449780927466147], [-99.19985415357199, 19.449768800410787], [-99.19912083337235, 19.44959854532891], [-99.19905454140213, 19.449896162469184], [-99.19976502962533, 19.450075185536054], [-99.1998198204473, 19.450088990962335], [-99.2007882264419, 19.45033093186738], [-99.2013852034898, 19.450480074282158], [-99.20145593911477, 19.450497745696033], [-99.20228853336049, 19.450705748249636], [-99.20234766073452, 19.450659898049683], [-99.20241766890668, 19.450607087891097]]]}, "properties": {"nombre": "LEGARIA (U HAB)", "cve_col": "  16-037"}}, {"type": "Feature", "geometry": {"type": "Polygon", "coordinates": [[[-99.19781393789258, 19.458848839452436], [-99.19787857106272, 19.45866112701365], [-99.19816359061252, 19.45783335149291], [-99.19844455339849, 19.457017348143165], [-99.19878724225181, 19.45602206187423], [-99.19903210373694, 19.45531089418165], [-99.19914386470357, 19.454997247718545], [-99.19861902370094, 19.454881839019656], [-99.19813315586252, 19.454774997763714], [-99.19751610338933, 19.4546393086044], [-99.19714245765041, 19.45455714229815], [-99.19707308823443, 19.45452003866773], [-99.1968823225022, 19.454418003545083], [-99.19476445509923, 19.45585898757723], [-99.19373830400112, 19.456563728221163], [-99.19313654938182, 19.456976996704192], [-99.19239622750068, 19.457485421912615], [-99.19136967358097, 19.45819643588053], [-99.19050704261501, 19.458794381975853], [-99.19030060751237, 19.458942011655896], [-99.18982047490822, 19.45928537342722], [-99.18972087435958, 19.459313264330447], [-99.18974646355935, 19.459415625349404], [-99.18977472606859, 19.459500639382572], [-99.18980113662793, 19.459580083918855], [-99.18982754721333, 19.45965952845038], [-99.18986337462215, 19.45966175656251], [-99.18993706945363, 19.459666338956698], [-99.18997342933608, 19.45954164813857], [-99.19026819260756, 19.459561073586695], [-99.19094657887138, 19.459605777768026], [-99.19115248281524, 19.45961934614839], [-99.19123099837628, 19.45962452029279], [-99.19155325957497, 19.45964392549068], [-99.19184417465216, 19.45966144197654], [-99.19187552084495, 19.459663330115113], [-99.19205210080128, 19.45974972580175], [-99.19247982968132, 19.459758091641447], [-99.19317185158819, 19.459771625422505], [-99.19390200232476, 19.459684262533603], [-99.1944039871311, 19.459587600921626], [-99.19461086043843, 19.45954540847371], [-99.19546541232724, 19.459330057488952], [-99.19564804897257, 19.459284105210788], [-99.19704847417498, 19.458985719697367], [-99.19741236361565, 19.458901226492507], [-99.19781393789258, 19.458848839452436]]]}, "properties": {"nombre": "TORRE BLANCA", "cve_col": "  16-081"}}, {"type": "Feature", "geometry": {"type": "Polygon", "coordinates": [[[-99.17293388938694, 19.45111311977377], [-99.17170956643842, 19.449299329122876], [-99.17119489422045, 19.448536846254456], [-99.17130793782252, 19.448438137227168], [-99.17121190675626, 19.44828725763984], [-99.17107934843048, 19.448078987288696], [-99.17092849433882, 19.44784197223921], [-99.17074778292431, 19.447581830011835], [-99.17040485846442, 19.447088172930176], [-99.17013221922168, 19.446680077772232], [-99.16987029144208, 19.446293050548224], [-99.16975372698339, 19.446083597480165], [-99.16952112593376, 19.445786844841574], [-99.16939453683804, 19.445666998560277], [-99.16932390904007, 19.445600131255052], [-99.16858533205667, 19.44518448443992], [-99.16799617138172, 19.444842496008796], [-99.16792330336494, 19.444800197895162], [-99.16717978331332, 19.44436860367858], [-99.16712491544332, 19.4445514455108], [-99.1672419939152, 19.44464672636462], [-99.16715801269514, 19.44565071114412], [-99.16711839816782, 19.446124298676978], [-99.1670395044404, 19.44706744002939], [-99.16699479934117, 19.44760187158607], [-99.16691792877187, 19.44852082096903], [-99.16679688035855, 19.4498153314479], [-99.1667484316624, 19.450301385520063], [-99.16723157252123, 19.45035665334168], [-99.16744494205655, 19.450380697015483], [-99.16749204317415, 19.45039011277904], [-99.16805826041536, 19.450503305198847], [-99.16847791847111, 19.450587197834373], [-99.16872854924577, 19.45063730032844], [-99.16887187784965, 19.450536914454226], [-99.16895113582397, 19.450529679562553], [-99.16903039283828, 19.45052244463719], [-99.1691300879363, 19.450580108522786], [-99.16916635839625, 19.45060108802282], [-99.16927243413082, 19.45067919076019], [-99.16930234541579, 19.450701213638627], [-99.16957041100068, 19.45075201805398], [-99.17005421892914, 19.45084370851816], [-99.17052679650226, 19.450933270041784], [-99.17114468737692, 19.451050368830295], [-99.17176472815655, 19.4511499936412], [-99.1726623194965, 19.451299561259372], [-99.17293388938694, 19.45111311977377]]]}, "properties": {"nombre": "UN HOGAR PARA NOSOTROS", "cve_col": "  16-082"}}, {"type": "Feature", "geometry": {"type": "Polygon", "coordinates": [[[-99.19863556529741, 19.447585600686047], [-99.19897382097822, 19.4462542651283], [-99.19866064796369, 19.446106154184104], [-99.19829367905466, 19.445932602123417], [-99.19792501587993, 19.445770654026056], [-99.19749585659251, 19.445582130259314], [-99.19713711894485, 19.44544534558334], [-99.19667433079411, 19.44537770912874], [-99.19608493161876, 19.445402497218215], [-99.19592238328367, 19.44540933234052], [-99.19556934950525, 19.446667013477768], [-99.19543234969652, 19.44715506892225], [-99.19586214563695, 19.447209692590086], [-99.19656479200631, 19.447298990168797], [-99.19687863041987, 19.44733887444179], [-99.19709435636098, 19.447366289521536], [-99.19785108137079, 19.44746245487967], [-99.19841308559477, 19.447550676782093], [-99.19863556529741, 19.447585600686047]]]}, "properties": {"nombre": "PENSIL SUR", "cve_col": "  16-062"}}, {"type": "Feature", "geometry": {"type": "Polygon", "coordinates": [[[-99.2054947845824, 19.40431015179201], [-99.20702458444946, 19.403329358876878], [-99.20843604470049, 19.402444108596725], [-99.21063175567166, 19.401066945120668], [-99.21289110262649, 19.399659433955843], [-99.21273021765074, 19.399702807667012], [-99.21256583027586, 19.399770889540484], [-99.21232976047888, 19.3998618026515], [-99.21204165504076, 19.399957645427463], [-99.21149287209875, 19.400131931739363], [-99.21096238765445, 19.40030619606993], [-99.21052200899135, 19.400424742042603], [-99.20906912891888, 19.400660483437107], [-99.20842620380958, 19.400748387767468], [-99.20788222293372, 19.400837858534803], [-99.20784542916564, 19.400843910375848], [-99.20620567263975, 19.401050873624612], [-99.20508728480453, 19.40119057861867], [-99.20455780672678, 19.4012578321398], [-99.2046951247527, 19.401788472932928], [-99.20447963128362, 19.40180916495215], [-99.20448861147689, 19.402442415377752], [-99.20449703097196, 19.403036184478193], [-99.20444890504817, 19.403089139931694], [-99.20435518105269, 19.403099864995053], [-99.20451474448426, 19.403959994045], [-99.20473121913582, 19.40479968339545], [-99.2054947845824, 19.40431015179201]]]}, "properties": {"nombre": "16 DE SEPTIEMBRE", "cve_col": "  16-086"}}, {"type": "Feature", "geometry": {"type": "Polygon", "coordinates": [[[-99.19401666625942, 19.451922518807258], [-99.19420011191589, 19.451340447902222], [-99.19422343805412, 19.451265910305576], [-99.19433458452836, 19.450910743145144], [-99.19456338491433, 19.450179607912958], [-99.1947716781519, 19.449453967298613], [-99.19487799251696, 19.449084035441334], [-99.19493335538121, 19.448891394078117], [-99.19494790456059, 19.44884076830177], [-99.19530322057142, 19.447604397678866], [-99.19543234969652, 19.44715506892225], [-99.1951333690893, 19.447115132722786], [-99.19458937907021, 19.44704246867964], [-99.19399871564002, 19.44696356844506], [-99.19344709212122, 19.446892813269574], [-99.19235498935532, 19.446747475068943], [-99.19160088662518, 19.44664711509529], [-99.19145986704667, 19.44662834729385], [-99.19130980428072, 19.447421430942132], [-99.19124034020992, 19.447788552985706], [-99.19112503001763, 19.44839795924267], [-99.19093900993336, 19.449434423312315], [-99.1909282317556, 19.449494476933804], [-99.19050758157087, 19.451049866659336], [-99.19065575166505, 19.45107477204217], [-99.19119184545133, 19.45116488252124], [-99.19182141097326, 19.451269172266056], [-99.19230758586997, 19.451349707601526], [-99.19256767367497, 19.45144807271102], [-99.19324487181368, 19.45170418611135], [-99.19333768313595, 19.451730441488852], [-99.19401666625942, 19.451922518807258]]]}, "properties": {"nombre": "REFORMA PENSIL", "cve_col": "  16-069"}}, {"type": "Feature", "geometry": {"type": "Polygon", "coordinates": [[[-99.1968823225022, 19.454418003545083], [-99.1986819362706, 19.453244624262734], [-99.19745264071076, 19.452865160035707], [-99.19691434264826, 19.45269899360163], [-99.19636367094968, 19.452529005375656], [-99.19581226695055, 19.452381382419283], [-99.19553515698021, 19.452325675143236], [-99.19501464525823, 19.452221038027805], [-99.19449114266853, 19.45206444685597], [-99.19401666625942, 19.451922518807258], [-99.19355599323738, 19.453169155842446], [-99.19341217016557, 19.453691005961648], [-99.1944676441874, 19.453941131284996], [-99.19518802263734, 19.454085528248893], [-99.19586240774086, 19.45422070346724], [-99.1968823225022, 19.454418003545083]]]}, "properties": {"nombre": "VENTURA PEREZ DE ALBA", "cve_col": "  16-083"}}, {"type": "Feature", "geometry": {"type": "Polygon", "coordinates": [[[-99.14373199373937, 19.444732555629884], [-99.14393926540079, 19.443715284088533], [-99.14412819799499, 19.442788011353386], [-99.14437381126304, 19.441569249874217], [-99.14438197687426, 19.441528731290415], [-99.14439014248151, 19.44148821270607], [-99.14364862145703, 19.44124923875422], [-99.14349184464734, 19.44120585124766], [-99.14345508785672, 19.441171720487798], [-99.14341833108148, 19.44113758972027], [-99.14337156431822, 19.44115286073291], [-99.14330233507701, 19.441168370885727], [-99.14321681594332, 19.441187758188565], [-99.1431272038658, 19.441183964572204], [-99.14305387733782, 19.44117243033924], [-99.14295610896771, 19.441157051917973], [-99.14283817611411, 19.44112248972406], [-99.14279859277643, 19.441113218857573], [-99.14277880015621, 19.44110858296997], [-99.14275900849054, 19.441103947983148], [-99.14333948646527, 19.440691573479324], [-99.14376199384441, 19.44019907805628], [-99.14391080244367, 19.439992405182796], [-99.14401557023785, 19.439891076174998], [-99.14657515902907, 19.437494337925834], [-99.14661334684604, 19.437458818776047], [-99.14665153369457, 19.437423300522692], [-99.14640413773189, 19.43736834422464], [-99.14588227955203, 19.437336764504593], [-99.14404232887924, 19.436886771012638], [-99.14392980931872, 19.436859191884558], [-99.14293795627324, 19.436670491150462], [-99.1428491611548, 19.436653598171276], [-99.14263861732337, 19.436614031560485], [-99.14218060641304, 19.436541874357587], [-99.14056363567235, 19.436260895577472], [-99.14045921451414, 19.436930212542425], [-99.14031395157943, 19.437790781610616], [-99.14018380572078, 19.438665959247736], [-99.14004679895982, 19.43950391313403], [-99.1400164183206, 19.439689723982617], [-99.14000126424462, 19.43977048514425], [-99.13998363187221, 19.43990518873802], [-99.13988778421154, 19.440484909739098], [-99.13985576941627, 19.440738576040186], [-99.13984431810609, 19.440829316851257], [-99.13984690498297, 19.440957738419005], [-99.13979907166895, 19.44095158386924], [-99.13975123931188, 19.440945430209858], [-99.1397103396295, 19.441200074818628], [-99.13944741634458, 19.44283703586403], [-99.1391129486365, 19.443355859606434], [-99.13894601844096, 19.443614799263802], [-99.13877888982324, 19.44387404618058], [-99.13876946443759, 19.443919296462273], [-99.13876475174321, 19.443941922054705], [-99.13876003904755, 19.443964547646992], [-99.13987028376748, 19.444081429458258], [-99.1410470264586, 19.444281874241693], [-99.14112156896014, 19.44429457142005], [-99.14253567126201, 19.444540129885763], [-99.14373199373937, 19.444732555629884]]]}, "properties": {"nombre": "GUERRERO IV", "cve_col": "  15-053"}}, {"type": "Feature", "geometry": {"type": "Polygon", "coordinates": [[[-99.13068852949661, 19.4531075923974], [-99.13098655228188, 19.453139079074642], [-99.13139241584953, 19.45318195901639], [-99.13193208577698, 19.453289005341492], [-99.13399798720893, 19.453698771029316], [-99.1340441219185, 19.45371004521021], [-99.13452774214501, 19.45383185677513], [-99.13511491320257, 19.45397170141956], [-99.13591144227951, 19.454166335479563], [-99.13832749229063, 19.454756678797303], [-99.13835965677342, 19.452322912428198], [-99.13838477602238, 19.450056332153412], [-99.1384234634112, 19.44987300518533], [-99.13653809915013, 19.449012286678744], [-99.13639724366327, 19.448947981642053], [-99.13560610205798, 19.44858679483181], [-99.1355002205547, 19.448525524755716], [-99.13541719288314, 19.448467045423886], [-99.13537567954596, 19.448437805743087], [-99.13535492240621, 19.448423185447556], [-99.13532138231736, 19.44844002512936], [-99.13530859840694, 19.448471485108872], [-99.13526954430382, 19.448542627247352], [-99.13523699924147, 19.448601397083618], [-99.13518489201843, 19.44865399732044], [-99.13512952557583, 19.448706599970034], [-99.13508066467864, 19.44874373868322], [-99.13500573602568, 19.448790172592034], [-99.13493080061505, 19.448827330668333], [-99.13484934233155, 19.448861401024747], [-99.1347776481723, 19.448876914284668], [-99.13468963828532, 19.448870795480083], [-99.13459184064014, 19.448852317357787], [-99.13451359145652, 19.448824547977726], [-99.13443803426443, 19.448800958995953], [-99.1343375447272, 19.448778301207426], [-99.13423318971009, 19.448713449616285], [-99.13420484028286, 19.44868805430235], [-99.13417444581738, 19.448660827747396], [-99.13414405136201, 19.448633601187215], [-99.1340473262718, 19.44874922534771], [-99.13411503992174, 19.44881006901859], [-99.13364438123683, 19.449419106846676], [-99.13267755417058, 19.450670177873054], [-99.13191982676848, 19.451631548139943], [-99.1311620904557, 19.452592915191907], [-99.13107411752347, 19.452688526617457], [-99.13068852949661, 19.4531075923974]]]}, "properties": {"nombre": "NONOALCO-TLATELOLCO (U HAB) III", "cve_col": "  15-061"}}, {"type": "Feature", "geometry": {"type": "Polygon", "coordinates": [[[-99.1539541383864, 19.42258181735073], [-99.1540787974643, 19.42124692867013], [-99.1541975080204, 19.4198000271944], [-99.15422862327226, 19.41942021409016], [-99.15424722708464, 19.419194016780832], [-99.15428322207778, 19.41861148680214], [-99.15428651608897, 19.418558179604947], [-99.15435441982933, 19.417803659894414], [-99.154442851012, 19.416878106258164], [-99.1535018571382, 19.416805684058843], [-99.1526133055515, 19.416738267462907], [-99.1507837621303, 19.41659841112234], [-99.15069191727471, 19.41713509850099], [-99.15062186436607, 19.4175444419203], [-99.14926354525305, 19.417404025345895], [-99.14943215173423, 19.416475782721168], [-99.14806315472077, 19.41635787767492], [-99.14789127627716, 19.41728819941341], [-99.14775086429971, 19.41806978916402], [-99.14769373057621, 19.418063917132585], [-99.1476365968567, 19.418058045083107], [-99.14741852682316, 19.419237268832404], [-99.14717622200587, 19.420547520295152], [-99.14696941773485, 19.421903558674455], [-99.14706239795487, 19.421913671999704], [-99.14827713838343, 19.42203915423876], [-99.14990329981909, 19.42224534879411], [-99.14951314963659, 19.42395134104591], [-99.15138562366138, 19.424104007599517], [-99.1514652776793, 19.42411050131466], [-99.15163031341714, 19.423230074596045], [-99.15179595379274, 19.42237282045093], [-99.15302358572796, 19.422467307556868], [-99.15383939457273, 19.422567697193017], [-99.15389676647716, 19.42257475728095], [-99.1539541383864, 19.42258181735073]]]}, "properties": {"nombre": "DOCTORES II", "cve_col": "  15-046"}}, {"type": "Feature", "geometry": {"type": "Polygon", "coordinates": [[[-99.14836173728708, 19.414637883698962], [-99.1485640125355, 19.413526591604874], [-99.14878825502943, 19.412276914464034], [-99.14900169362004, 19.411188902401424], [-99.14954452782204, 19.408114134792104], [-99.1496135789918, 19.407723002276], [-99.14976780280966, 19.406849411350173], [-99.144606003198, 19.40719696452916], [-99.14464379808454, 19.407198489763992], [-99.14458093812095, 19.40784773963527], [-99.14452046645391, 19.40848512161811], [-99.14444682897049, 19.409176063387996], [-99.14438942636752, 19.409803981692942], [-99.14438388221664, 19.409864636052443], [-99.1443352433477, 19.410328989206675], [-99.14428088258376, 19.41088395261876], [-99.1442506457094, 19.41112866582651], [-99.14422810240268, 19.411436547870252], [-99.14417006124617, 19.41199124570068], [-99.14410998797682, 19.412603156352876], [-99.14403702040194, 19.41322375112838], [-99.14397919600505, 19.413768571807186], [-99.14394083417879, 19.41418086825866], [-99.14392164418415, 19.414297763191566], [-99.14521788953073, 19.41440853608745], [-99.14540472043193, 19.413312445007136], [-99.14561112211355, 19.412063995986685], [-99.14713137254752, 19.412198726855554], [-99.14691590448805, 19.413429588410956], [-99.14671109948371, 19.414525738869056], [-99.14819181045549, 19.41461199871381], [-99.14824326823916, 19.41461499686399], [-99.14836173728708, 19.414637883698962]]]}, "properties": {"nombre": "DOCTORES V", "cve_col": "  15-049"}}, {"type": "Feature", "geometry": {"type": "Polygon", "coordinates": [[[-99.1875904540743, 19.45010878944887], [-99.187826323281, 19.448740242964003], [-99.18792813355226, 19.44814951455028], [-99.18682571041552, 19.44799430505214], [-99.18631837059313, 19.44792287439573], [-99.18575420246782, 19.44784927193921], [-99.18563974186334, 19.448654150572583], [-99.18558522418559, 19.449037510424922], [-99.18549984145828, 19.449637908617685], [-99.18548890511057, 19.44971480834599], [-99.1854775888047, 19.449794382570637], [-99.18601975157654, 19.449873254489248], [-99.18654189595217, 19.44995155433731], [-99.18708208721978, 19.450032558783253], [-99.1875904540743, 19.45010878944887]]]}, "properties": {"nombre": "ANAHUAC PERALITOS", "cve_col": "  16-011"}}, {"type": "Feature", "geometry": {"type": "Polygon", "coordinates": [[[-99.19112503001763, 19.44839795924267], [-99.19124034020992, 19.447788552985706], [-99.19130980428072, 19.447421430942132], [-99.19145986704667, 19.44662834729385], [-99.19151021105205, 19.446285043890445], [-99.1916916148862, 19.44504802648264], [-99.19172768022904, 19.44480209137402], [-99.19066624053394, 19.444656819803374], [-99.18955346158394, 19.444504514092813], [-99.18847435249832, 19.44436326516407], [-99.18838622285675, 19.444961244906537], [-99.18830846326885, 19.44548884829541], [-99.18820167338072, 19.44621342600017], [-99.18792813355226, 19.44814951455028], [-99.1882435503575, 19.448182897204973], [-99.18848999513042, 19.44820897843554], [-99.18862578990179, 19.44822335013718], [-99.18873214279705, 19.44823460561497], [-99.18899625286456, 19.448262555649265], [-99.18937378581016, 19.448290138406655], [-99.18995902999798, 19.4483328942568], [-99.18999484326886, 19.448203971746885], [-99.19013019350385, 19.448225104423866], [-99.19067257025588, 19.44831934447354], [-99.19112503001763, 19.44839795924267]]]}, "properties": {"nombre": "MODELO PENSIL", "cve_col": "  16-052"}}, {"type": "Feature", "geometry": {"type": "Polygon", "coordinates": [[[-99.14167909165235, 19.465784309574765], [-99.14182577994582, 19.465809490002027], [-99.14199260041391, 19.46577167877923], [-99.14215940204802, 19.465711259042465], [-99.14233414141358, 19.465643296794802], [-99.14249335623754, 19.46554647180949], [-99.14253267162634, 19.46552256279746], [-99.14255838611705, 19.46550118585377], [-99.14272322223967, 19.465364153335255], [-99.14292965755996, 19.46519819592649], [-99.14306051883537, 19.465136743631923], [-99.14312200904553, 19.465111328562866], [-99.14328178825514, 19.46504528677524], [-99.14402678947157, 19.464836971713222], [-99.14396827908256, 19.46454743721162], [-99.14387591667386, 19.464530557646153], [-99.14380738800213, 19.464516484158537], [-99.1437328816145, 19.46447981152585], [-99.14366433650578, 19.46444595916856], [-99.14359579296075, 19.464414932718036], [-99.1435421419361, 19.464381068515518], [-99.14348549510918, 19.46432742874305], [-99.14344067935234, 19.46428812977063], [-99.14341047547595, 19.464253003454537], [-99.14338752800509, 19.464217807229623], [-99.14335266363001, 19.464165937743118], [-99.14333769749906, 19.464116411228176], [-99.14331776818234, 19.46407868309329], [-99.14330778901822, 19.46404330670508], [-99.14328786179051, 19.464007938179414], [-99.14326544684045, 19.463972571617393], [-99.14323058462844, 19.463923060814643], [-99.14327524257655, 19.463858815270488], [-99.14394097679805, 19.462901068774197], [-99.14467873598821, 19.461900282256927], [-99.14466131012027, 19.461881424664373], [-99.14463391540244, 19.46183898519903], [-99.144606531156, 19.46180834108485], [-99.14458854164505, 19.46179313948524], [-99.14457055213826, 19.461777938787492], [-99.14411438849463, 19.46133469341242], [-99.14413224471399, 19.46131560709296], [-99.1441501009292, 19.461296520771715], [-99.14418581429985, 19.4612583481232], [-99.14467607377631, 19.461683122983374], [-99.14472906312473, 19.461729033990625], [-99.14478205155021, 19.46177494498271], [-99.14642758619354, 19.45977032193632], [-99.1464960115917, 19.459671373384598], [-99.14657931780037, 19.45955828490747], [-99.14674889231749, 19.459312326601385], [-99.14681731987224, 19.45921620295569], [-99.14690062053842, 19.459097463364937], [-99.14696905045997, 19.459004165594425], [-99.14701664604677, 19.458930663529294], [-99.14712670090495, 19.458752824991375], [-99.14714294558216, 19.458726574077133], [-99.14715919120775, 19.458700324064328], [-99.14738633910117, 19.458365818819853], [-99.14742622081509, 19.458308145262333], [-99.14747131418927, 19.45825376061698], [-99.14761530542994, 19.458123538347277], [-99.14802621993809, 19.45782937472781], [-99.14890276613416, 19.457201869549408], [-99.14880364482927, 19.45715579426124], [-99.14870452358088, 19.45710971982201], [-99.1485897983322, 19.45705639129294], [-99.14796570824623, 19.456919132922597], [-99.1471376184366, 19.456737003797503], [-99.14628861736573, 19.456550271538678], [-99.14492583692196, 19.456250528685707], [-99.14348303330284, 19.45592082991223], [-99.14234698336787, 19.455660826234443], [-99.14038267388617, 19.455211244036988], [-99.1396699868139, 19.458243179747825], [-99.13954151378418, 19.458772738235407], [-99.13951331325332, 19.45894006856229], [-99.13950286684215, 19.45900205289873], [-99.13949764363329, 19.45903304461471], [-99.13949242042324, 19.459064037234185], [-99.13973929230214, 19.45951245616008], [-99.14001676846, 19.46001646247276], [-99.14005828139013, 19.46009186581982], [-99.14022445182505, 19.46039369500216], [-99.1405536626476, 19.46099166275769], [-99.14094608122355, 19.4617044337255], [-99.141205422007, 19.462248003498374], [-99.14128362137258, 19.462411906457472], [-99.14145239207555, 19.462765643012446], [-99.14162116446761, 19.463119379391202], [-99.14165856741037, 19.463197774152814], [-99.1418423764089, 19.463583025754474], [-99.14185357866717, 19.463604231833], [-99.14186477997636, 19.463625438815235], [-99.14186294708054, 19.463660798322188], [-99.14185738285249, 19.46369262448968], [-99.14184437170347, 19.463733296679656], [-99.14181644385962, 19.46376867750514], [-99.14180434281643, 19.46378548171651], [-99.14179224177153, 19.463802286830806], [-99.14203640804772, 19.463796791755833], [-99.14179438208946, 19.4641205087038], [-99.14174947589748, 19.464179432068093], [-99.14152071790701, 19.464479586404767], [-99.14140340732821, 19.464633509273423], [-99.14130285732573, 19.464750269757836], [-99.1412302338136, 19.464829882684683], [-99.14117435298606, 19.46487235589428], [-99.14109492517325, 19.464927423591554], [-99.14101227629409, 19.464969716957768], [-99.1409358799492, 19.464998063727673], [-99.14087252141236, 19.46501402388042], [-99.14083152266339, 19.465022895027676], [-99.14075883928928, 19.46503355935238], [-99.14069174385564, 19.465040683052454], [-99.14052028038716, 19.465060263210916], [-99.14019975762234, 19.465141835398388], [-99.13985680149865, 19.465147403351196], [-99.13959398751243, 19.465145838248144], [-99.13936844052313, 19.465130100888278], [-99.13860980858381, 19.465109467710302], [-99.13860803712392, 19.465219079535437], [-99.13922137136387, 19.465255858177937], [-99.13983470491425, 19.465292635647828], [-99.14028678670387, 19.465334239769906], [-99.14080300091638, 19.465360798428357], [-99.1409455256367, 19.46537462123101], [-99.14102195789435, 19.46538870501338], [-99.1410760272661, 19.46540634242723], [-99.14114314483103, 19.465425737343118], [-99.14120944840792, 19.465462374952434], [-99.1412569098715, 19.46550166879604], [-99.14130277892633, 19.46554940732915], [-99.14132406981314, 19.465568794515086], [-99.14134832034178, 19.46559176083513], [-99.14140615855248, 19.46565712882499], [-99.14144905943547, 19.465692450707884], [-99.1414900920652, 19.46572247552528], [-99.1415255235231, 19.465741893220187], [-99.14155722208554, 19.46575601350241], [-99.14159078527987, 19.465770130515143], [-99.14167909165235, 19.465784309574765]]]}, "properties": {"nombre": "SAN SIMON TOLNAHUAC", "cve_col": "  15-027"}}, {"type": "Feature", "geometry": {"type": "Polygon", "coordinates": [[[-99.1268926654524, 19.40649165286439], [-99.1272580063121, 19.406330325271764], [-99.12767224378709, 19.406153545022086], [-99.12805687964087, 19.405992031464976], [-99.12868959320218, 19.40572555989674], [-99.12888459151672, 19.40565346608048], [-99.12950229245247, 19.405425090804137], [-99.1299916154169, 19.40524741490553], [-99.13045188171469, 19.405303549975326], [-99.13091742676743, 19.40537394449929], [-99.13133550405061, 19.405431231948732], [-99.13176344516427, 19.405489684320973], [-99.131820830864, 19.40549761267401], [-99.13187817446844, 19.405505301551834], [-99.1322386076749, 19.405554752759844], [-99.13263853334695, 19.405612301648418], [-99.13303834299226, 19.405669722314567], [-99.13345069833031, 19.405729168080235], [-99.13391437984107, 19.40579588805276], [-99.13441642811327, 19.405868127349382], [-99.13491847681901, 19.405940364352137], [-99.13495404583549, 19.40594350098655], [-99.13544250413602, 19.405986568912002], [-99.13598776477166, 19.406033952606343], [-99.136096275903, 19.4060433812948], [-99.13610152912051, 19.40600613207617], [-99.1361067823357, 19.40596888285725], [-99.13631701356503, 19.404607829501323], [-99.13649258717565, 19.40347992170497], [-99.13650097846656, 19.403424359698903], [-99.13638084571785, 19.403417456840014], [-99.1342813473131, 19.403296794589682], [-99.13375568310981, 19.40326573248202], [-99.13325837046808, 19.403237286951928], [-99.13252250525056, 19.40318874174166], [-99.13201117332102, 19.403154549891333], [-99.13161945383901, 19.40312835567142], [-99.13110307202261, 19.403104312871882], [-99.13055953085998, 19.403131773445352], [-99.13006758699723, 19.403209908123074], [-99.12877852802279, 19.40356020598018], [-99.1287197184825, 19.403577938998946], [-99.12791728943967, 19.403819895519266], [-99.12718453821161, 19.404044264742044], [-99.12585042686356, 19.4043184587802], [-99.125681040848, 19.40435327097445], [-99.12568620690104, 19.404419000893824], [-99.12569782983017, 19.40456690405525], [-99.12582524563892, 19.40523182973666], [-99.12616628031654, 19.406824601736336], [-99.1262115940175, 19.406800662179407], [-99.12630689412973, 19.406750316224855], [-99.1268926654524, 19.40649165286439]]]}, "properties": {"nombre": "ASTURIAS", "cve_col": "  15-002"}}, {"type": "Feature", "geometry": {"type": "Polygon", "coordinates": [[[-99.15324536767228, 19.446353449695224], [-99.15330794605246, 19.44594892516262], [-99.15437192837895, 19.443497947154274], [-99.15455285327587, 19.4427185639661], [-99.15475001539166, 19.441914919820995], [-99.15564801735508, 19.439776758510423], [-99.15359387901786, 19.438945663112815], [-99.1534155203757, 19.438870521215527], [-99.15229647592275, 19.438609815200536], [-99.15117743404097, 19.438349102254463], [-99.15055214483242, 19.438229713370994], [-99.14910863707144, 19.43789064162706], [-99.14900080763803, 19.43835794414327], [-99.14891786019602, 19.438799714060305], [-99.14888888541971, 19.43900748385735], [-99.14887072763669, 19.439137681848987], [-99.14875509736252, 19.439966811374738], [-99.14872936822097, 19.440052588531316], [-99.14824790541637, 19.441657687769997], [-99.14804550893676, 19.44255471369969], [-99.14784500134911, 19.443443358473523], [-99.14763793301333, 19.444361072907707], [-99.14740790113427, 19.445365576587058], [-99.14790032501321, 19.44544288240066], [-99.14884202291255, 19.44559071586565], [-99.15045528598353, 19.445857866600992], [-99.15120859543484, 19.44599152349857], [-99.15302845540465, 19.44631489022337], [-99.15315566696304, 19.4463376271635], [-99.15319246105149, 19.44634414898718], [-99.15324536767228, 19.446353449695224]]]}, "properties": {"nombre": "BUENAVISTA II", "cve_col": "  15-036"}}, {"type": "Feature", "geometry": {"type": "Polygon", "coordinates": [[[-99.14200318600368, 19.42691324654593], [-99.14206617486994, 19.42660090447347], [-99.14207440694005, 19.426558111201476], [-99.14208263900593, 19.426515317928903], [-99.14209910217164, 19.42642973047918], [-99.142213077788, 19.42598375808031], [-99.14236903369732, 19.425393909566957], [-99.14252492378795, 19.424804137755924], [-99.14256069741344, 19.424652567719207], [-99.14258597130791, 19.42453966544775], [-99.14261136760246, 19.424441537164935], [-99.14286871107444, 19.423438075836913], [-99.14302130565154, 19.422844083883962], [-99.14305662090561, 19.422643223127825], [-99.14309442322914, 19.422385838743068], [-99.1431048165838, 19.42229566051045], [-99.14311709963428, 19.42222707890598], [-99.14203878279106, 19.42227988602138], [-99.14154394722954, 19.422302679312615], [-99.1409368936346, 19.42233064092474], [-99.14002388345139, 19.422372690764366], [-99.14003203632744, 19.422319349347653], [-99.14004018919829, 19.42226600793028], [-99.1398863222719, 19.422271269609723], [-99.13940817332718, 19.42228762145664], [-99.13893002427737, 19.422303971141535], [-99.13844582186626, 19.422320526617103], [-99.13777987966273, 19.4223432945134], [-99.1377589458641, 19.42251887251694], [-99.13710234396385, 19.42255250446629], [-99.13576837487766, 19.422580973533126], [-99.1356931511515, 19.422521232079387], [-99.1337611718882, 19.422294060837796], [-99.13369927042274, 19.422286781727536], [-99.13366832016794, 19.422283141712246], [-99.13363736896267, 19.42227950259613], [-99.13353627985873, 19.42267231507365], [-99.13353091878768, 19.422693148973703], [-99.13334990133829, 19.42361578637083], [-99.13334108362191, 19.423654415338163], [-99.1333322649496, 19.42369304520935], [-99.1328696544189, 19.423712349843534], [-99.1327368556494, 19.42371789099757], [-99.13271239431623, 19.423718226082865], [-99.13260314607662, 19.42371972292868], [-99.13238664413927, 19.42369671751329], [-99.13227839319248, 19.42368521425681], [-99.13217014226048, 19.42367371093567], [-99.13215532803628, 19.42367123466585], [-99.13182844443581, 19.423616598975894], [-99.13109259009964, 19.423493605102045], [-99.13101285831326, 19.423480277569062], [-99.13027942879114, 19.42337918674549], [-99.12928886588624, 19.42324264864244], [-99.12925400319246, 19.4232592089168], [-99.12921914049156, 19.423275769184485], [-99.12912771156492, 19.423262373231925], [-99.12839760869107, 19.42315539912004], [-99.1282079691243, 19.42312761341518], [-99.1260910986351, 19.422817432334952], [-99.12605654712578, 19.422882086230118], [-99.12602148634222, 19.422947216734947], [-99.12596117462178, 19.423059659399524], [-99.12590037461932, 19.423490542599712], [-99.12585665474118, 19.423800386151687], [-99.12578765568001, 19.42436637915278], [-99.12566582211957, 19.4253657655897], [-99.12565878986638, 19.425423449799155], [-99.12564579026655, 19.42553008297762], [-99.12564019872916, 19.425574721822457], [-99.12563279064946, 19.42563671525029], [-99.1256306940704, 19.425651610991792], [-99.12615678487249, 19.425737900819907], [-99.12678661010838, 19.425815947950323], [-99.12684230127542, 19.426696346734783], [-99.12776113763438, 19.426756589198128], [-99.1278940990766, 19.426770502425267], [-99.12872030389329, 19.426856958142924], [-99.12857507019211, 19.427805457763593], [-99.12952096335276, 19.42791565983781], [-99.129659142666, 19.426964832023252], [-99.13074760674083, 19.4271243813034], [-99.13087537914068, 19.42629377980577], [-99.13192327099843, 19.426440525644363], [-99.13293733854384, 19.426555223328144], [-99.13416671349226, 19.4267000889903], [-99.13515496905481, 19.426816635130493], [-99.13613966011333, 19.426932700485317], [-99.13614144261979, 19.426903259418527], [-99.1371639137445, 19.427027027665677], [-99.13722060717748, 19.42703389018856], [-99.13731090679, 19.42637446813131], [-99.13927646399945, 19.426557129396244], [-99.13938115604596, 19.426566858089096], [-99.14134361669667, 19.426709370347112], [-99.1414054902245, 19.426735993790736], [-99.14150113142493, 19.42679993279286], [-99.14160519617023, 19.42685052801037], [-99.14167800072173, 19.426875132048373], [-99.14176610416891, 19.426890488953653], [-99.14186711770331, 19.426903477009105], [-99.14200318600368, 19.42691324654593]]]}, "properties": {"nombre": "CENTRO VI", "cve_col": "  15-042"}}, {"type": "Feature", "geometry": {"type": "Polygon", "coordinates": [[[-99.14962282211079, 19.435251474263104], [-99.14983850691402, 19.43529289020457], [-99.14986874495956, 19.435148483697464], [-99.1500647781904, 19.43468397785268], [-99.15062714221493, 19.43335143283329], [-99.15091556222788, 19.43264100761069], [-99.15128006392213, 19.431743172088392], [-99.15145898909378, 19.43128490461913], [-99.15152051310059, 19.431209376089846], [-99.15158207770912, 19.43117767358295], [-99.15164364229281, 19.431145970151515], [-99.15170774828074, 19.431087482725687], [-99.15173500038537, 19.431005644041942], [-99.15172552790139, 19.430887818143823], [-99.1517294646802, 19.430770550383], [-99.15173362007872, 19.430644567830452], [-99.15213003134919, 19.429684367632515], [-99.15256209606197, 19.428666024385652], [-99.15303296634441, 19.42755620311597], [-99.15322993755854, 19.4270607528878], [-99.15336042900628, 19.426761617620777], [-99.15347220637045, 19.426491504901602], [-99.15361021431339, 19.426126189701815], [-99.15364795306768, 19.425963974547198], [-99.1536580961919, 19.425866908708926], [-99.15366823930452, 19.42576984286916], [-99.15356409629572, 19.425835826014396], [-99.15344390878833, 19.425879133761725], [-99.15332372026414, 19.425922441430536], [-99.15117650327707, 19.42647067226061], [-99.15094649276779, 19.42652939782516], [-99.15074111123539, 19.42658238659924], [-99.14901189814304, 19.427063218786113], [-99.14887920224963, 19.42709616174173], [-99.14822675452528, 19.42723128355696], [-99.1478102731517, 19.427211806210785], [-99.14739379187041, 19.42719232790861], [-99.14616348914191, 19.427114195975932], [-99.14607741537607, 19.427108729028888], [-99.14436992767791, 19.42691831897531], [-99.14298521687994, 19.426783130335423], [-99.14259532825513, 19.426741824049714], [-99.14206617486994, 19.42660090447347], [-99.14200318600368, 19.42691324654593], [-99.14189400369479, 19.427439537141368], [-99.14188896801905, 19.427466553396062], [-99.14185053147877, 19.427672773548455], [-99.14179528482953, 19.427969182231422], [-99.14164008556983, 19.429049193247007], [-99.1415679702579, 19.42955628572345], [-99.14154397462596, 19.429748818450864], [-99.1410976332554, 19.432833330807036], [-99.14089104941627, 19.434136292169686], [-99.14087793108216, 19.43421155993983], [-99.14077671789558, 19.434792288131582], [-99.14057385718009, 19.436106813652984], [-99.14056363567235, 19.436260895577472], [-99.14218060641304, 19.436541874357587], [-99.14263861732337, 19.436614031560485], [-99.1428491611548, 19.436653598171276], [-99.14293795627324, 19.436670491150462], [-99.14392980931872, 19.436859191884558], [-99.14404232887924, 19.436886771012638], [-99.14588227955203, 19.437336764504593], [-99.14640413773189, 19.43736834422464], [-99.14643676458343, 19.437334447261723], [-99.14646939237326, 19.437300549388404], [-99.1470173941836, 19.436954864173313], [-99.14789655231736, 19.436399698545646], [-99.14832928711981, 19.436111869247647], [-99.14911757041818, 19.435566254715276], [-99.14932763001856, 19.435420860015086], [-99.14962282211079, 19.435251474263104]]]}, "properties": {"nombre": "CENTRO VIII", "cve_col": "  15-044"}}, {"type": "Feature", "geometry": {"type": "Polygon", "coordinates": [[[-99.20150289342641, 19.4477064415276], [-99.20176272817127, 19.446999151704805], [-99.20185525047333, 19.44674729946032], [-99.2021926234844, 19.44582893202641], [-99.20221685800338, 19.445762963261437], [-99.20178108922222, 19.4455492305884], [-99.20026433190246, 19.44493861529199], [-99.1998316869473, 19.44478640785365], [-99.1994634700558, 19.444650425347845], [-99.19913235144557, 19.44449538076975], [-99.19878787816464, 19.444341299118616], [-99.19845000514832, 19.444188381712436], [-99.19811278293146, 19.444028768196812], [-99.19778431734179, 19.44390453148984], [-99.19754867642663, 19.445369890031085], [-99.1975343123634, 19.445459214943615], [-99.19749585659251, 19.445582130259314], [-99.19792501587993, 19.445770654026056], [-99.19829367905466, 19.445932602123417], [-99.19866064796369, 19.446106154184104], [-99.19897382097822, 19.4462542651283], [-99.19930517369748, 19.44641097162363], [-99.19962420503546, 19.446609765569125], [-99.20003795211645, 19.44701364601608], [-99.20053344098372, 19.44733365215506], [-99.2009634915632, 19.44749902247331], [-99.20150289342641, 19.4477064415276]]]}, "properties": {"nombre": "POPO", "cve_col": "  16-066"}}, {"type": "Feature", "geometry": {"type": "Polygon", "coordinates": [[[-99.13860803712392, 19.465219079535437], [-99.13860980858381, 19.465109467710302], [-99.13936844052313, 19.465130100888278], [-99.13959398751243, 19.465145838248144], [-99.13985680149865, 19.465147403351196], [-99.14019975762234, 19.465141835398388], [-99.14052028038716, 19.465060263210916], [-99.14069174385564, 19.465040683052454], [-99.14075883928928, 19.46503355935238], [-99.14083152266339, 19.465022895027676], [-99.14087252141236, 19.46501402388042], [-99.1409358799492, 19.464998063727673], [-99.14101227629409, 19.464969716957768], [-99.14109492517325, 19.464927423591554], [-99.14117435298606, 19.46487235589428], [-99.1412302338136, 19.464829882684683], [-99.14130285732573, 19.464750269757836], [-99.14140340732821, 19.464633509273423], [-99.14152071790701, 19.464479586404767], [-99.14174947589748, 19.464179432068093], [-99.14179438208946, 19.4641205087038], [-99.14203640804772, 19.463796791755833], [-99.14179224177153, 19.463802286830806], [-99.14180434281643, 19.46378548171651], [-99.14181644385962, 19.46376867750514], [-99.14184437170347, 19.463733296679656], [-99.14185738285249, 19.46369262448968], [-99.14186294708054, 19.463660798322188], [-99.14186477997636, 19.463625438815235], [-99.14185357866717, 19.463604231833], [-99.1418423764089, 19.463583025754474], [-99.14165856741037, 19.463197774152814], [-99.14162116446761, 19.463119379391202], [-99.14145239207555, 19.462765643012446], [-99.14128362137258, 19.462411906457472], [-99.141205422007, 19.462248003498374], [-99.14094608122355, 19.4617044337255], [-99.1405536626476, 19.46099166275769], [-99.14022445182505, 19.46039369500216], [-99.14004585222744, 19.460386697258716], [-99.13963937710035, 19.460370769992387], [-99.13882070902484, 19.460294686279227], [-99.13770080545527, 19.460209890992726], [-99.13770186746291, 19.46018918593406], [-99.13770292851676, 19.460168479972342], [-99.13678565257311, 19.460139789800863], [-99.13671581606172, 19.46012544438646], [-99.13661257254022, 19.460093847680326], [-99.13651236697966, 19.460065126979938], [-99.13638356017246, 19.460014533285435], [-99.13534510188484, 19.45963545568424], [-99.13453674141124, 19.459343075342932], [-99.13442524256041, 19.459868110781073], [-99.13434647230338, 19.46023903017139], [-99.13427914203298, 19.46055607383408], [-99.13412335266389, 19.4611978989843], [-99.13391498684557, 19.462157645799444], [-99.13383849339812, 19.462509974567162], [-99.1337066186109, 19.4631173922882], [-99.13355261678791, 19.463823196204338], [-99.13335786487325, 19.464715756728207], [-99.13333719229065, 19.464808049966877], [-99.1333203231404, 19.46492469387422], [-99.13328920648499, 19.46502228697553], [-99.13331913592836, 19.46503421667437], [-99.13334433775131, 19.46504166648687], [-99.13340576578304, 19.465059543882113], [-99.1334719187415, 19.465077418681304], [-99.13355696633243, 19.465093785685895], [-99.13363885515895, 19.4650982059827], [-99.1337459360417, 19.465098127009707], [-99.13385459584593, 19.46510402130581], [-99.1339900189936, 19.46510093446118], [-99.13408607698467, 19.465100863434483], [-99.13419316278332, 19.465106758691817], [-99.13427661950091, 19.465103709191123], [-99.13452173243908, 19.465083415156702], [-99.1347316819275, 19.465066031606156], [-99.1349404524036, 19.465073548908723], [-99.13615389642308, 19.465117232957905], [-99.1374545172268, 19.46516439803585], [-99.13860803712392, 19.465219079535437]]]}, "properties": {"nombre": "PERALVILLO I", "cve_col": "  15-066"}}, {"type": "Feature", "geometry": {"type": "Polygon", "coordinates": [[[-99.16233938960761, 19.42374008266391], [-99.16233863669217, 19.423624586505028], [-99.16235484357163, 19.423524987051987], [-99.16240146079072, 19.42342744168054], [-99.1624402646215, 19.42336868750629], [-99.16249008543704, 19.423294403813443], [-99.16255074381976, 19.42322343791836], [-99.16262075703054, 19.42316575921434], [-99.16269546009114, 19.42312580463651], [-99.16281686920318, 19.42307694443452], [-99.16295230885977, 19.423045799013668], [-99.16300370184587, 19.42305350865186], [-99.16302939881697, 19.423057363465077], [-99.16304224682715, 19.423059291322588], [-99.16388276655819, 19.4203771436518], [-99.16429603950469, 19.418947517589203], [-99.1644200695862, 19.41851916017566], [-99.16451368091614, 19.41820883403806], [-99.16457541308063, 19.418011240212145], [-99.16476305068495, 19.417410640060773], [-99.16480868171857, 19.417162797392717], [-99.16411206757896, 19.417302727284255], [-99.16251208561933, 19.41762732049383], [-99.16198688963574, 19.417733759448023], [-99.16110854542363, 19.417911766425444], [-99.15970500026135, 19.418196200634554], [-99.15854817664149, 19.418430627160404], [-99.1573231382827, 19.418648074736986], [-99.15599315652041, 19.418884138713196], [-99.1559128655179, 19.418898389802187], [-99.15583257354861, 19.418912640856558], [-99.1548453882013, 19.41908785337382], [-99.15424722708464, 19.419194016780832], [-99.15422862327226, 19.41942021409016], [-99.1541975080204, 19.4198000271944], [-99.1540787974643, 19.42124692867013], [-99.1539541383864, 19.42258181735073], [-99.15384302312215, 19.423555848023494], [-99.15380893971872, 19.42391410055188], [-99.15379189843947, 19.42409322680836], [-99.1537748561718, 19.424272353060804], [-99.1537357048263, 19.424945527898444], [-99.15371612808838, 19.42528211574892], [-99.15369655222763, 19.425618703584565], [-99.15368239577249, 19.425694273227677], [-99.15366823930452, 19.42576984286916], [-99.15527246821986, 19.425428122143046], [-99.15532736645613, 19.425416168627258], [-99.15625727718522, 19.42521368400228], [-99.15642598469195, 19.425176947867165], [-99.15734953992565, 19.424961489272103], [-99.15811071863251, 19.42477779597645], [-99.15882644413219, 19.424579269381898], [-99.159969863735, 19.424273030218767], [-99.1611834975809, 19.42401220509115], [-99.16218034940667, 19.423810264280693], [-99.16233938960761, 19.42374008266391]]]}, "properties": {"nombre": "ROMA NORTE II", "cve_col": "  15-069"}}, {"type": "Feature", "geometry": {"type": "Polygon", "coordinates": [[[-99.1656302075912, 19.456711212952158], [-99.1657137460246, 19.45614062231475], [-99.16595519737979, 19.456186197559806], [-99.16614405659428, 19.45454482983968], [-99.16639787338379, 19.452338862026252], [-99.16641602823593, 19.45218077823673], [-99.16652141820714, 19.451263041324676], [-99.1665980932363, 19.450595342399], [-99.1667484316624, 19.450301385520063], [-99.16679688035855, 19.4498153314479], [-99.16691792877187, 19.44852082096903], [-99.16699479934117, 19.44760187158607], [-99.1670395044404, 19.44706744002939], [-99.16711839816782, 19.446124298676978], [-99.16715801269514, 19.44565071114412], [-99.1672419939152, 19.44464672636462], [-99.16712491544332, 19.4445514455108], [-99.16707346112217, 19.444522250270182], [-99.16682173947405, 19.44437942002011], [-99.16670708160098, 19.44431436073742], [-99.16621065001961, 19.444032676938022], [-99.16586062804035, 19.443834066368694], [-99.16576868457577, 19.443781279047847], [-99.1657042199199, 19.443745317385044], [-99.16565250058856, 19.443719213610205], [-99.16560078127277, 19.44369310891671], [-99.16531832416135, 19.44516938193605], [-99.16502414043414, 19.446689255988737], [-99.1646431077456, 19.448258647176676], [-99.16442118125123, 19.449172699718677], [-99.16424077095375, 19.449982260409648], [-99.16423704823431, 19.45003479077484], [-99.1642333255126, 19.450087321139666], [-99.16425355215448, 19.451820379872476], [-99.1642075937809, 19.452291696687386], [-99.1641946276598, 19.452424668391412], [-99.16417061754146, 19.45264853370252], [-99.16413859765143, 19.452947071686545], [-99.16407963828945, 19.45351747691938], [-99.16405698541946, 19.45368250330567], [-99.16397986167223, 19.454244352197247], [-99.1638986751056, 19.454823432327178], [-99.16385900026779, 19.45508140547128], [-99.16374180076208, 19.455777762233666], [-99.16360518728844, 19.456381139009864], [-99.16368167392577, 19.456391916444844], [-99.16371975668909, 19.45639728360587], [-99.16373915921176, 19.4564000170138], [-99.16381402787827, 19.456410567212366], [-99.16400845488336, 19.45644230275695], [-99.16432553466242, 19.456494056465583], [-99.1649519481659, 19.456599573713316], [-99.16515448863235, 19.456632639959295], [-99.16552596755784, 19.456693285230852], [-99.1656302075912, 19.456711212952158]]]}, "properties": {"nombre": "AGRICULTURA", "cve_col": "  16-001"}}, {"type": "Feature", "geometry": {"type": "Polygon", "coordinates": [[[-99.19172768022904, 19.44480209137402], [-99.19199597571378, 19.442840820121944], [-99.19205858320137, 19.442526827403082], [-99.19185503692054, 19.44227993648707], [-99.19095655955539, 19.44234501319056], [-99.18991463974724, 19.442449895438394], [-99.18759986280425, 19.44268288333598], [-99.1870545059265, 19.442737770841518], [-99.18651826164466, 19.44294759937882], [-99.1863680346729, 19.443760291233193], [-99.1863089707812, 19.444079809164492], [-99.18682949224011, 19.444147949498976], [-99.18739079080929, 19.44422142698133], [-99.18795541519518, 19.44429533667863], [-99.18847435249832, 19.44436326516407], [-99.18955346158394, 19.444504514092813], [-99.19066624053394, 19.444656819803374], [-99.19172768022904, 19.44480209137402]]]}, "properties": {"nombre": "ANAHUAC DOS LAGOS", "cve_col": "  16-006"}}, {"type": "Feature", "geometry": {"type": "Polygon", "coordinates": [[[-99.1333322649496, 19.42369304520935], [-99.13334990133829, 19.42361578637083], [-99.13353091878768, 19.422693148973703], [-99.13353627985873, 19.42267231507365], [-99.13363736896267, 19.42227950259613], [-99.13375439998964, 19.421488128300158], [-99.13385125614627, 19.420606031108267], [-99.13393404562149, 19.419975534954506], [-99.13397946627848, 19.419472322567188], [-99.13399093304471, 19.419362161738206], [-99.13410936779194, 19.418702684668077], [-99.13422479800015, 19.418011512430965], [-99.13429273025507, 19.417537567550145], [-99.13435451747135, 19.417161034321865], [-99.13437008705327, 19.4170598814561], [-99.13438858328347, 19.416947795862068], [-99.13450853572343, 19.41618967107931], [-99.13451656760571, 19.416111309407142], [-99.13452460043383, 19.416032948637], [-99.13458394560156, 19.41568572490678], [-99.13465946137447, 19.415225333660903], [-99.13476073514566, 19.41460644680734], [-99.13496017361398, 19.413297368440418], [-99.13490562752092, 19.41329782647243], [-99.13485108142744, 19.413298284488075], [-99.13380615127994, 19.413307052331515], [-99.1334905340036, 19.413309627866163], [-99.13339195941137, 19.41331192795137], [-99.13329338481527, 19.413314227079404], [-99.1326693839327, 19.413330558664658], [-99.13067105183444, 19.41338284331125], [-99.12921154835824, 19.413399952707877], [-99.12829458242088, 19.413453108121033], [-99.12816635478919, 19.41346054139862], [-99.12786640493123, 19.413468331396974], [-99.12800149458137, 19.413640087016976], [-99.12816847350602, 19.41371747013287], [-99.12803914602912, 19.414611258704046], [-99.12789974511313, 19.41557658681065], [-99.12784090720498, 19.415984029656904], [-99.12762283409563, 19.41743540935743], [-99.12879225593383, 19.41752966315584], [-99.12995236009756, 19.417622108632827], [-99.12990245470132, 19.41806326274054], [-99.12984557942696, 19.418457644058876], [-99.12976955228581, 19.418895102451923], [-99.1294943777765, 19.421237773155298], [-99.12930073980792, 19.42278549264699], [-99.12929076774081, 19.422865197458687], [-99.12924388197759, 19.4231696162955], [-99.12923151123853, 19.42322269274056], [-99.12921914049156, 19.423275769184485], [-99.12925400319246, 19.4232592089168], [-99.12928886588624, 19.42324264864244], [-99.13027942879114, 19.42337918674549], [-99.13101285831326, 19.423480277569062], [-99.13109259009964, 19.423493605102045], [-99.13182844443581, 19.423616598975894], [-99.13215532803628, 19.42367123466585], [-99.13217014226048, 19.42367371093567], [-99.13227839319248, 19.42368521425681], [-99.13238664413927, 19.42369671751329], [-99.13260314607662, 19.42371972292868], [-99.13271239431623, 19.423718226082865], [-99.1327368556494, 19.42371789099757], [-99.1328696544189, 19.423712349843534], [-99.1333322649496, 19.42369304520935]]]}, "properties": {"nombre": "TRANSITO", "cve_col": "  15-032"}}, {"type": "Feature", "geometry": {"type": "Polygon", "coordinates": [[[-99.18203782734716, 19.41138655822321], [-99.18207821107309, 19.411385234470433], [-99.18211859384684, 19.41138391161339], [-99.18217229969649, 19.411297715659742], [-99.18281836041379, 19.410260377246853], [-99.1833468100097, 19.40941189626901], [-99.18341718246906, 19.40929908831183], [-99.18377407642912, 19.408725974140847], [-99.18427666633559, 19.407918887248282], [-99.18414908816219, 19.407875015118776], [-99.1825091342995, 19.407311054374087], [-99.18120954741123, 19.406864128100455], [-99.18070215235004, 19.406687781572963], [-99.18062145901385, 19.40670890141237], [-99.18054076660998, 19.40673002211887], [-99.18028848094936, 19.406796053814254], [-99.17966378086433, 19.406825150658424], [-99.17878740319176, 19.407031437074952], [-99.1785393782057, 19.407139891144162], [-99.17797365989644, 19.407471667608924], [-99.1776089842648, 19.407685536657258], [-99.17743789004649, 19.407562529685425], [-99.17732736373686, 19.40767842914935], [-99.1765884815953, 19.408486654979086], [-99.17641778880926, 19.40867504138345], [-99.1758202554497, 19.409335028854095], [-99.17523169849132, 19.40996243815468], [-99.17515421483768, 19.410054093630208], [-99.17425254463258, 19.411062170958857], [-99.17390065214515, 19.411457391552872], [-99.17408215389278, 19.41146870860868], [-99.17416229228454, 19.41146637521012], [-99.1747746476546, 19.41144854595318], [-99.17497891914819, 19.411414146077583], [-99.17531443523424, 19.41139697541987], [-99.17586186910442, 19.411433226180232], [-99.1768806410945, 19.411431930001186], [-99.17749773083725, 19.411402766001732], [-99.17781739590389, 19.411393938549388], [-99.17792315622509, 19.411391866704136], [-99.17803401699568, 19.411362588591455], [-99.1786559928382, 19.411342483846525], [-99.17888756214703, 19.411340946508783], [-99.1793654606554, 19.411407603131757], [-99.17980066013044, 19.411414782356104], [-99.1803341925407, 19.4114199416504], [-99.18079629095999, 19.411424408632037], [-99.18114027948405, 19.41142773333661], [-99.1808850750638, 19.41076332346285], [-99.18110546525465, 19.410946766973616], [-99.18113740749199, 19.410973354340495], [-99.18190240723885, 19.411322184184275], [-99.18203782734716, 19.41138655822321]]]}, "properties": {"nombre": "HIPODROMO CONDESA", "cve_col": "  15-016"}}, {"type": "Feature", "geometry": {"type": "Polygon", "coordinates": [[[-99.14022445182505, 19.46039369500216], [-99.14005828139013, 19.46009186581982], [-99.14001676846, 19.46001646247276], [-99.13973929230214, 19.45951245616008], [-99.13949242042324, 19.459064037234185], [-99.13949764363329, 19.45903304461471], [-99.13950286684215, 19.45900205289873], [-99.13951331325332, 19.45894006856229], [-99.13954151378418, 19.458772738235407], [-99.1396699868139, 19.458243179747825], [-99.14038267388617, 19.455211244036988], [-99.13832749229063, 19.454756678797303], [-99.13591144227951, 19.454166335479563], [-99.13511491320257, 19.45397170141956], [-99.1340441219185, 19.45371004521021], [-99.13399798720893, 19.453698771029316], [-99.13193208577698, 19.453289005341492], [-99.13139241584953, 19.45318195901639], [-99.13098655228188, 19.453139079074642], [-99.13068852949661, 19.4531075923974], [-99.1303280094688, 19.453618358087027], [-99.13002648252828, 19.45406846450786], [-99.12921452241889, 19.45536412267736], [-99.1281598793102, 19.457046999248384], [-99.12906994131461, 19.45734170360008], [-99.12921148590654, 19.457387539875434], [-99.13020258410627, 19.457740532250064], [-99.13116502614716, 19.458083310678315], [-99.13221440113888, 19.458457044454494], [-99.1328284458474, 19.45869132197763], [-99.13363948462205, 19.45900075400801], [-99.13453674141124, 19.459343075342932], [-99.13534510188484, 19.45963545568424], [-99.13638356017246, 19.460014533285435], [-99.13651236697966, 19.460065126979938], [-99.13661257254022, 19.460093847680326], [-99.13671581606172, 19.46012544438646], [-99.13678565257311, 19.460139789800863], [-99.13770292851676, 19.460168479972342], [-99.13770186746291, 19.46018918593406], [-99.13770080545527, 19.460209890992726], [-99.13882070902484, 19.460294686279227], [-99.13963937710035, 19.460370769992387], [-99.14004585222744, 19.460386697258716], [-99.14022445182505, 19.46039369500216]]]}, "properties": {"nombre": "EX HIPODROMO DE PERALVILLO", "cve_col": "  15-012"}}, {"type": "Feature", "geometry": {"type": "Polygon", "coordinates": [[[-99.13876003904755, 19.443964547646992], [-99.13876475174321, 19.443941922054705], [-99.13876946443759, 19.443919296462273], [-99.13877888982324, 19.44387404618058], [-99.13894601844096, 19.443614799263802], [-99.1391129486365, 19.443355859606434], [-99.13944741634458, 19.44283703586403], [-99.1397103396295, 19.441200074818628], [-99.13975123931188, 19.440945430209858], [-99.13927337359907, 19.440906690790957], [-99.13909906465146, 19.44085882866043], [-99.13884392919203, 19.44083606315837], [-99.13858879284865, 19.440813297297804], [-99.1385479761464, 19.440809654831348], [-99.13850715944668, 19.440806013259394], [-99.13845892091557, 19.440858899797515], [-99.13780520165324, 19.44081359401218], [-99.13732123009954, 19.440755422229554], [-99.13728440413253, 19.440773342907207], [-99.13726599114636, 19.44078230369511], [-99.13725678465251, 19.440786784088335], [-99.13664865761481, 19.44080352090336], [-99.1361204141383, 19.440814328806084], [-99.13526733351034, 19.44079059962148], [-99.13477065679564, 19.44077678252445], [-99.13360058796715, 19.440744225337763], [-99.1330969179134, 19.440730209083817], [-99.1329798412746, 19.440733427220795], [-99.13107397142207, 19.440785797394792], [-99.13113899596553, 19.44008370198309], [-99.12993454024216, 19.44019258320279], [-99.12935281515404, 19.440231935712664], [-99.12888800719575, 19.440263378016052], [-99.12841307288285, 19.440262765803496], [-99.12760379190681, 19.440261719905468], [-99.12750929260963, 19.440261597451325], [-99.12734507821716, 19.440261384709842], [-99.12587774528437, 19.44019679542678], [-99.12583212546099, 19.440960573705635], [-99.12577987919285, 19.441835286737497], [-99.12486867564617, 19.441740734108656], [-99.12473305364502, 19.44283525169278], [-99.12569976574136, 19.44291760601675], [-99.12737897677194, 19.443070791791367], [-99.12875224767278, 19.443132919587317], [-99.12964923589809, 19.44317349427152], [-99.13079333092315, 19.44322524003715], [-99.131569285511, 19.44329899670739], [-99.13214860136793, 19.44335405978765], [-99.13272791760434, 19.443409121919352], [-99.13324614619137, 19.443459537651187], [-99.13395981952566, 19.443528964829337], [-99.13520848393726, 19.443650430746004], [-99.13696544812221, 19.443806047164717], [-99.13786274316396, 19.443885299175726], [-99.13876003904755, 19.443964547646992]]]}, "properties": {"nombre": "CENTRO I", "cve_col": "  15-037"}}, {"type": "Feature", "geometry": {"type": "Polygon", "coordinates": [[[-99.17390065214515, 19.411457391552872], [-99.1724657630822, 19.41149636952859], [-99.17293328752628, 19.41036615788169], [-99.17296094624967, 19.41029929477], [-99.17297477512625, 19.410265862761065], [-99.1729886049497, 19.41023243075005], [-99.1728594806613, 19.410249422563773], [-99.17273035729875, 19.410266415188723], [-99.17268585531905, 19.410089151165607], [-99.17249537483065, 19.40933040911471], [-99.17229380135845, 19.40850791768999], [-99.17219071723798, 19.40808729788875], [-99.17213555270982, 19.40784577174914], [-99.17209038451097, 19.407649616682793], [-99.17201764866655, 19.40735219816807], [-99.17106984895588, 19.407540632116206], [-99.16969161419117, 19.407814631550682], [-99.16990747938463, 19.4085964179083], [-99.16832133380207, 19.40895354788607], [-99.16783263835654, 19.4083216750528], [-99.16773481255107, 19.408195187796053], [-99.16733868905526, 19.409358399851385], [-99.1669729213767, 19.41047612566391], [-99.16661668528079, 19.411578214681505], [-99.166489601679, 19.41197357080305], [-99.16636251746908, 19.41236892591934], [-99.16627507763724, 19.412623252717854], [-99.1662044808036, 19.41281140235847], [-99.16590430240723, 19.413736115905063], [-99.16558254076746, 19.414737942607125], [-99.16540655184234, 19.415282247352735], [-99.16537401365167, 19.41539841373695], [-99.16536547858456, 19.41542888425934], [-99.16535947755715, 19.415450308901416], [-99.16535347747978, 19.415471732638657], [-99.16534147541631, 19.415514581017906], [-99.16547803137561, 19.41559455560857], [-99.16572101267981, 19.415738177260828], [-99.16706057216761, 19.41652995147236], [-99.16723747149152, 19.4166322150325], [-99.16741437198829, 19.416734478416693], [-99.16745579520392, 19.41672550601548], [-99.16769398574758, 19.416673914067392], [-99.16864946425694, 19.41646695683082], [-99.16895837590515, 19.41639769119697], [-99.16961274723798, 19.416250963604018], [-99.16977545818845, 19.416100832205082], [-99.16993816883915, 19.415950699756465], [-99.17001263842876, 19.415858736658418], [-99.17068434789591, 19.41481118618725], [-99.17088688615021, 19.41450786396092], [-99.17097002080773, 19.414337942449432], [-99.17151586605347, 19.41322227057283], [-99.17152707395988, 19.413227653420858], [-99.1715382828195, 19.41323303626728], [-99.17164053104328, 19.41328212491654], [-99.17166695221424, 19.413294809937995], [-99.17171723967671, 19.41331898133387], [-99.1720940895736, 19.413499966155474], [-99.1721383076384, 19.413521202462395], [-99.17287404962192, 19.412699756484006], [-99.17327634619146, 19.412250594401623], [-99.17408215389278, 19.41146870860868], [-99.17390065214515, 19.411457391552872]]]}, "properties": {"nombre": "HIPODROMO I", "cve_col": "  15-054"}}, {"type": "Feature", "geometry": {"type": "Polygon", "coordinates": [[[-99.15424722708464, 19.419194016780832], [-99.1548453882013, 19.41908785337382], [-99.15583257354861, 19.418912640856558], [-99.1559128655179, 19.418898389802187], [-99.15599315652041, 19.418884138713196], [-99.1573231382827, 19.418648074736986], [-99.15854817664149, 19.418430627160404], [-99.15970500026135, 19.418196200634554], [-99.16110854542363, 19.417911766425444], [-99.16198688963574, 19.417733759448023], [-99.16251208561933, 19.41762732049383], [-99.16411206757896, 19.417302727284255], [-99.16480868171857, 19.417162797392717], [-99.16504096548444, 19.416441320283127], [-99.16527324627172, 19.41571984283524], [-99.16534147541631, 19.415514581017906], [-99.16535347747978, 19.415471732638657], [-99.16536547858456, 19.41542888425934], [-99.16537401365167, 19.41539841373695], [-99.16540655184234, 19.415282247352735], [-99.16558254076746, 19.414737942607125], [-99.16590430240723, 19.413736115905063], [-99.1662044808036, 19.41281140235847], [-99.16627507763724, 19.412623252717854], [-99.16636251746908, 19.41236892591934], [-99.166489601679, 19.41197357080305], [-99.16661668528079, 19.411578214681505], [-99.1669729213767, 19.41047612566391], [-99.165993260387, 19.41072118088381], [-99.16437681253345, 19.410989922604163], [-99.16251892897182, 19.411298785432567], [-99.16123117012698, 19.41158365815038], [-99.16103299488825, 19.411627496478935], [-99.15965191268583, 19.41190621223919], [-99.15964344551548, 19.412015943674724], [-99.15963497833347, 19.412125674204884], [-99.15942149132209, 19.411988303820475], [-99.15876228570315, 19.41165474124715], [-99.15858448088285, 19.411664620607834], [-99.15806874819978, 19.411693277086233], [-99.15685061533563, 19.41176645815987], [-99.15561916902674, 19.411809214041384], [-99.15493282467672, 19.411817118057957], [-99.15486700012264, 19.41180981875417], [-99.15483408737191, 19.4118061695456], [-99.15480117557424, 19.411802519426512], [-99.15474800668846, 19.412945920126276], [-99.15464947193767, 19.413895321352978], [-99.15464286317966, 19.413964473707736], [-99.15461631400963, 19.414242318608917], [-99.1545280353941, 19.415101107048667], [-99.15450138622818, 19.41553361007581], [-99.15447473693088, 19.415966113983156], [-99.154442851012, 19.416878106258164], [-99.15435441982933, 19.417803659894414], [-99.15428651608897, 19.418558179604947], [-99.15428322207778, 19.41861148680214], [-99.15424722708464, 19.419194016780832]]]}, "properties": {"nombre": "ROMA NORTE III", "cve_col": "  15-070"}}, {"type": "Feature", "geometry": {"type": "Polygon", "coordinates": [[[-99.15512336719678, 19.407514961125287], [-99.15699335554115, 19.407405454932682], [-99.15687924900182, 19.40692264124547], [-99.15678445885989, 19.40652129072141], [-99.15833487265846, 19.40640031042206], [-99.1597024155911, 19.40634906729863], [-99.16045585269634, 19.40630867586279], [-99.16069388077393, 19.406293872187558], [-99.16120413062256, 19.406268941986752], [-99.1617787822958, 19.406238277638785], [-99.16222277998789, 19.40620353576256], [-99.16269787915368, 19.406189228927794], [-99.1632086450935, 19.406161969161865], [-99.16402239385145, 19.406122989984052], [-99.16484920347399, 19.406083381688557], [-99.16638466047074, 19.406009814527717], [-99.1670287949956, 19.40597894886554], [-99.16773846412556, 19.405944940551098], [-99.16848073676455, 19.405929932609236], [-99.16891411732522, 19.404588103306935], [-99.16922016993391, 19.40360410595075], [-99.16955565944669, 19.402549283561243], [-99.1696843219578, 19.40214387317368], [-99.16985491698851, 19.401620769232416], [-99.17002622053066, 19.40109953244711], [-99.17031755662754, 19.400309507114162], [-99.17036457597531, 19.400182724513858], [-99.1704115952519, 19.400055942803913], [-99.17034855515345, 19.399824701332538], [-99.1702802043135, 19.399841299038204], [-99.1702313178014, 19.3998531709831], [-99.17017233241978, 19.399867395730524], [-99.16791084915505, 19.40039790009731], [-99.16528404466179, 19.401314497875187], [-99.16303543315894, 19.402140193628036], [-99.1627605475695, 19.402236345198293], [-99.16227820500555, 19.402405062013834], [-99.16221284888535, 19.40242579760428], [-99.16219105081395, 19.40243271429374], [-99.16216851007802, 19.402439865708274], [-99.16129538114603, 19.40271688908322], [-99.160500206629, 19.402953887531048], [-99.16047819567189, 19.402960448135484], [-99.16045098975586, 19.40296855598369], [-99.16028724004295, 19.403017360689386], [-99.16025419168308, 19.403027210621875], [-99.16022254965237, 19.40303664088352], [-99.1602027257743, 19.403042549747678], [-99.16017949698559, 19.40304947287987], [-99.15970197811922, 19.403191791629084], [-99.1591373020644, 19.403353735764163], [-99.15768260944081, 19.40378554143208], [-99.15714719710658, 19.403944838625236], [-99.15667885524421, 19.40402729767366], [-99.15645752741415, 19.404040252559128], [-99.15623619954697, 19.40405320717528], [-99.15558595210362, 19.404055316661733], [-99.1555482594287, 19.40405543929615], [-99.15552825826101, 19.404055503406102], [-99.15550825709414, 19.404055568417565], [-99.15539299132094, 19.404055942638145], [-99.15538648146862, 19.404095135578885], [-99.15537997161414, 19.40413432942298], [-99.15537221826912, 19.40423613628697], [-99.15528836277632, 19.405337343109153], [-99.15522882218681, 19.405869152704977], [-99.15519733587253, 19.40646035556833], [-99.15519417916234, 19.40652231771587], [-99.15519259985398, 19.406553298790293], [-99.1551910214975, 19.40658427986377], [-99.15512336719678, 19.407514961125287]]]}, "properties": {"nombre": "ROMA SUR II", "cve_col": "  15-072"}}, {"type": "Feature", "geometry": {"type": "Polygon", "coordinates": [[[-99.20099249641356, 19.43823748193165], [-99.20139410689356, 19.435824421160195], [-99.20157551978816, 19.434714459942228], [-99.20160767479463, 19.43452489849392], [-99.20165699857233, 19.434467203449636], [-99.20167342611306, 19.434385937030164], [-99.20165080026811, 19.434314691986092], [-99.20165357756744, 19.434244041383145], [-99.20178206861954, 19.4334278064935], [-99.20180036230879, 19.43326105857821], [-99.20197661061036, 19.43222980212404], [-99.20199587385005, 19.43211708931741], [-99.20127238508404, 19.43205625006066], [-99.20060088425423, 19.43199945969771], [-99.19986440111961, 19.431938628275425], [-99.19910192029573, 19.43187165899332], [-99.19836975972143, 19.43180259831066], [-99.19759864698013, 19.431760289282497], [-99.19682751632608, 19.43170359335761], [-99.19665422969442, 19.43169145258304], [-99.19580078539948, 19.431626622089592], [-99.19501663607333, 19.431549384576602], [-99.19426282027797, 19.43148033056478], [-99.19353504439938, 19.43145234061107], [-99.19272933951204, 19.431461417120207], [-99.19195829479096, 19.43147456263235], [-99.19150780637025, 19.431491477122613], [-99.1914574078517, 19.431443192896513], [-99.19136439470262, 19.43137276087739], [-99.1912488145755, 19.43136740069719], [-99.19117852338032, 19.43136414090303], [-99.19105777606264, 19.431417165589565], [-99.19101656125197, 19.43145243424237], [-99.1908907586144, 19.431637747368722], [-99.19094662004197, 19.43172585123232], [-99.19116226098726, 19.431829338145853], [-99.19094868083653, 19.433489100214857], [-99.19092104812192, 19.43370071950404], [-99.19085754606155, 19.434288554352637], [-99.19079557689406, 19.43486219458208], [-99.19072566445693, 19.4355093509281], [-99.19070959026844, 19.435658150239952], [-99.19063071926259, 19.436389877147548], [-99.19051445558031, 19.437400675395313], [-99.19047657995642, 19.437760175820944], [-99.19128498213998, 19.43779630948718], [-99.19214622341012, 19.437834801070473], [-99.19297609410941, 19.437875142921104], [-99.19375121503226, 19.437912820133473], [-99.19471408206286, 19.437959618202026], [-99.1954678896017, 19.43799264141345], [-99.19639835968431, 19.43803339965091], [-99.19727974206594, 19.43807200320758], [-99.19804282684876, 19.438105421342456], [-99.19879834090938, 19.438138505663858], [-99.19956664983687, 19.438172146631402], [-99.20028452280533, 19.43820357618957], [-99.20099249641356, 19.43823748193165]]]}, "properties": {"nombre": "POLANCO REFORMA (POLANCO)", "cve_col": "  16-065"}}, {"type": "Feature", "geometry": {"type": "Polygon", "coordinates": [[[-99.20338033384215, 19.426130502801282], [-99.20357266533019, 19.425497895038767], [-99.20355152702187, 19.42535869219582], [-99.2035830763685, 19.424505619835234], [-99.20359179874612, 19.424028263022933], [-99.20369840873606, 19.423594995667774], [-99.2039027843467, 19.423108579021513], [-99.20420033187011, 19.422622057390402], [-99.2042705211901, 19.4225405295658], [-99.20384140940227, 19.422456715193537], [-99.20336148512821, 19.422390955246037], [-99.20308185084835, 19.422298450429885], [-99.20274261905281, 19.42298391076568], [-99.20253761106126, 19.423606856711885], [-99.20274907183226, 19.424080744245956], [-99.20293759837874, 19.4246944277275], [-99.20314353748746, 19.425371125204038], [-99.20338033384215, 19.426130502801282]]]}, "properties": {"nombre": "MOLINO DEL REY", "cve_col": "  16-053"}}, {"type": "Feature", "geometry": {"type": "Polygon", "coordinates": [[[-99.14298052324301, 19.44751304110472], [-99.14300929672265, 19.447519840624157], [-99.14314505903961, 19.44754234197116], [-99.14317159807818, 19.447414005117583], [-99.14336356874283, 19.446485680984757], [-99.14357250111804, 19.445532902874376], [-99.14373199373937, 19.444732555629884], [-99.14253567126201, 19.444540129885763], [-99.14112156896014, 19.44429457142005], [-99.1410470264586, 19.444281874241693], [-99.13987028376748, 19.444081429458258], [-99.13876003904755, 19.443964547646992], [-99.13841142916122, 19.44450810039873], [-99.13837363759895, 19.444568957896614], [-99.13833584505592, 19.4446298153871], [-99.13828966263834, 19.44471361484277], [-99.1382353281896, 19.444762624462545], [-99.1382162956812, 19.444800978493937], [-99.13819726316315, 19.444839331619512], [-99.13814476956206, 19.444919146812254], [-99.1381090778357, 19.444977011332377], [-99.13808810885205, 19.44504284180048], [-99.13805243394312, 19.44512065055165], [-99.13539905295343, 19.447511923736332], [-99.13511329763095, 19.44772753000763], [-99.13512591926947, 19.44773599661998], [-99.1351385409093, 19.447744463231455], [-99.13515852900461, 19.447762398076744], [-99.13518588232198, 19.44778830458977], [-99.13521011809281, 19.447812654500904], [-99.13524165232472, 19.447854078418917], [-99.13526063744501, 19.44789983509661], [-99.13527642461172, 19.447952774231727], [-99.1352849812339, 19.447976319762], [-99.13530454059733, 19.448010269775903], [-99.13531759341203, 19.44805040068029], [-99.13533391534806, 19.44810596743534], [-99.1353469732986, 19.448152274372454], [-99.13535351987065, 19.448195497243482], [-99.1353535582751, 19.448241812989675], [-99.1353601090213, 19.448291211895977], [-99.13535688950016, 19.448334442956792], [-99.13535041044047, 19.44837150041034], [-99.13534228785625, 19.448390032780157], [-99.13533416622289, 19.44840856514888], [-99.13537567954596, 19.448437805743087], [-99.13541719288314, 19.448467045423886], [-99.1355002205547, 19.448525524755716], [-99.13560610205798, 19.44858679483181], [-99.13639724366327, 19.448947981642053], [-99.13653809915013, 19.449012286678744], [-99.1384234634112, 19.44987300518533], [-99.1388846160542, 19.45009751774177], [-99.13919234341695, 19.4502423943374], [-99.13979462915248, 19.45052284414404], [-99.14060766982334, 19.45089344394818], [-99.14129838813867, 19.45111187090443], [-99.14141344628445, 19.450500277748528], [-99.14159100733895, 19.449556437403242], [-99.14068334517148, 19.449420524321592], [-99.14074611746773, 19.44900126331062], [-99.14034953069438, 19.448966011823096], [-99.13945606733289, 19.448921809390296], [-99.13912035069902, 19.448905200095], [-99.13856983238468, 19.448836983753406], [-99.1387343946991, 19.44778707875549], [-99.13932289767875, 19.447967354139145], [-99.1402656090832, 19.448242009946757], [-99.14030696329456, 19.448192679915895], [-99.14036427859581, 19.44791025127662], [-99.14056620211753, 19.446915254760324], [-99.14118374320239, 19.44698351687043], [-99.14155204082097, 19.447018674773368], [-99.14157803505536, 19.44707478920413], [-99.1415968387028, 19.447110388419592], [-99.1416290549385, 19.44715106602297], [-99.1416639432305, 19.44718156471644], [-99.14173907120588, 19.4472272967426], [-99.14178200154522, 19.4472527020765], [-99.14183565950484, 19.447280642087858], [-99.14189735949215, 19.447303488740143], [-99.14206633095826, 19.447328795376873], [-99.14253021197474, 19.44741606727723], [-99.14272614447924, 19.447452927892463], [-99.14283031535075, 19.447477545540696], [-99.14293448625247, 19.447502162225103], [-99.14298052324301, 19.44751304110472]]]}, "properties": {"nombre": "GUERRERO II", "cve_col": "  15-051"}}, {"type": "Feature", "geometry": {"type": "Polygon", "coordinates": [[[-99.13499391129123, 19.413069287233874], [-99.13506643255805, 19.412607232356805], [-99.13512764728704, 19.412210757487923], [-99.13519425839138, 19.411780723218822], [-99.1352607710196, 19.41135065554229], [-99.13534715225423, 19.410814941896984], [-99.13543384272486, 19.41027951262532], [-99.13548695885429, 19.409949866904793], [-99.13549468276598, 19.409901927505818], [-99.13556288813861, 19.409480835992778], [-99.13564314492015, 19.408984120659607], [-99.13572676665292, 19.408466034143053], [-99.13574671690611, 19.40834309528248], [-99.13577845293798, 19.408110000534684], [-99.13564258077193, 19.408185386932416], [-99.13532477884768, 19.408361714960876], [-99.13518862026066, 19.40840796870851], [-99.1350550954451, 19.408433795276558], [-99.13456067971379, 19.40846116540013], [-99.13428004539901, 19.408483468195406], [-99.13399941100413, 19.408505769653985], [-99.13395672482231, 19.408508694857556], [-99.13352274933897, 19.40853842783321], [-99.1330022942755, 19.408552655497278], [-99.13260830753467, 19.408566788522194], [-99.13219974013035, 19.408594778198086], [-99.13180576436272, 19.408622755469118], [-99.13135610244633, 19.408673238788452], [-99.1308906278984, 19.408698177712676], [-99.13043816980033, 19.408748426711547], [-99.13009092889321, 19.408778629646275], [-99.12997747384242, 19.40878229410841], [-99.12995970263663, 19.408783415691207], [-99.12987322288993, 19.408788870958453], [-99.12783733241939, 19.40894744192217], [-99.12846959351808, 19.409316043595034], [-99.12891979501985, 19.40958908212544], [-99.12968771443552, 19.410044266839165], [-99.12980355179921, 19.410112928785974], [-99.13040746569136, 19.4104708943607], [-99.13089436916128, 19.410787228936382], [-99.13100551562427, 19.410859439707163], [-99.13142961680042, 19.411109558692996], [-99.13180440022796, 19.41133076520345], [-99.1325383294736, 19.41176391685829], [-99.13288065463306, 19.411965719198903], [-99.13289328398274, 19.41197316479868], [-99.13290591333283, 19.411980609493867], [-99.1331555317492, 19.41213076698761], [-99.13342549813221, 19.41229316371745], [-99.13345175614116, 19.41231044897939], [-99.13387529011229, 19.41258924685845], [-99.13390648858606, 19.412609783634316], [-99.13438686903217, 19.41287610945409], [-99.13487398498013, 19.41316531313581], [-99.13496850146515, 19.413221427587136], [-99.13499391129123, 19.413069287233874]]]}, "properties": {"nombre": "VISTA ALEGRE", "cve_col": "  15-034"}}, {"type": "Feature", "geometry": {"type": "Polygon", "coordinates": [[[-99.12569976574136, 19.44291760601675], [-99.12473305364502, 19.44283525169278], [-99.12454118803903, 19.442823364868314], [-99.12440429675775, 19.442814883343853], [-99.12400355996492, 19.442777764291947], [-99.12379507149276, 19.442758453105576], [-99.12357274445655, 19.44273889444688], [-99.12322212965985, 19.442671454853503], [-99.12302207849324, 19.442634809056525], [-99.12366145847619, 19.443552579876098], [-99.12369907004053, 19.443609335168567], [-99.12372399096724, 19.44364831835253], [-99.1241999926904, 19.44439291588783], [-99.12436358465787, 19.444753686674595], [-99.12443931644971, 19.444920700612013], [-99.1244517194566, 19.444959554907854], [-99.12456610759746, 19.445317907428002], [-99.1253710284293, 19.446642556053895], [-99.12556302021697, 19.446938926610592], [-99.1256730867188, 19.44710883252831], [-99.12593757802884, 19.447676145450767], [-99.1258686666824, 19.44822585461128], [-99.1258616626519, 19.448281721282072], [-99.12567029261884, 19.449247393949612], [-99.12555187956067, 19.449844910675488], [-99.125455356518, 19.45019881465299], [-99.1252172790559, 19.45106912744323], [-99.12505444197957, 19.4514544839991], [-99.12502551944031, 19.451522931086444], [-99.12487415215779, 19.451853438974766], [-99.12477999244814, 19.45200221038751], [-99.12582603407807, 19.452225805177637], [-99.12613596165927, 19.452292051452417], [-99.12660415522703, 19.452392126081644], [-99.12674188460227, 19.45169414932406], [-99.1269784805656, 19.45049513103178], [-99.12720433774236, 19.4495414542842], [-99.12800847212401, 19.449697538961466], [-99.1280321277364, 19.449557752544134], [-99.12859940927486, 19.44966255450317], [-99.12896190974044, 19.447872527028935], [-99.12914557611073, 19.447034356246604], [-99.12915649879515, 19.44698027602846], [-99.12935020590376, 19.446021235735955], [-99.12944082607716, 19.445087388604353], [-99.1284971343404, 19.444887830557953], [-99.12875224767278, 19.443132919587317], [-99.12737897677194, 19.443070791791367], [-99.12569976574136, 19.44291760601675]]]}, "properties": {"nombre": "MORELOS II", "cve_col": "  15-057"}}, {"type": "Feature", "geometry": {"type": "Polygon", "coordinates": [[[-99.12738838334509, 19.453508446565206], [-99.12779484756597, 19.453588354206968], [-99.1282257640015, 19.453674346484295], [-99.12865667993225, 19.453760337735055], [-99.12950398906548, 19.453918305375275], [-99.1297228019323, 19.453965168751587], [-99.12976018006688, 19.453977882685503], [-99.12983885885802, 19.454004645230572], [-99.13002648252828, 19.45406846450786], [-99.1303280094688, 19.453618358087027], [-99.13068852949661, 19.4531075923974], [-99.13053876907045, 19.453090366857918], [-99.13038900867585, 19.453073142098233], [-99.12960181929834, 19.452982599371243], [-99.12953492042668, 19.452974904071542], [-99.12923964506602, 19.452932780756797], [-99.12907140052188, 19.45290033584092], [-99.12870744136379, 19.452828952813448], [-99.12828995249902, 19.452746334797606], [-99.12798965486903, 19.45268690761902], [-99.12791862746707, 19.45267240508843], [-99.1278476010303, 19.452657902529275], [-99.12660415522703, 19.452392126081644], [-99.12613596165927, 19.452292051452417], [-99.12582603407807, 19.452225805177637], [-99.12477999244814, 19.45200221038751], [-99.12444084943326, 19.45335351545035], [-99.12425447748905, 19.454116405549392], [-99.12414867071256, 19.454549507317314], [-99.12408926967694, 19.45479265825502], [-99.123784488747, 19.456040210813985], [-99.12371185026235, 19.45633753791527], [-99.123675888048, 19.456484741697423], [-99.12378742969908, 19.45649082445686], [-99.12422186490542, 19.456622365049586], [-99.1244764676871, 19.456697588886467], [-99.12508521923107, 19.456859538099703], [-99.1251837059328, 19.456890790427185], [-99.12531965942728, 19.456636635906577], [-99.12616270012101, 19.455262355161583], [-99.12656777080794, 19.454712593662194], [-99.1272455291403, 19.453652410373167], [-99.12738838334509, 19.453508446565206]]]}, "properties": {"nombre": "FELIPE PESCADOR", "cve_col": "  15-013"}}, {"type": "Feature", "geometry": {"type": "Polygon", "coordinates": [[[-99.16025213598962, 19.44747101844366], [-99.15968162193477, 19.447397034957906], [-99.15911110743133, 19.44732305057825], [-99.15803648428727, 19.447140537083058], [-99.15734051121201, 19.447027563169296], [-99.1566448567133, 19.446913997980225], [-99.15612364385747, 19.44682890908776], [-99.15555896503875, 19.446736721988017], [-99.15324540744244, 19.446353191197122], [-99.15324536767228, 19.446353449695224], [-99.15296944934477, 19.44780177324758], [-99.15291643723955, 19.448080035962672], [-99.15259045409285, 19.44989095779537], [-99.15266240217531, 19.44990384759033], [-99.15378401407007, 19.450104786172204], [-99.15489805197717, 19.45029588635214], [-99.15600388868322, 19.45048700841314], [-99.15566257794343, 19.45229154000451], [-99.1562951711066, 19.452391031619346], [-99.15704768701518, 19.452509380008102], [-99.1571498182284, 19.451992324075793], [-99.15718509473169, 19.45187480069181], [-99.1573856611383, 19.45067955819328], [-99.15848088223649, 19.45086656510068], [-99.1596113655202, 19.45106213687381], [-99.1606756683486, 19.451233563078354], [-99.16128034715618, 19.45135660398946], [-99.16175283662632, 19.451452744965504], [-99.1633281452673, 19.45168433883388], [-99.16406681001492, 19.451792927552795], [-99.16417037624029, 19.451811995442107], [-99.16421196467226, 19.45181618720979], [-99.16423275888994, 19.45181828399375], [-99.16425355215448, 19.451820379872476], [-99.1642333255126, 19.450087321139666], [-99.16423518735054, 19.450061056408735], [-99.16423704823431, 19.45003479077484], [-99.16424077095375, 19.449982260409648], [-99.16442118125123, 19.449172699718677], [-99.1646431077456, 19.448258647176676], [-99.16311161878862, 19.44798091355886], [-99.1624821313421, 19.447867212805548], [-99.16134157225304, 19.447679445127665], [-99.16025213598962, 19.44747101844366]]]}, "properties": {"nombre": "SANTA MARIA LA RIBERA II", "cve_col": "  15-076"}}, {"type": "Feature", "geometry": {"type": "Polygon", "coordinates": [[[-99.23301545642369, 19.412978653249755], [-99.23301678838644, 19.412977586053167], [-99.23313667115988, 19.41311909249675], [-99.23324000311916, 19.41325018573113], [-99.23336457472303, 19.413481338833417], [-99.23339991138421, 19.41360362215152], [-99.2333977672719, 19.413743747900554], [-99.23337696159199, 19.41394839806306], [-99.23323747091543, 19.41476262097], [-99.23320959139568, 19.414938365594626], [-99.23320264791171, 19.415000651787846], [-99.23321686157226, 19.415105168854062], [-99.23324279131553, 19.41520522275702], [-99.23329686617991, 19.415316361713433], [-99.23339569462648, 19.415576462363276], [-99.23340678778463, 19.415616718856807], [-99.23345696175525, 19.41579880040947], [-99.2334759346884, 19.415952243341344], [-99.23348319566581, 19.416112373499324], [-99.23349320851973, 19.416241864854918], [-99.23350469063341, 19.41639036681631], [-99.23352589663622, 19.41646596117985], [-99.23361281489942, 19.416592626209876], [-99.233690282751, 19.416668148189025], [-99.2337363468796, 19.416732660739452], [-99.23376575273129, 19.41666134547025], [-99.2337728006773, 19.41664425244625], [-99.23384921618812, 19.416675207773984], [-99.23400507714055, 19.416676485551797], [-99.23414839565848, 19.41662602322525], [-99.23433516343286, 19.416442416367605], [-99.23454668263196, 19.416128645058272], [-99.2348455656923, 19.41587391187446], [-99.2351507499871, 19.415666490718618], [-99.23544963125859, 19.415411756546714], [-99.2355180380456, 19.415293367089745], [-99.23574177442507, 19.414808043123923], [-99.23584733031521, 19.414512153238014], [-99.236245555739, 19.413979281347167], [-99.23643211292263, 19.41365371146349], [-99.2366869127636, 19.413097364839533], [-99.23695423031381, 19.412576492481598], [-99.23706003980053, 19.41245805364442], [-99.23719081275658, 19.41235732673755], [-99.2373777439484, 19.412292017341407], [-99.2376456939562, 19.412208856318262], [-99.23802734867174, 19.412078225290863], [-99.23823919454877, 19.411998094769753], [-99.23852905455338, 19.411977012005423], [-99.23888446245962, 19.412017949990936], [-99.23938648357797, 19.41213263307308], [-99.23979489197453, 19.412179414292257], [-99.24001929281478, 19.41215841553086], [-99.24047110552159, 19.412045432174626], [-99.24088860845278, 19.411917705591556], [-99.24115330868051, 19.41174581812842], [-99.24138691954617, 19.411630165006578], [-99.24178882655451, 19.411496541322094], [-99.24207760036984, 19.41141502157688], [-99.24217830001547, 19.41138659456826], [-99.24242439068546, 19.411279795321615], [-99.24250847346461, 19.411226447580702], [-99.24268594008342, 19.411087207384746], [-99.24291320955673, 19.41090057976372], [-99.24304614398898, 19.410783475765168], [-99.24319714300609, 19.41065045915996], [-99.24399595622035, 19.409953194440583], [-99.24410176020677, 19.409914786045313], [-99.24456350114302, 19.409724229059528], [-99.24471616597421, 19.409676702843644], [-99.24503086344197, 19.409593468018628], [-99.24529712782864, 19.409456372960708], [-99.24533609839428, 19.409436307430628], [-99.24540837035111, 19.40937962510801], [-99.2461525826922, 19.40879594028072], [-99.2461874312296, 19.40876860790349], [-99.24620911702165, 19.408751600301358], [-99.24624367252778, 19.408724497855758], [-99.2467646265768, 19.408315906282255], [-99.24681319695904, 19.408277814418046], [-99.24721277082271, 19.407964422672546], [-99.24743211411814, 19.407792388086573], [-99.24749414928274, 19.40774373308114], [-99.24773928337868, 19.407551468431553], [-99.2477800771701, 19.40751947347791], [-99.24781910415619, 19.407485602086833], [-99.24800122150035, 19.40733373804064], [-99.2480381205351, 19.40730923839096], [-99.24807706588562, 19.40727938590713], [-99.24832966960734, 19.40707517752469], [-99.24845005889098, 19.406941716715245], [-99.24889712768449, 19.406625682545414], [-99.24967887432825, 19.406012383843127], [-99.2500624655612, 19.40569833635209], [-99.25015941546174, 19.40561896188419], [-99.2506386767318, 19.405337871249664], [-99.25073506905697, 19.40521505171886], [-99.25078623336857, 19.40514986073283], [-99.25091220845648, 19.405017217495338], [-99.25115099515455, 19.40481015858165], [-99.25119834425979, 19.40477759169056], [-99.25124452134042, 19.404743454834968], [-99.25173246324061, 19.404353885530934], [-99.2517587401844, 19.40432799365014], [-99.25178480029162, 19.404302314440603], [-99.2521321712429, 19.40396002175809], [-99.25252426682624, 19.40354542455431], [-99.25316073212164, 19.403105701731693], [-99.25319072825103, 19.403084977368948], [-99.25352699067538, 19.402852984119235], [-99.25359285779543, 19.40280754346574], [-99.25384091308982, 19.402636412739984], [-99.25389577129263, 19.402598566867617], [-99.2541707193444, 19.402408882671658], [-99.25422624623144, 19.402370574866865], [-99.25427257205493, 19.40233861500785], [-99.25469380778874, 19.402048005510636], [-99.25473885189231, 19.402016930265788], [-99.25478672829752, 19.401983899904042], [-99.255008554821, 19.40183086162604], [-99.25516266329993, 19.40172454116864], [-99.25524242371452, 19.40166951452021], [-99.2551861235895, 19.401543898487258], [-99.25519208969496, 19.40137235372976], [-99.255247714027, 19.401064692928024], [-99.25530959015833, 19.400768853946346], [-99.2553653525117, 19.40054991852821], [-99.25538991842801, 19.400313282336175], [-99.25537713662291, 19.40011218777526], [-99.25533321496569, 19.39992888334194], [-99.25528502557894, 19.399777279327513], [-99.25528143792553, 19.399749237347454], [-99.25523241063719, 19.399603815047904], [-99.2552047456056, 19.399456950226146], [-99.25517951748661, 19.399267709151843], [-99.25521633642794, 19.39889500397612], [-99.25535279481491, 19.39845709898018], [-99.25536703320553, 19.39822448886887], [-99.25561127688395, 19.39745934798299], [-99.25574472066928, 19.39712997400783], [-99.25586812810307, 19.396973356079336], [-99.25615854992091, 19.39669695662056], [-99.25735089269013, 19.395723079837474], [-99.25798560523546, 19.39526588274046], [-99.25830922675634, 19.395062879182714], [-99.25873304808505, 19.394836148957147], [-99.25938700526726, 19.3944688906088], [-99.25948858128208, 19.394351148789585], [-99.25954334084905, 19.394227218177548], [-99.25955089776967, 19.39413097269218], [-99.25950054582658, 19.3939358206115], [-99.25945897168587, 19.393796336140635], [-99.2591944718398, 19.3929891938355], [-99.25913248801643, 19.392888245079654], [-99.25907527478249, 19.392806618324567], [-99.25904296580602, 19.39269895416582], [-99.2589877612532, 19.39257760319532], [-99.25890900690973, 19.39251965929208], [-99.25875939058149, 19.39251099950313], [-99.25866906241895, 19.392546618109595], [-99.25850720745004, 19.392682894690026], [-99.25834529716846, 19.392783681111116], [-99.25822688975714, 19.39280159389027], [-99.25688684825657, 19.39289813335218], [-99.25677155210131, 19.39291308380966], [-99.25668434869344, 19.392954611888502], [-99.25652560507264, 19.39308792444309], [-99.25606173458524, 19.393422779449082], [-99.25597452705138, 19.393461349310886], [-99.25585614660295, 19.393497006918768], [-99.25526409602153, 19.393580649838437], [-99.25510209432225, 19.39362524003499], [-99.25484359865055, 19.393749818298012], [-99.25461003207491, 19.393871404309937], [-99.25436099995771, 19.394069906721256], [-99.2543051005444, 19.394200116473787], [-99.25432396677408, 19.39430656128371], [-99.25441141967421, 19.39442473986965], [-99.25469229506047, 19.394660948502963], [-99.25481100802511, 19.394838234460092], [-99.25475830405634, 19.394981360385255], [-99.25468984597656, 19.39505243647773], [-99.25458695131151, 19.395063320417968], [-99.2544809441154, 19.39503980845176], [-99.25434369679377, 19.394969019397088], [-99.25403169876539, 19.394762428948642], [-99.25366343581042, 19.394449445256225], [-99.25342573109204, 19.39418212383303], [-99.25333248346398, 19.394077258346602], [-99.25295160052009, 19.39366373439676], [-99.25283927897173, 19.39358699463539], [-99.25273326479471, 19.393557566777496], [-99.25253374775835, 19.393528268737374], [-99.25195255994413, 19.393469570220486], [-99.25166715885312, 19.39344074446598], [-99.25147393899631, 19.393452841517966], [-99.25113754059707, 19.39358935289769], [-99.25088834697297, 19.39368433748015], [-99.25075124630209, 19.393708186966265], [-99.25042712334515, 19.393720464281287], [-99.24999077939279, 19.393721064698322], [-99.249817211718, 19.393653524911347], [-99.24970633891303, 19.393587191196175], [-99.24962894907563, 19.39353227969554], [-99.24924850982804, 19.39340266995691], [-99.24902413150113, 19.39342072288563], [-99.24866912012448, 19.393616405696307], [-99.2482271349736, 19.39400740354031], [-99.24791581906466, 19.394244430212645], [-99.24779398681702, 19.394270709362754], [-99.2476009953749, 19.394282939365056], [-99.24735483058745, 19.394262939728154], [-99.24706176210114, 19.394201229792788], [-99.24682794375698, 19.39416014145438], [-99.24670013901064, 19.39414848516112], [-99.24653495135055, 19.39414870920379], [-99.24633555920973, 19.3942022150621], [-99.24619232193551, 19.394291134794805], [-99.24524270085864, 19.394951947154844], [-99.2450311372055, 19.395203621972865], [-99.24494794077317, 19.395301023488702], [-99.24491922528921, 19.39539896973402], [-99.24486963971388, 19.395588318628366], [-99.24483574058787, 19.395845668721396], [-99.24477387281505, 19.39615925086448], [-99.24468691653917, 19.396369351589684], [-99.24448781796042, 19.396621009889696], [-99.24433520933586, 19.396698111032208], [-99.24414821935031, 19.39671019196502], [-99.24393929643028, 19.396645407046716], [-99.2437335701041, 19.396633852315524], [-99.24359961384035, 19.3966783947093], [-99.24343768589769, 19.396776210078023], [-99.24302992535719, 19.397140532168798], [-99.24255686299743, 19.397608452925258], [-99.24225198768602, 19.39799629544958], [-99.2420271128084, 19.398428623379388], [-99.24184808589867, 19.398866346713984], [-99.24171759731645, 19.39915044291341], [-99.24139059438188, 19.399667935280977], [-99.24122006212284, 19.39993780636206], [-99.24083456359291, 19.40061263395418], [-99.24071632246547, 19.400748837010877], [-99.24054195982485, 19.400873283626645], [-99.24036126780018, 19.4009326731098], [-99.24018056696241, 19.400986147559582], [-99.23982846279463, 19.401057593554736], [-99.23953870117728, 19.401131913709673], [-99.23936422908608, 19.40118242125819], [-99.2392520945116, 19.401232846602742], [-99.23912442826341, 19.40131878331666], [-99.23902485138295, 19.401431300357874], [-99.23895019333536, 19.4015319548566], [-99.23887557741008, 19.401662183600298], [-99.23885357444125, 19.401730622528227], [-99.23883219166487, 19.401833777152156], [-99.23879194845851, 19.402024699002105], [-99.2387140128631, 19.402199896766422], [-99.23861731581604, 19.40237808604782], [-99.23842179512394, 19.402544122432964], [-99.23801057639005, 19.4029954446266], [-99.23748409952287, 19.403285878542864], [-99.23740644354747, 19.40341096846615], [-99.23728176101986, 19.404138335286518], [-99.23713823441022, 19.404257829367566], [-99.23668341286326, 19.404417498203387], [-99.23628872885267, 19.404758888727475], [-99.23597616406035, 19.405097231983238], [-99.23546373321638, 19.405651920169838], [-99.2352244921972, 19.405834030955848], [-99.23499127035468, 19.406038858654984], [-99.23482968756801, 19.406095880036837], [-99.23405766288978, 19.406358215380536], [-99.23342320538987, 19.406518107367592], [-99.23317189660065, 19.406637736736112], [-99.23300442970151, 19.4067686207876], [-99.23283198064722, 19.407190251297735], [-99.23273825198842, 19.407036579453035], [-99.23265709202293, 19.40695387255549], [-99.23240085392136, 19.406844123378878], [-99.23227155409604, 19.406692063822284], [-99.2321882540883, 19.406468207893464], [-99.23195567239928, 19.405845382613172], [-99.23177540148616, 19.40564943064398], [-99.23161707614081, 19.405592664509935], [-99.2314838233999, 19.405612214618724], [-99.23092963561673, 19.40577692636451], [-99.23071941588478, 19.405777193359526], [-99.2305238243531, 19.40568995575842], [-99.22990239449679, 19.40525680046948], [-99.22982129915275, 19.405218455044302], [-99.22962484336419, 19.40515659499849], [-99.22944095150444, 19.40516274210902], [-99.22929760004972, 19.405183625510386], [-99.22885566349538, 19.405691461242224], [-99.22923350424126, 19.405919740834722], [-99.22972558815187, 19.406173613281464], [-99.23079313979392, 19.406935742901037], [-99.2309657264631, 19.407050651592098], [-99.23100411204516, 19.407099078490734], [-99.23100421470954, 19.407171790987743], [-99.23091519378525, 19.40744457624752], [-99.23087725374448, 19.407711237107936], [-99.23079455871536, 19.40794159894048], [-99.23067361440329, 19.408220484067467], [-99.23048238872941, 19.40847522042275], [-99.23003597070195, 19.408912061798656], [-99.23074009103158, 19.41007456993467], [-99.23082345408574, 19.410316838800714], [-99.23081105764241, 19.410583468023603], [-99.2307474773858, 19.410783508201007], [-99.23067097902668, 19.41088055486225], [-99.23057532250112, 19.41097762670731], [-99.23044779293016, 19.411117154234894], [-99.23040319186151, 19.41118992339465], [-99.23039032730948, 19.41123022222767], [-99.2303614703392, 19.411419096119506], [-99.23055731648051, 19.411795665576037], [-99.23063286497857, 19.41194533906953], [-99.23074305702606, 19.412177171110738], [-99.23073680740131, 19.412274128562327], [-99.23051408921312, 19.412843993041417], [-99.23048239717139, 19.413013696243883], [-99.23049532372437, 19.413122748266336], [-99.23057850008813, 19.413231712047452], [-99.23072043055426, 19.41333501347077], [-99.23083362978547, 19.41309378824495], [-99.23106903237559, 19.41294866301398], [-99.2313354352987, 19.41278681258797], [-99.2314769772641, 19.412740054471417], [-99.23159779683107, 19.412725568371474], [-99.23173564423966, 19.412736141474287], [-99.2318320781568, 19.41276663474832], [-99.23271263310565, 19.413213119850305], [-99.232808389325, 19.41345440482393], [-99.23290390948483, 19.413529722399712], [-99.23302191552004, 19.41353573627527], [-99.23307336738597, 19.41347839237565], [-99.23311299693412, 19.41339032985292], [-99.23306260173639, 19.41329816967586], [-99.23296183835599, 19.41326309351276], [-99.23287162608042, 19.41319279837389], [-99.23286819994581, 19.413125209778766], [-99.23289266373855, 19.41307709679331], [-99.23301545642369, 19.412978653249755]]]}, "properties": {"nombre": "BOSQUES DE LAS LOMAS", "cve_col": "  16-019"}}, {"type": "Feature", "geometry": {"type": "Polygon", "coordinates": [[[-99.18427666633559, 19.407918887248282], [-99.18429169940522, 19.40773912476345], [-99.1842968119164, 19.407677987116443], [-99.18440578563451, 19.406374898752386], [-99.18440958707703, 19.40632944928088], [-99.18450426610136, 19.405197280427643], [-99.18460154325847, 19.40403402151447], [-99.18466057033626, 19.40332816847221], [-99.18378837694983, 19.403343486789126], [-99.18325790151414, 19.403352802100372], [-99.1825611449803, 19.403380658399712], [-99.1816387669045, 19.40341882683036], [-99.18095462098981, 19.40323310503767], [-99.18006018904936, 19.40299029290249], [-99.1790682203848, 19.40268051150776], [-99.1782296400641, 19.40241862541159], [-99.17731787491341, 19.402120610809888], [-99.17640747073436, 19.401823036721545], [-99.17549189681652, 19.401530414545242], [-99.17459372711329, 19.401243350612773], [-99.17368685488985, 19.400949518005532], [-99.17275231461625, 19.400636123397593], [-99.1724258634171, 19.400526647809826], [-99.17229137066724, 19.400481544750196], [-99.17183951207666, 19.400330011834907], [-99.17122220118326, 19.402059935330293], [-99.17106751814919, 19.402551696066787], [-99.17099565632004, 19.40269478280901], [-99.1711455256159, 19.403371891117168], [-99.17117661333621, 19.403512346002262], [-99.17130672856193, 19.403554318054773], [-99.17169039165036, 19.403677761042655], [-99.17258078963307, 19.40396423926481], [-99.17349359218522, 19.40425799200472], [-99.17439824513923, 19.40454911539639], [-99.17711559983314, 19.40544121548938], [-99.17781222115677, 19.405680401122016], [-99.17895241523937, 19.406079642193383], [-99.18070215235004, 19.406687781572963], [-99.18120954741123, 19.406864128100455], [-99.1825091342995, 19.407311054374087], [-99.18427666633559, 19.407918887248282]]]}, "properties": {"nombre": "ESCANDON I", "cve_col": "  16-090"}}, {"type": "Feature", "geometry": {"type": "Polygon", "coordinates": [[[-99.18466057033626, 19.40332816847221], [-99.18470720555226, 19.402680305542777], [-99.18474078358463, 19.402213823557506], [-99.1847958041872, 19.401449460000887], [-99.18485633520623, 19.400608539795552], [-99.18489180285741, 19.40011580615], [-99.18489848489766, 19.40002297228453], [-99.1849237107547, 19.39986972448217], [-99.18496697711943, 19.39963214885944], [-99.18503865116509, 19.398593566879864], [-99.18507807959938, 19.398022241077985], [-99.18511749249282, 19.39768921688399], [-99.18519487444465, 19.397035362976503], [-99.18531477895864, 19.395956386442926], [-99.18509858446676, 19.396022275908997], [-99.18435394804033, 19.396144468820054], [-99.18407509997154, 19.39619022593007], [-99.18346130500305, 19.39642747520149], [-99.18243696214681, 19.396795601222635], [-99.18233508255472, 19.39690003948605], [-99.18223029471504, 19.39691851819753], [-99.18145048739729, 19.397056032771122], [-99.18120296480167, 19.39710237056318], [-99.180926896736, 19.3971434966251], [-99.18014071878684, 19.39731327946817], [-99.17961500578963, 19.397435654397093], [-99.1794961965956, 19.397491976261115], [-99.17887725171217, 19.397644604747743], [-99.17847512839717, 19.397738533783187], [-99.17812840964022, 19.397817555822375], [-99.17775204729905, 19.39790386310723], [-99.1776664724687, 19.39792096662689], [-99.17658108180476, 19.398125900156465], [-99.17647137907299, 19.398156765895084], [-99.17638412134241, 19.398237757549854], [-99.17635094500443, 19.398328563590802], [-99.17634272874768, 19.398423292891003], [-99.176359427965, 19.39848050333373], [-99.17640317919194, 19.39855347471656], [-99.17619511703977, 19.39846290263097], [-99.17604114837582, 19.398393984527942], [-99.1758435040518, 19.398321161971467], [-99.17564112553416, 19.39824304793755], [-99.17553561587133, 19.398226739080556], [-99.17543626175883, 19.39822388883674], [-99.17533617218166, 19.398249294243193], [-99.17514920128885, 19.398323621578342], [-99.1728724229397, 19.399012710374315], [-99.17216139820503, 19.399218613175268], [-99.17164418263361, 19.399389008180673], [-99.17072305472391, 19.399713109466617], [-99.17069707193784, 19.399722251558394], [-99.17061184788288, 19.399752236762538], [-99.17057721943033, 19.39976263770806], [-99.17053527300907, 19.39977523614414], [-99.17049832519128, 19.399786333312086], [-99.17034855515345, 19.399824701332538], [-99.1704115952519, 19.400055942803913], [-99.1704615849377, 19.400291203605615], [-99.17049517180894, 19.400449268131833], [-99.1707728288142, 19.401755953374987], [-99.17081854404489, 19.401932747884064], [-99.17091136849268, 19.402313966961774], [-99.17099565632004, 19.40269478280901], [-99.17106751814919, 19.402551696066787], [-99.17122220118326, 19.402059935330293], [-99.17183951207666, 19.400330011834907], [-99.17229137066724, 19.400481544750196], [-99.1724258634171, 19.400526647809826], [-99.17275231461625, 19.400636123397593], [-99.17368685488985, 19.400949518005532], [-99.17459372711329, 19.401243350612773], [-99.17549189681652, 19.401530414545242], [-99.17640747073436, 19.401823036721545], [-99.17731787491341, 19.402120610809888], [-99.1782296400641, 19.40241862541159], [-99.1790682203848, 19.40268051150776], [-99.18006018904936, 19.40299029290249], [-99.18095462098981, 19.40323310503767], [-99.1816387669045, 19.40341882683036], [-99.1825611449803, 19.403380658399712], [-99.18325790151414, 19.403352802100372], [-99.18378837694983, 19.403343486789126], [-99.18466057033626, 19.40332816847221]]]}, "properties": {"nombre": "ESCANDON II", "cve_col": "  16-091"}}, {"type": "Feature", "geometry": {"type": "Polygon", "coordinates": [[[-99.17538556865532, 19.454401925652277], [-99.1760120020345, 19.45490675785942], [-99.17577959433737, 19.455241628222584], [-99.17540314599934, 19.45579113206686], [-99.1748654581037, 19.456522473689297], [-99.17399534724437, 19.457761906241902], [-99.17396134897173, 19.45775539411955], [-99.1731181350792, 19.457593856789895], [-99.17304482079686, 19.457579392234724], [-99.1729256251136, 19.45792647486815], [-99.17461364573727, 19.458211158496383], [-99.17577021015137, 19.458406202558937], [-99.17687721723928, 19.45859288206966], [-99.17708563755316, 19.458628028555083], [-99.17773342455565, 19.458742619055982], [-99.17798977150096, 19.458787964795775], [-99.17870980426218, 19.458915331763077], [-99.17883564237496, 19.458935903784937], [-99.17896478645484, 19.458956351357767], [-99.17993063290497, 19.45911767647638], [-99.18099503968914, 19.459295458742552], [-99.18114731239748, 19.45932089189006], [-99.18200885434179, 19.45946478424052], [-99.18207296539, 19.459396246838626], [-99.18234741020143, 19.45868627179428], [-99.1826350560716, 19.458779867035183], [-99.18279072680596, 19.45816309041298], [-99.18285170682415, 19.458180055916493], [-99.18287723847185, 19.45799283906687], [-99.18249067464271, 19.457843292353328], [-99.1823106896245, 19.457773662845955], [-99.18206179087281, 19.457561058864936], [-99.18195856016017, 19.45747288169653], [-99.18113764835878, 19.456817578462168], [-99.18063403234576, 19.456415556672447], [-99.1805329674838, 19.456334878293895], [-99.18040810712927, 19.456461101327726], [-99.18034371630277, 19.456427827141123], [-99.17997598670671, 19.456237798524995], [-99.17984964011936, 19.456172506284794], [-99.17925562147259, 19.455865536767572], [-99.17888175929771, 19.455636024813412], [-99.17849318809267, 19.455268209455078], [-99.17818426447855, 19.4549850704098], [-99.17799361537597, 19.4548103326148], [-99.17790795122256, 19.454731700820815], [-99.17747025602709, 19.454329934328392], [-99.17674033370594, 19.453863487814456], [-99.17665544011817, 19.45379862374751], [-99.1762049670671, 19.45345443446956], [-99.1761007878198, 19.453384229809995], [-99.17571739648639, 19.453125865557233], [-99.17533400254871, 19.452867496866006], [-99.17525351921697, 19.45281325923455], [-99.17508800780023, 19.452701721021786], [-99.17503003562105, 19.45266265400469], [-99.1747319348242, 19.452461762365832], [-99.17468403366746, 19.45242948151318], [-99.17448576382479, 19.452578212413787], [-99.17419112411444, 19.45282449472364], [-99.17426632583867, 19.45292572053388], [-99.17478872903835, 19.453701428895958], [-99.17482419558887, 19.453754171089344], [-99.17513326445889, 19.454119869778296], [-99.17538556865532, 19.454401925652277]]]}, "properties": {"nombre": "POPOTLA I", "cve_col": "  16-092"}}, {"type": "Feature", "geometry": {"type": "Polygon", "coordinates": [[[-99.19552365299195, 19.420497025242483], [-99.19546212180782, 19.420315859754222], [-99.19540119070547, 19.4199464797049], [-99.19541384753786, 19.419613827297436], [-99.19542461205447, 19.41933091783631], [-99.19542543767042, 19.419309213132504], [-99.19542684880015, 19.419272124622935], [-99.1954284141085, 19.419016574423733], [-99.19543001200435, 19.418755615398837], [-99.19536905158922, 19.418361127158636], [-99.19523249870933, 19.417981067652487], [-99.1950354931043, 19.417629767964915], [-99.19358064546515, 19.414984228493605], [-99.1934440402276, 19.41455395209648], [-99.19340588022823, 19.41425269665379], [-99.19342808689318, 19.413850946106457], [-99.1935472019051, 19.413047505466007], [-99.1936193834154, 19.41256062593717], [-99.19354214752086, 19.412323473468653], [-99.1934895315478, 19.412526636943944], [-99.19341860601651, 19.412890299567493], [-99.1932471580383, 19.41381986799648], [-99.19311887434262, 19.413918457882513], [-99.19301574475523, 19.413953116838716], [-99.19286402966301, 19.413959035583858], [-99.19273042649377, 19.41388432192162], [-99.19220165219437, 19.413216941591163], [-99.19177636545969, 19.412840579691693], [-99.19150069169227, 19.412123406689968], [-99.19099021189739, 19.41079031108652], [-99.19094247107643, 19.410665636476843], [-99.19076663616978, 19.410218783128627], [-99.19057534682406, 19.409822914033985], [-99.19029319798757, 19.409172729727523], [-99.19001669462968, 19.40853554993777], [-99.18974993189957, 19.40801787525744], [-99.18960904509757, 19.407744469412542], [-99.18929744989727, 19.40775439362035], [-99.18898585560662, 19.40776431729319], [-99.187917560572, 19.40779833606903], [-99.18795756147543, 19.4088905497624], [-99.18797082839527, 19.409252810267986], [-99.18796476032645, 19.409972427009038], [-99.18586885717642, 19.41007271210766], [-99.18584275636944, 19.410343350961174], [-99.18583478471668, 19.41042601013705], [-99.18546633685176, 19.411368633152414], [-99.18525038175376, 19.411921119405516], [-99.18506479403872, 19.412395912000726], [-99.18489264845716, 19.412867122807164], [-99.1847101108904, 19.413366774258254], [-99.18467986937729, 19.413449550892086], [-99.18562942396018, 19.41378608980299], [-99.18661500326587, 19.414135390671728], [-99.18703512086579, 19.414284282772307], [-99.1871702169864, 19.41433216120684], [-99.18773760535952, 19.414045523626342], [-99.18779703237688, 19.41401550194864], [-99.18788944786024, 19.41643591332968], [-99.1878753644581, 19.416681673880188], [-99.18920852741253, 19.417081727842433], [-99.18985056548189, 19.417394158426358], [-99.18997831931544, 19.417486421558426], [-99.19026665289832, 19.4178459788744], [-99.19045042182448, 19.418216868715632], [-99.19060379691801, 19.41872694557969], [-99.19065324819391, 19.41920814084979], [-99.19061712152825, 19.419672031043934], [-99.19048315955573, 19.420089639338652], [-99.1902636655033, 19.420530529390827], [-99.18981797090687, 19.420902077159173], [-99.18970595812556, 19.420971647130624], [-99.18961016860321, 19.421031140753673], [-99.18946682273591, 19.421106340044695], [-99.19011801506412, 19.421409102688376], [-99.1924520783413, 19.421006571595825], [-99.19262730324006, 19.42093386115312], [-99.19309971774624, 19.420869627137186], [-99.1934174522506, 19.420822903650503], [-99.19372297643932, 19.42078778920797], [-99.19397967953103, 19.42081070837054], [-99.19422416665704, 19.420839437617055], [-99.19498199832066, 19.420861817867337], [-99.19512862901816, 19.420826871573844], [-99.19523858397413, 19.420786166304293], [-99.19528739850512, 19.420722334474846], [-99.19533001841367, 19.420588930753883], [-99.19548255506378, 19.420523386799427], [-99.19552365299195, 19.420497025242483]]]}, "properties": {"nombre": "SAN MIGUEL CHAPULTEPEC I", "cve_col": "  16-094"}}, {"type": "Feature", "geometry": {"type": "Polygon", "coordinates": [[[-99.1260910986351, 19.422817432334952], [-99.1282079691243, 19.42312761341518], [-99.12839760869107, 19.42315539912004], [-99.12912771156492, 19.423262373231925], [-99.12921914049156, 19.423275769184485], [-99.12923151123853, 19.42322269274056], [-99.12924388197759, 19.4231696162955], [-99.12929076774081, 19.422865197458687], [-99.12930073980792, 19.42278549264699], [-99.1294943777765, 19.421237773155298], [-99.12976955228581, 19.418895102451923], [-99.12984557942696, 19.418457644058876], [-99.12990245470132, 19.41806326274054], [-99.12995236009756, 19.417622108632827], [-99.12879225593383, 19.41752966315584], [-99.12762283409563, 19.41743540935743], [-99.12740688723801, 19.418685341236756], [-99.12735449842175, 19.41903153560038], [-99.12716249457692, 19.420300313661627], [-99.12713303923964, 19.420494951554076], [-99.12658750607484, 19.42171095348286], [-99.1260910986351, 19.422817432334952]]]}, "properties": {"nombre": "ESPERANZA", "cve_col": "  15-011"}}, {"type": "Feature", "geometry": {"type": "Polygon", "coordinates": [[[-99.17390065214515, 19.411457391552872], [-99.17425254463258, 19.411062170958857], [-99.17515421483768, 19.410054093630208], [-99.17523169849132, 19.40996243815468], [-99.1758202554497, 19.409335028854095], [-99.17641778880926, 19.40867504138345], [-99.1765884815953, 19.408486654979086], [-99.17732736373686, 19.40767842914935], [-99.17743789004649, 19.407562529685425], [-99.1776089842648, 19.407685536657258], [-99.17797365989644, 19.407471667608924], [-99.1785393782057, 19.407139891144162], [-99.17878740319176, 19.407031437074952], [-99.17966378086433, 19.406825150658424], [-99.18028848094936, 19.406796053814254], [-99.18054076660998, 19.40673002211887], [-99.18062145901385, 19.40670890141237], [-99.18070215235004, 19.406687781572963], [-99.17895241523937, 19.406079642193383], [-99.17781222115677, 19.405680401122016], [-99.17711559983314, 19.40544121548938], [-99.17439824513923, 19.40454911539639], [-99.17349359218522, 19.40425799200472], [-99.17258078963307, 19.40396423926481], [-99.17169039165036, 19.403677761042655], [-99.17130672856193, 19.403554318054773], [-99.17117661333621, 19.403512346002262], [-99.1711455256159, 19.403371891117168], [-99.17099565632004, 19.40269478280901], [-99.17091136849268, 19.402313966961774], [-99.17081854404489, 19.401932747884064], [-99.1707728288142, 19.401755953374987], [-99.17049517180894, 19.400449268131833], [-99.1704615849377, 19.400291203605615], [-99.1704115952519, 19.400055942803913], [-99.17036457597531, 19.400182724513858], [-99.17031755662754, 19.400309507114162], [-99.17002622053066, 19.40109953244711], [-99.16985491698851, 19.401620769232416], [-99.1696843219578, 19.40214387317368], [-99.16955565944669, 19.402549283561243], [-99.16922016993391, 19.40360410595075], [-99.1691419462773, 19.40385560610867], [-99.16891411732522, 19.404588103306935], [-99.16848073676455, 19.405929932609236], [-99.16809318962555, 19.407042398007324], [-99.16773481255107, 19.408195187796053], [-99.16783263835654, 19.4083216750528], [-99.16832133380207, 19.40895354788607], [-99.16990747938463, 19.4085964179083], [-99.16969161419117, 19.407814631550682], [-99.17106984895588, 19.407540632116206], [-99.17201764866655, 19.40735219816807], [-99.17209038451097, 19.407649616682793], [-99.17213555270982, 19.40784577174914], [-99.17219071723798, 19.40808729788875], [-99.17229380135845, 19.40850791768999], [-99.17249537483065, 19.40933040911471], [-99.17268585531905, 19.410089151165607], [-99.17273035729875, 19.410266415188723], [-99.1728594806613, 19.410249422563773], [-99.1729886049497, 19.41023243075005], [-99.17298169051443, 19.410249146303386], [-99.17297477512625, 19.410265862761065], [-99.17296094624967, 19.41029929477], [-99.17293328752628, 19.41036615788169], [-99.1724657630822, 19.41149636952859], [-99.17390065214515, 19.411457391552872]]]}, "properties": {"nombre": "HIPODROMO II", "cve_col": "  15-055"}}, {"type": "Feature", "geometry": {"type": "Polygon", "coordinates": [[[-99.12896190974044, 19.447872527028935], [-99.12859940927486, 19.44966255450317], [-99.1280321277364, 19.449557752544134], [-99.12800847212401, 19.449697538961466], [-99.12720433774236, 19.4495414542842], [-99.1269784805656, 19.45049513103178], [-99.12674188460227, 19.45169414932406], [-99.12660415522703, 19.452392126081644], [-99.1278476010303, 19.452657902529275], [-99.12791862746707, 19.45267240508843], [-99.12798965486903, 19.45268690761902], [-99.12828995249902, 19.452746334797606], [-99.12870744136379, 19.452828952813448], [-99.12907140052188, 19.45290033584092], [-99.12923964506602, 19.452932780756797], [-99.12953492042668, 19.452974904071542], [-99.12960181929834, 19.452982599371243], [-99.13038900867585, 19.453073142098233], [-99.13053876907045, 19.453090366857918], [-99.13068852949661, 19.4531075923974], [-99.13107411752347, 19.452688526617457], [-99.1311620904557, 19.452592915191907], [-99.13267755417058, 19.450670177873054], [-99.13364438123683, 19.449419106846676], [-99.13411503992174, 19.44881006901859], [-99.1340473262718, 19.44874922534771], [-99.13414405136201, 19.448633601187215], [-99.13411800212597, 19.44858427720323], [-99.13407461378696, 19.4485349660311], [-99.13404854095057, 19.44845685849388], [-99.134036593668, 19.448424999357], [-99.13402464639088, 19.44839314112292], [-99.13400941728759, 19.448323249441305], [-99.13398767422609, 19.44823897078875], [-99.13398762191113, 19.448175235799724], [-99.13399623069492, 19.44810121456973], [-99.134017845457, 19.44802923879589], [-99.13405247051183, 19.447963422215345], [-99.13410008874071, 19.447885260211475], [-99.13414988444185, 19.44781943239677], [-99.1341726220259, 19.447795772393025], [-99.13418399129108, 19.447783941486], [-99.13419536055535, 19.44777211148199], [-99.13413897320456, 19.447728977841294], [-99.13410645745033, 19.44772283397486], [-99.13402843518006, 19.44772700357254], [-99.13396558191991, 19.447729105966857], [-99.13335150349364, 19.447650981532504], [-99.13298164257857, 19.447603925983504], [-99.1326801914042, 19.44756557311603], [-99.13264116441624, 19.44754812546778], [-99.13260213743732, 19.44753067871475], [-99.13083218881113, 19.44726782826823], [-99.13031790750259, 19.447191450680993], [-99.13045786588695, 19.446209555659863], [-99.12942528282876, 19.446034000597557], [-99.12935020590376, 19.446021235735955], [-99.12915649879515, 19.44698027602846], [-99.12915103745347, 19.447007315685774], [-99.12896190974044, 19.447872527028935]]]}, "properties": {"nombre": "MORELOS I", "cve_col": "  15-056"}}, {"type": "Feature", "geometry": {"type": "Polygon", "coordinates": [[[-99.14821227452151, 19.415510134987414], [-99.14826899240713, 19.415179135459883], [-99.14836173728708, 19.414637883698962], [-99.14824326823916, 19.41461499686399], [-99.14819181045549, 19.41461199871381], [-99.14671109948371, 19.414525738869056], [-99.14691590448805, 19.413429588410956], [-99.14713137254752, 19.412198726855554], [-99.14561112211355, 19.412063995986685], [-99.14540472043193, 19.413312445007136], [-99.14521788953073, 19.41440853608745], [-99.14392164418415, 19.414297763191566], [-99.14388117810338, 19.41473072315129], [-99.14383847554659, 19.415176918105345], [-99.14379605679382, 19.41559407158771], [-99.14376314462427, 19.415994739894202], [-99.14366468453662, 19.41692372453236], [-99.1436522583714, 19.41697399052305], [-99.14363983219866, 19.41702425651267], [-99.14360715380566, 19.41733936074365], [-99.14357456610324, 19.417757889008644], [-99.14351421677584, 19.41831834391923], [-99.14345640900265, 19.418886013015253], [-99.14447882240255, 19.418951073356897], [-99.14425264515273, 19.42028783078241], [-99.1442359959346, 19.420386229827844], [-99.14558616796774, 19.420518310125566], [-99.14573898545689, 19.419696905860683], [-99.14585080033129, 19.419095892313997], [-99.14741852682316, 19.419237268832404], [-99.1476365968567, 19.418058045083107], [-99.14769373057621, 19.418063917132585], [-99.14775086429971, 19.41806978916402], [-99.14789127627716, 19.41728819941341], [-99.14806315472077, 19.41635787767492], [-99.14821227452151, 19.415510134987414]]]}, "properties": {"nombre": "DOCTORES III", "cve_col": "  15-047"}}, {"type": "Feature", "geometry": {"type": "Polygon", "coordinates": [[[-99.14164008556983, 19.429049193247007], [-99.14179528482953, 19.427969182231422], [-99.14185053147877, 19.427672773548455], [-99.14188896801905, 19.427466553396062], [-99.14189400369479, 19.427439537141368], [-99.14200318600368, 19.42691324654593], [-99.14186711770331, 19.426903477009105], [-99.14176610416891, 19.426890488953653], [-99.14167800072173, 19.426875132048373], [-99.14160519617023, 19.42685052801037], [-99.14150113142493, 19.42679993279286], [-99.1414054902245, 19.426735993790736], [-99.14134361669667, 19.426709370347112], [-99.13938115604596, 19.426566858089096], [-99.13927646399945, 19.426557129396244], [-99.13731090679, 19.42637446813131], [-99.13722060717748, 19.42703389018856], [-99.1371639137445, 19.427027027665677], [-99.13614144261979, 19.426903259418527], [-99.13613966011333, 19.426932700485317], [-99.13515496905481, 19.426816635130493], [-99.13416671349226, 19.4267000889903], [-99.13293733854384, 19.426555223328144], [-99.13281158662083, 19.427422468042593], [-99.13404243585137, 19.42756493583942], [-99.13501945485248, 19.427679916686028], [-99.13596663210357, 19.427791743446814], [-99.13586591454185, 19.428561092558443], [-99.13698555669801, 19.428678265006262], [-99.13706517249996, 19.42867237860901], [-99.13772118411997, 19.428732026844443], [-99.1380269088829, 19.42875982459524], [-99.13874394343944, 19.42882585905355], [-99.13900950975109, 19.428847249507207], [-99.14164008556983, 19.429049193247007]]]}, "properties": {"nombre": "CENTRO V", "cve_col": "  15-041"}}, {"type": "Feature", "geometry": {"type": "Polygon", "coordinates": [[[-99.18279463580832, 19.429728820037514], [-99.18103010985786, 19.430507341313334], [-99.18079645755041, 19.43060942821076], [-99.18106766595609, 19.431236415505236], [-99.18113761437316, 19.43139812381102], [-99.18262571243797, 19.43142232754737], [-99.18344838950239, 19.431419155635222], [-99.18418268341472, 19.4314370035128], [-99.18489579490969, 19.431454333183268], [-99.18565133260655, 19.43147269119498], [-99.18642824448007, 19.431491565442023], [-99.18733601569734, 19.431513614417653], [-99.18813990022518, 19.431543639774485], [-99.18975051451089, 19.43159874431233], [-99.1908907586144, 19.431637747368722], [-99.19101656125197, 19.43145243424237], [-99.19105777606264, 19.431417165589565], [-99.19117852338032, 19.43136414090303], [-99.1912488145755, 19.43136740069719], [-99.1912580867402, 19.43129624540306], [-99.19136058512184, 19.430509649662635], [-99.19153909917304, 19.42913966785756], [-99.19160709621778, 19.428617831093153], [-99.19163625556533, 19.42843171845201], [-99.1917153134064, 19.427787318843237], [-99.1918077022374, 19.427078276263334], [-99.19181426343718, 19.426924782901462], [-99.19180730068133, 19.426736130036968], [-99.19179361633563, 19.4265634720245], [-99.19178667333783, 19.42639080779104], [-99.19179667505924, 19.42629806534525], [-99.19182349674087, 19.426176526986573], [-99.19186378782149, 19.426045381375094], [-99.19185919715335, 19.425825261076064], [-99.19173419902427, 19.425879095017013], [-99.19167949607144, 19.425902654077806], [-99.19058726740431, 19.42637304368524], [-99.18893533560087, 19.42708446168212], [-99.1887786753826, 19.427151927564513], [-99.18736231607066, 19.42776187651634], [-99.18559407418417, 19.42852333927693], [-99.18279463580832, 19.429728820037514]]]}, "properties": {"nombre": "BOSQUES DE CHAPULTEPEC (POLANCO)", "cve_col": "  16-018"}}, {"type": "Feature", "geometry": {"type": "Polygon", "coordinates": [[[-99.24072771422446, 19.396913696882493], [-99.2409011583453, 19.396988656019442], [-99.24095574492257, 19.397063772552098], [-99.24098771702329, 19.397314928176264], [-99.24100891734108, 19.397860232843378], [-99.24101907828451, 19.398034092993196], [-99.2408664870288, 19.398668699804443], [-99.24084184306277, 19.398748620669704], [-99.24079896694292, 19.39884456519468], [-99.24005255154276, 19.400017298841245], [-99.24003442197296, 19.400125477635434], [-99.24003301362984, 19.400202947531472], [-99.240073772675, 19.400427316131413], [-99.23946320314899, 19.400658808496118], [-99.23930161904707, 19.400996179524654], [-99.2392520945116, 19.401232846602742], [-99.23936422908608, 19.40118242125819], [-99.23953870117728, 19.401131913709673], [-99.23982846279463, 19.401057593554736], [-99.24018056696241, 19.400986147559582], [-99.24036126780018, 19.4009326731098], [-99.24054195982485, 19.400873283626645], [-99.24071632246547, 19.400748837010877], [-99.24083456359291, 19.40061263395418], [-99.24122006212284, 19.39993780636206], [-99.24139059438188, 19.399667935280977], [-99.24171759731645, 19.39915044291341], [-99.24184808589867, 19.398866346713984], [-99.2420271128084, 19.398428623379388], [-99.24225198768602, 19.39799629544958], [-99.24255686299743, 19.397608452925258], [-99.24302992535719, 19.397140532168798], [-99.24343768589769, 19.396776210078023], [-99.24359961384035, 19.3966783947093], [-99.2437335701041, 19.396633852315524], [-99.24393929643028, 19.396645407046716], [-99.24414821935031, 19.39671019196502], [-99.24433520933586, 19.396698111032208], [-99.24448781796042, 19.396621009889696], [-99.24468691653917, 19.396369351589684], [-99.24477387281505, 19.39615925086448], [-99.24483574058787, 19.395845668721396], [-99.24486963971388, 19.395588318628366], [-99.24491922528921, 19.39539896973402], [-99.24494794077317, 19.395301023488702], [-99.2450311372055, 19.395203621972865], [-99.24524270085864, 19.394951947154844], [-99.24619232193551, 19.394291134794805], [-99.24633555920973, 19.3942022150621], [-99.24653495135055, 19.39414870920379], [-99.24670013901064, 19.39414848516112], [-99.24682794375698, 19.39416014145438], [-99.24706176210114, 19.394201229792788], [-99.24694628211645, 19.394094915418176], [-99.24687133253902, 19.393997418699332], [-99.24681239812234, 19.39392450407516], [-99.24672771245805, 19.3938319918903], [-99.24661444253123, 19.393778836721474], [-99.24648015768875, 19.39376435407876], [-99.24637393415186, 19.393783745533327], [-99.24625714235769, 19.393871077790763], [-99.24628882260484, 19.393710534534637], [-99.24636576542385, 19.393563347531092], [-99.2465337222668, 19.393332432774987], [-99.2467042148576, 19.393034552139145], [-99.24663050280616, 19.39297040734178], [-99.24654369966629, 19.39287472856988], [-99.2465265182691, 19.39268770101076], [-99.24656357131333, 19.392456963633858], [-99.24674384168574, 19.392125475573557], [-99.24700504776396, 19.391728812037897], [-99.24706020255688, 19.39110174100422], [-99.24703447472217, 19.390575335313518], [-99.24700244256, 19.390001618277992], [-99.24715128393102, 19.389498635753725], [-99.24738774809443, 19.389232136914803], [-99.24751804828956, 19.388835650589115], [-99.24751761472727, 19.388548770413635], [-99.24756401112757, 19.388315062147345], [-99.24762915674211, 19.388113861490165], [-99.2476209925697, 19.388022066923035], [-99.24760768052474, 19.387905389002345], [-99.24755048555485, 19.387614146067474], [-99.247518802622, 19.387503533626724], [-99.24739382812622, 19.387067215878556], [-99.24731380587639, 19.38646910014114], [-99.24728703532172, 19.386262509997483], [-99.24664830354762, 19.38679881561524], [-99.24610767559793, 19.38719318115347], [-99.24577550369443, 19.387319789264083], [-99.24547805961906, 19.387386273951815], [-99.24505399494586, 19.387388943330876], [-99.24481018618775, 19.38733820763043], [-99.24435725733301, 19.38720755619679], [-99.24394198967714, 19.38707265261103], [-99.24375871626047, 19.387013114260135], [-99.24363207117337, 19.38699225789551], [-99.2434367751124, 19.38698232537357], [-99.24339114142917, 19.386980004226437], [-99.24323198927914, 19.386971910091365], [-99.24307283714184, 19.386963814913113], [-99.24289142790717, 19.386965308008648], [-99.24271100930483, 19.387039564757284], [-99.2426445999753, 19.38707167592231], [-99.24226193573338, 19.387278283007156], [-99.24184768686345, 19.38758337847889], [-99.24172441105335, 19.387700689401054], [-99.24131344172949, 19.388058684215522], [-99.24103197609067, 19.388230272488627], [-99.24073464313972, 19.388374847328624], [-99.24011473744156, 19.388721100866338], [-99.23984991689366, 19.388887152627145], [-99.23976388168093, 19.38906399383191], [-99.23960587141035, 19.389486163489114], [-99.23926100305788, 19.390266315358446], [-99.23914218039393, 19.390780130273342], [-99.2390991569364, 19.391021666397158], [-99.23918257821134, 19.391222673224362], [-99.23923138807902, 19.391572368236297], [-99.2392732628164, 19.391872375668086], [-99.23928412877592, 19.391950225311568], [-99.23937980067439, 19.392635654317086], [-99.23941857110216, 19.392913416083985], [-99.23945578530518, 19.3931207192572], [-99.23965487146373, 19.39422972351425], [-99.23957260754754, 19.39448334355092], [-99.23943468951913, 19.394631774737665], [-99.23902622563503, 19.39507137267947], [-99.23874901996552, 19.395369705371586], [-99.23814736108599, 19.39601721611932], [-99.23763060066305, 19.39644969222811], [-99.23710482933794, 19.396772718736816], [-99.23726753957239, 19.396876875682402], [-99.23781218249565, 19.39715893010676], [-99.2378998955282, 19.397256750047923], [-99.23825679549574, 19.396966188390177], [-99.23865673466466, 19.39731906033416], [-99.23871151896448, 19.397322700906468], [-99.2387603612669, 19.397302182800544], [-99.23936992101744, 19.39669993080943], [-99.23980551191775, 19.396229679123515], [-99.23982793403849, 19.396177670091465], [-99.23983569589785, 19.396134033510723], [-99.23983073236526, 19.396084844972215], [-99.23972811317354, 19.39580243931815], [-99.23970981436773, 19.395725289079007], [-99.23972057508155, 19.395675646016215], [-99.23977728065681, 19.39565515070947], [-99.2398333729454, 19.39564510142944], [-99.23988765012635, 19.395676751421885], [-99.23993393326649, 19.395751478886325], [-99.23995939142874, 19.395827431256826], [-99.23998146909896, 19.39589460298975], [-99.24005320502764, 19.395973943769743], [-99.24014214780104, 19.39604416852978], [-99.24018943959061, 19.39609737061257], [-99.24022137038777, 19.3961577595047], [-99.24023210337657, 19.396239234058065], [-99.24021842800474, 19.396308032702915], [-99.24018889299552, 19.39638304189973], [-99.2396707915688, 19.39708381566673], [-99.23966011432452, 19.39714045162067], [-99.2396670177515, 19.39717849921163], [-99.23970128661686, 19.397199802688842], [-99.23976842518627, 19.39721111733925], [-99.2398330581773, 19.397202393399088], [-99.23989411258172, 19.397183628370097], [-99.23994140212483, 19.397157151942206], [-99.2400680213636, 19.39705789786243], [-99.24015577807126, 19.39695674660568], [-99.24024728253131, 19.396879088063272], [-99.24033407974139, 19.396849787604232], [-99.24042798596764, 19.396838904620694], [-99.24072771422446, 19.396913696882493]]]}, "properties": {"nombre": "LOMAS DE BEZARES", "cve_col": "  16-041"}}, {"type": "Feature", "geometry": {"type": "Polygon", "coordinates": [[[-99.22325417478105, 19.429754160610457], [-99.2236091316426, 19.429723106615437], [-99.22335134866596, 19.429443050853116], [-99.22317936651405, 19.429162888354107], [-99.22300378089328, 19.428702305826192], [-99.22271252353984, 19.427720766797854], [-99.22264040837673, 19.427416229830108], [-99.22259660424807, 19.427297982825014], [-99.22253411968892, 19.427197504171545], [-99.2224248906365, 19.42710891156867], [-99.22233434125084, 19.427002552364407], [-99.22205112448833, 19.427100350809436], [-99.22036126343484, 19.427946430028573], [-99.22008978078352, 19.42806917467703], [-99.2195199602465, 19.428546639792494], [-99.21943853452031, 19.42859828105642], [-99.21903103568457, 19.428579444321205], [-99.21882735100587, 19.428618347504663], [-99.218433692401, 19.428792779734685], [-99.21814198790393, 19.429031518544466], [-99.21797231830163, 19.429115480106802], [-99.21782298798917, 19.429173645693297], [-99.21748347743267, 19.429212709378213], [-99.21709625087315, 19.429363649628336], [-99.21699987424897, 19.429520846049627], [-99.21678560828963, 19.429697465923073], [-99.21639976606873, 19.42989237901833], [-99.21614722837968, 19.42996503448428], [-99.21595187848663, 19.430028577143354], [-99.21589223003964, 19.430034169821173], [-99.21533233195346, 19.43049096906121], [-99.21537483757912, 19.430544498460872], [-99.21577686144671, 19.431050791735686], [-99.21565016257979, 19.43116624805748], [-99.21543842653081, 19.431359194477867], [-99.21482912837924, 19.431914419900675], [-99.21475324376384, 19.431983569338506], [-99.21355325144236, 19.43292107096857], [-99.2126230643708, 19.43304074644451], [-99.21252499285623, 19.433053363366703], [-99.21124368986479, 19.433218203827767], [-99.20998573543191, 19.433376330659442], [-99.20995073831656, 19.433379138334622], [-99.2099248710055, 19.433381212468134], [-99.20984572790958, 19.433387560438018], [-99.21033412377427, 19.433777040304808], [-99.21080938793911, 19.43416993477514], [-99.2113474991664, 19.43463264225191], [-99.21213499487176, 19.435358229343656], [-99.21219050594075, 19.43533404957075], [-99.21220927335355, 19.43532587516429], [-99.21228355085304, 19.43529352095582], [-99.21279637436506, 19.43517219691359], [-99.21289222232586, 19.435105153147575], [-99.21290784127868, 19.434950069888373], [-99.21287899238702, 19.434694340782112], [-99.2128713729923, 19.434626796582833], [-99.21395214687813, 19.434189365802343], [-99.21554573868556, 19.433544361996113], [-99.21688945042685, 19.433000481968953], [-99.21683747891768, 19.432853186948936], [-99.21695162503241, 19.432807475920903], [-99.21766283626307, 19.43252266459652], [-99.21837840659596, 19.432279635113748], [-99.21867822880517, 19.432173256889048], [-99.21896649315983, 19.432092080620052], [-99.21930944489739, 19.431942688247812], [-99.21949130203487, 19.431801754604948], [-99.22025398653814, 19.431480211494815], [-99.220477407149, 19.431386020198033], [-99.22081572452902, 19.431240184051756], [-99.22190758052749, 19.430791424138654], [-99.22183960943055, 19.43067719013785], [-99.22192135039205, 19.430632318097707], [-99.2221688784596, 19.430496436438442], [-99.22245881705348, 19.43033727143239], [-99.22293834193987, 19.43028198460803], [-99.22333098310664, 19.4302367136224], [-99.22325417478105, 19.429754160610457]]]}, "properties": {"nombre": "REFORMA SOCIAL", "cve_col": "  16-070"}}, {"type": "Feature", "geometry": {"type": "Polygon", "coordinates": [[[-99.21222951645163, 19.447540687729617], [-99.21167713536686, 19.44838509091151], [-99.21157876997546, 19.44840452357374], [-99.21131633510815, 19.448783815110033], [-99.21099887669237, 19.449242628905246], [-99.21099056324319, 19.449352303129285], [-99.21087914840241, 19.449478206942416], [-99.21086249184368, 19.44950144105157], [-99.21064886708159, 19.449641405187396], [-99.21037438439318, 19.449785220825397], [-99.21136469074227, 19.449750207240324], [-99.21180827842412, 19.449843736287946], [-99.21300165380903, 19.45075358167512], [-99.21313663084945, 19.45085648868891], [-99.21491114135652, 19.45220936172321], [-99.21576168177018, 19.452857793295955], [-99.21648536817497, 19.453409506231857], [-99.21714816958021, 19.453960426966404], [-99.2174817507417, 19.453549176827575], [-99.21814804208537, 19.45325271238565], [-99.2184340679918, 19.453125444443828], [-99.21866193481992, 19.453063808265647], [-99.21825438561201, 19.452289259945214], [-99.21685705773473, 19.449808187498345], [-99.21694459663858, 19.44977000190605], [-99.21708793950934, 19.448593136461266], [-99.21709899153066, 19.448499857596158], [-99.21724430970542, 19.447273335559018], [-99.21730082973743, 19.446845246461734], [-99.21733442012216, 19.446569454303347], [-99.21735920761236, 19.44636593499339], [-99.2174194680414, 19.445871174853387], [-99.21742989071039, 19.445785594580745], [-99.21744263727582, 19.445680943038795], [-99.21751802426928, 19.445202251816234], [-99.21766178612367, 19.444715686655794], [-99.21780658025892, 19.444506526819445], [-99.21754760938607, 19.444553584225265], [-99.21734372593492, 19.444517063449133], [-99.21740799399493, 19.44466000912638], [-99.21742198451537, 19.444703315778465], [-99.21744310279873, 19.444768683624677], [-99.21454605526307, 19.444689909370435], [-99.21503049775113, 19.445760622402457], [-99.21526013063827, 19.446294455623914], [-99.2151677622866, 19.446629114960093], [-99.21505969671088, 19.446790648315375], [-99.21316758030903, 19.44770849036755], [-99.21281131424472, 19.447700130819864], [-99.21269114093104, 19.44769731116828], [-99.21236304372243, 19.447568571179303], [-99.21222951645163, 19.447540687729617]]]}, "properties": {"nombre": "LOMAS DE SOTELO", "cve_col": "  16-045"}}, {"type": "Feature", "geometry": {"type": "Polygon", "coordinates": [[[-99.20708355563947, 19.469576168595903], [-99.20658071734371, 19.47137096346926], [-99.20679819270838, 19.47123164235106], [-99.20687069437707, 19.471218083369624], [-99.20692348286899, 19.47120821053936], [-99.2074648513359, 19.470715979219733], [-99.20750056799066, 19.470557992904233], [-99.20764672386497, 19.469944625118956], [-99.20773154122716, 19.469882588925643], [-99.20784986882731, 19.469791832075906], [-99.20876272566791, 19.470062207223272], [-99.20878962451764, 19.469985357534853], [-99.209016409, 19.46999021749907], [-99.20984183598907, 19.46945153638447], [-99.21001434184922, 19.46923624547069], [-99.21053194832682, 19.468662068972314], [-99.21059126742293, 19.468599912852778], [-99.21078158472999, 19.468400491478818], [-99.210796163021, 19.46838521615645], [-99.2111467272919, 19.46807753508017], [-99.21148129746683, 19.467928629872894], [-99.2115692857118, 19.467647445699782], [-99.2117393982531, 19.467103812702444], [-99.21185272578244, 19.467057589776733], [-99.21212812680152, 19.46708287362183], [-99.21242434664008, 19.46617775165033], [-99.21269818932751, 19.46534099182083], [-99.21278010282599, 19.465109390290227], [-99.2135588946969, 19.46290740169514], [-99.21269668556617, 19.4624484101474], [-99.21265659439707, 19.462427067977465], [-99.21235625354694, 19.462245094886324], [-99.21235953429472, 19.462422451151685], [-99.21236329592375, 19.46253885377406], [-99.21241393184229, 19.462617539931973], [-99.21248594488227, 19.462698089791672], [-99.21248381316165, 19.462701474907018], [-99.21094734779811, 19.46514160261508], [-99.21076750487977, 19.465237201945623], [-99.21057700490779, 19.46527758727586], [-99.21035997987079, 19.465272818196265], [-99.20933253509524, 19.46482216394291], [-99.20912070782343, 19.464742080546895], [-99.20886669668917, 19.46478755748925], [-99.20865519085271, 19.464958498039294], [-99.20854065910889, 19.46518173251422], [-99.208475763933, 19.465380425403158], [-99.2082802589746, 19.465646736354106], [-99.20817996513927, 19.465862732621865], [-99.20810862833349, 19.465859834073086], [-99.20799401037773, 19.466210029819848], [-99.207516234642, 19.467800280457233], [-99.2071876202868, 19.468892032067714], [-99.2070922117, 19.46898480470781], [-99.20699237641934, 19.469011688679423], [-99.20692725174602, 19.469017940858333], [-99.20689916072975, 19.46912299215664], [-99.20719199617841, 19.469208143001847], [-99.20708355563947, 19.469576168595903]]]}, "properties": {"nombre": "SAN LORENZO TLALTENANGO", "cve_col": "  16-074"}}, {"type": "Feature", "geometry": {"type": "Polygon", "coordinates": [[[-99.20278849895334, 19.429618055856448], [-99.20252288038273, 19.43035486392547], [-99.2021745988803, 19.431401855857594], [-99.20199587385005, 19.43211708931741], [-99.20259199314945, 19.43220594226387], [-99.20316330060051, 19.432257213548482], [-99.20342713409575, 19.432280889299882], [-99.2037531671566, 19.432310147642667], [-99.20416374373046, 19.43234699106398], [-99.20435558316305, 19.43236420618645], [-99.20634410365373, 19.43251226370308], [-99.2081337406338, 19.43279313147217], [-99.20817229537909, 19.4327153600033], [-99.20825302329789, 19.432496725009123], [-99.20834123277577, 19.432189223894355], [-99.20858264135413, 19.43134112139065], [-99.20828459126487, 19.431291896282477], [-99.20772797614542, 19.431282180107544], [-99.20740039940567, 19.43115313178816], [-99.20650463337306, 19.430491508155814], [-99.20541765247306, 19.429643726441732], [-99.20425053160027, 19.428753969912577], [-99.20414344266882, 19.428655051475058], [-99.20346755323311, 19.428030724698118], [-99.20330530358096, 19.427909710101467], [-99.20325949836345, 19.427875546471054], [-99.20319960313512, 19.427909947717612], [-99.20317870233825, 19.427921951749646], [-99.2031509450255, 19.427937894641644], [-99.20310166713995, 19.428056580450395], [-99.20300237757712, 19.4281405107984], [-99.20294855261392, 19.428223709775896], [-99.20282364095543, 19.428770113116688], [-99.20265875863127, 19.429491359750585], [-99.20264503961151, 19.429551370445623], [-99.2027312097538, 19.429591425701958], [-99.20278849895334, 19.429618055856448]]]}, "properties": {"nombre": "PALMITAS (POLANCO)", "cve_col": "  16-059"}}, {"type": "Feature", "geometry": {"type": "Polygon", "coordinates": [[[-99.21086249184368, 19.44950144105157], [-99.21087914840241, 19.449478206942416], [-99.21018704305459, 19.44890054655684], [-99.20943528313985, 19.44852799457777], [-99.2091230015262, 19.448373234072875], [-99.20868974785719, 19.448158522097078], [-99.20821688302213, 19.447924176043205], [-99.2069199742633, 19.44728143693636], [-99.20614447246373, 19.447926199443767], [-99.20780350823959, 19.448726898314902], [-99.208294293089, 19.448942499764506], [-99.20873212126564, 19.449134835810682], [-99.20904076582804, 19.449270421517056], [-99.20943682957369, 19.44944440784978], [-99.21011218205092, 19.449729578163915], [-99.21037438439318, 19.449785220825397], [-99.21064886708159, 19.449641405187396], [-99.21086249184368, 19.44950144105157]]]}, "properties": {"nombre": "10 DE ABRIL", "cve_col": "  16-085"}}, {"type": "Feature", "geometry": {"type": "Polygon", "coordinates": [[[-99.1871702169864, 19.41433216120684], [-99.18703512086579, 19.414284282772307], [-99.18661500326587, 19.414135390671728], [-99.18562942396018, 19.41378608980299], [-99.18467986937729, 19.413449550892086], [-99.1847101108904, 19.413366774258254], [-99.18489264845716, 19.412867122807164], [-99.18506479403872, 19.412395912000726], [-99.18525038175376, 19.411921119405516], [-99.18546633685176, 19.411368633152414], [-99.18583478471668, 19.41042601013705], [-99.18584275636944, 19.410343350961174], [-99.18586885717642, 19.41007271210766], [-99.18796476032645, 19.409972427009038], [-99.18797082839527, 19.409252810267986], [-99.18795756147543, 19.4088905497624], [-99.187917560572, 19.40779833606903], [-99.18898585560662, 19.40776431729319], [-99.18929744989727, 19.40775439362035], [-99.18960904509757, 19.407744469412542], [-99.1892499703006, 19.407026127798613], [-99.1888970915352, 19.40632017534721], [-99.18860866321819, 19.40574315474484], [-99.18855214883686, 19.405616759692915], [-99.18824961796565, 19.40494014362775], [-99.18778637299674, 19.40390407563185], [-99.1877238089133, 19.403801623502503], [-99.18708273413056, 19.40275181974108], [-99.18702703545055, 19.402861357036574], [-99.18693404315913, 19.40309086061235], [-99.18679613041088, 19.403304023963585], [-99.18673478621986, 19.40330751121136], [-99.18667870578706, 19.403310699321693], [-99.18641331979444, 19.40380583709989], [-99.18634811686222, 19.40401905836342], [-99.18568395497962, 19.40526785012973], [-99.1854103731586, 19.405775962304354], [-99.18503194020099, 19.406478802503806], [-99.18465212420092, 19.4072030037294], [-99.18438184361543, 19.40771088591239], [-99.18427666633559, 19.407918887248282], [-99.18377407642912, 19.408725974140847], [-99.18341718246906, 19.40929908831183], [-99.1833468100097, 19.40941189626901], [-99.18281836041379, 19.410260377246853], [-99.18217229969649, 19.411297715659742], [-99.18211859384684, 19.41138391161339], [-99.18139481108891, 19.41259922775496], [-99.18134804050476, 19.41267776019713], [-99.18117852231339, 19.412962397356992], [-99.18099844002529, 19.413264771431752], [-99.18040197023537, 19.414266289071936], [-99.18037658459721, 19.414308912225398], [-99.18024422558784, 19.414531151903766], [-99.17992000976783, 19.415075526119175], [-99.1798503399692, 19.415192503580286], [-99.17966147260684, 19.415509619306498], [-99.17888769314943, 19.416883260976842], [-99.17881712603317, 19.41700853329216], [-99.17824794020721, 19.418018954606357], [-99.17751109562982, 19.41923768097988], [-99.17715711799848, 19.42004950102038], [-99.17709490078086, 19.42019219190722], [-99.17678471851298, 19.420253394224467], [-99.17662426642829, 19.420273850675976], [-99.17656348059677, 19.42032859862451], [-99.17642119798957, 19.420456748460367], [-99.17596798118832, 19.420698271816775], [-99.17576105204593, 19.420804308183268], [-99.17579881361091, 19.42083990004367], [-99.17585721898354, 19.420895361061817], [-99.17598659851181, 19.42094781981504], [-99.17613072463774, 19.42096871337067], [-99.17624159963246, 19.420993145529092], [-99.17633773669705, 19.421056152918396], [-99.17646664880174, 19.42108389674351], [-99.17687198410603, 19.421310146427338], [-99.17706117854037, 19.421315570588643], [-99.17762280000676, 19.421316099431348], [-99.17767521220546, 19.422432364638826], [-99.17767012998127, 19.422620431772565], [-99.1776573268137, 19.422999076442355], [-99.17762841758406, 19.423149554802823], [-99.17755995129667, 19.423380311637867], [-99.17770796031255, 19.423382673792325], [-99.17791412308776, 19.423392502360713], [-99.17799824486083, 19.422976175736743], [-99.17802700625552, 19.42269029256651], [-99.17803625731354, 19.42233775088273], [-99.17802672826207, 19.421313683215285], [-99.17801275091115, 19.42103394292399], [-99.17800254108087, 19.42082961377101], [-99.17797440378331, 19.420369063059844], [-99.17811571897455, 19.4203289944005], [-99.17823626671998, 19.420294813890834], [-99.17842929819798, 19.420290157253817], [-99.17850934244326, 19.420294545707662], [-99.17862696970262, 19.42022295906869], [-99.17879162484014, 19.420102189702025], [-99.1788805711234, 19.41996619110673], [-99.17903134155951, 19.41973566258008], [-99.17949736997569, 19.41870433932499], [-99.18019900309646, 19.41692753789617], [-99.1801791643313, 19.41674011978913], [-99.1803597296681, 19.41669473361359], [-99.1808279792405, 19.41657703611587], [-99.18098415147306, 19.41653778096856], [-99.18229078791815, 19.416307720238112], [-99.1826283024386, 19.416248292145582], [-99.18297638887711, 19.416146542229516], [-99.18371806313681, 19.415862055967793], [-99.18388269775156, 19.415798905255745], [-99.18501676051518, 19.415355793913577], [-99.18557812612067, 19.415136448729857], [-99.18582905610396, 19.415009686230967], [-99.1863895370816, 19.414726545576578], [-99.1871702169864, 19.41433216120684]]]}, "properties": {"nombre": "SAN MIGUEL CHAPULTEPEC II", "cve_col": "  16-095"}}, {"type": "Feature", "geometry": {"type": "Polygon", "coordinates": [[[-99.1799800666201, 19.4451621057131], [-99.17959684046549, 19.444703138411647], [-99.17909773544896, 19.444105383614687], [-99.17863907355996, 19.44355606137706], [-99.1781162451112, 19.442929881571995], [-99.17874546865214, 19.4430148524701], [-99.17919914951956, 19.443076116504447], [-99.17982720124776, 19.44316092484064], [-99.18089533531612, 19.44330515438632], [-99.18200477463871, 19.443454954635897], [-99.18295912560842, 19.44358380896919], [-99.18322777437592, 19.44166255073059], [-99.1832385330553, 19.441529544603473], [-99.18324666207566, 19.441476061388492], [-99.18350482201373, 19.439777563145224], [-99.18367900442692, 19.439824613613784], [-99.18367831604068, 19.439682649585848], [-99.18367769335735, 19.439554209683457], [-99.18367583546961, 19.43917113931831], [-99.18361805982781, 19.438488407114342], [-99.18360386652921, 19.43832067987226], [-99.18345410092635, 19.438264325217027], [-99.1829105511413, 19.43805979045179], [-99.1825385427675, 19.437817718115788], [-99.182240860624, 19.437555733689468], [-99.18139006128419, 19.437148833897236], [-99.18055332629494, 19.436849916282878], [-99.18052743110785, 19.436837116418566], [-99.17973542806526, 19.436445622916438], [-99.17930733753121, 19.436234013247624], [-99.17877859260274, 19.437124976744776], [-99.17853229343407, 19.437584124731185], [-99.17804993601483, 19.438313126855043], [-99.17717013227247, 19.43936654922187], [-99.17628894847647, 19.44056138210827], [-99.17610321465295, 19.440539163700887], [-99.17535788069644, 19.439921170352715], [-99.17412951977494, 19.43910471700556], [-99.17339661533703, 19.43862110051951], [-99.17275629999244, 19.43819857580328], [-99.17274674271944, 19.438369317902403], [-99.17264240611183, 19.43910399417075], [-99.17248652217, 19.440201613422882], [-99.17217583479486, 19.440155712001097], [-99.17186514758994, 19.440109810045815], [-99.17181400565303, 19.440051018035234], [-99.17177934239898, 19.44009975152735], [-99.17169855239251, 19.440213332760763], [-99.17131632471909, 19.440800971427322], [-99.17117897965815, 19.44149336290022], [-99.17109639206373, 19.441983575265034], [-99.17058123230463, 19.441929444751334], [-99.17036951408244, 19.442208749125708], [-99.17010318733628, 19.44256009402975], [-99.16985681865349, 19.44286007128438], [-99.16970439525353, 19.44304904206282], [-99.17066113286636, 19.443798042187375], [-99.17076174532518, 19.443777067035363], [-99.17084815568093, 19.443773706988765], [-99.1709615398016, 19.443820255726184], [-99.17099364285552, 19.443884803619355], [-99.17102491154223, 19.443947673177806], [-99.17192462356792, 19.44404779751342], [-99.17301942458758, 19.44420693334597], [-99.17410385740298, 19.444358511970353], [-99.17518829312998, 19.444510084094134], [-99.17628556195362, 19.44465594290292], [-99.17736421946569, 19.444799320791116], [-99.17844287881809, 19.44494269315297], [-99.17902760944337, 19.44502041101102], [-99.17929457440263, 19.445066398939122], [-99.1795615404626, 19.44511238737577], [-99.1799800666201, 19.4451621057131]]]}, "properties": {"nombre": "ANAHUAC II", "cve_col": "  16-089"}}, {"type": "Feature", "geometry": {"type": "Polygon", "coordinates": [[[-99.22190758052749, 19.430791424138654], [-99.22081572452902, 19.431240184051756], [-99.220477407149, 19.431386020198033], [-99.22025398653814, 19.431480211494815], [-99.21949130203487, 19.431801754604948], [-99.21930944489739, 19.431942688247812], [-99.21896649315983, 19.432092080620052], [-99.21867822880517, 19.432173256889048], [-99.21837840659596, 19.432279635113748], [-99.21766283626307, 19.43252266459652], [-99.21695162503241, 19.432807475920903], [-99.21683747891768, 19.432853186948936], [-99.21688945042685, 19.433000481968953], [-99.21554573868556, 19.433544361996113], [-99.21395214687813, 19.434189365802343], [-99.2128713729923, 19.434626796582833], [-99.21287899238702, 19.434694340782112], [-99.21290784127868, 19.434950069888373], [-99.21289222232586, 19.435105153147575], [-99.21279637436506, 19.43517219691359], [-99.21228355085304, 19.43529352095582], [-99.21220927335355, 19.43532587516429], [-99.21219050594075, 19.43533404957075], [-99.21213499487176, 19.435358229343656], [-99.2122513571862, 19.435556062392745], [-99.21241776435009, 19.435786502690807], [-99.2130779412685, 19.436802618000453], [-99.21313796747741, 19.436938542112618], [-99.21397076425434, 19.438824304691032], [-99.21401938435481, 19.43892698591015], [-99.21409128531239, 19.439047957160046], [-99.21419666163901, 19.43904647000666], [-99.21431147719785, 19.43904316239723], [-99.21445998066567, 19.43903888317259], [-99.21584662583804, 19.441744129648818], [-99.21598824473956, 19.441926949075963], [-99.21591542571984, 19.442002766570585], [-99.21584125274751, 19.44207918571654], [-99.21573978126729, 19.442183728522842], [-99.2158338397952, 19.442289402514223], [-99.21609190432146, 19.442537373449728], [-99.21678326786258, 19.44330531887762], [-99.21724546894936, 19.44429851349159], [-99.21734372593492, 19.444517063449133], [-99.21754760938607, 19.444553584225265], [-99.21780658025892, 19.444506526819445], [-99.21788027508254, 19.444400071436167], [-99.21799047889782, 19.444291374315917], [-99.21809285067351, 19.444201943002067], [-99.21817967937871, 19.444057509155815], [-99.22058282053776, 19.44367531870233], [-99.22962747865641, 19.43737466267378], [-99.22854176830285, 19.4368099827155], [-99.22867590785387, 19.436687593772227], [-99.22816037138615, 19.43604595704972], [-99.22804968685374, 19.436197934669796], [-99.22729190390878, 19.43584437481439], [-99.22750325016953, 19.435230508489482], [-99.22743031994897, 19.434944718864614], [-99.22720944904013, 19.434659688306272], [-99.22639320025931, 19.43420947978281], [-99.22617134946914, 19.433965339768513], [-99.22615751964517, 19.433719119419617], [-99.22641570875669, 19.43276410916591], [-99.226664568873, 19.432271139021314], [-99.22687230942566, 19.431585978682524], [-99.22681802854208, 19.431338248149412], [-99.22650837977899, 19.431072979777266], [-99.2236091316426, 19.429723106615437], [-99.22325417478105, 19.429754160610457], [-99.22333098310664, 19.4302367136224], [-99.22293834193987, 19.43028198460803], [-99.22245881705348, 19.43033727143239], [-99.22183960943055, 19.43067719013785], [-99.22190758052749, 19.430791424138654]]]}, "properties": {"nombre": "MILITAR 1 K LOMAS DE SOTELO (U HAB)", "cve_col": "  16-051"}}, {"type": "Feature", "geometry": {"type": "Polygon", "coordinates": [[[-99.21997365102531, 19.452861923686758], [-99.21997870442006, 19.45256165700444], [-99.22014872041802, 19.4461163495107], [-99.21984714958914, 19.44535415944402], [-99.21940948996063, 19.44490570873611], [-99.21809285067351, 19.444201943002067], [-99.2180527680872, 19.444236958803216], [-99.21799047889782, 19.444291374315917], [-99.21788027508254, 19.444400071436167], [-99.21780658025892, 19.444506526819445], [-99.21766178612367, 19.444715686655794], [-99.21751802426928, 19.445202251816234], [-99.21744263727582, 19.445680943038795], [-99.21742989071039, 19.445785594580745], [-99.2174194680414, 19.445871174853387], [-99.21735920761236, 19.44636593499339], [-99.21733442012216, 19.446569454303347], [-99.21730082973743, 19.446845246461734], [-99.21724430970542, 19.447273335559018], [-99.21709899153066, 19.448499857596158], [-99.21708793950934, 19.448593136461266], [-99.21694459663858, 19.44977000190605], [-99.21685705773473, 19.449808187498345], [-99.21825438561201, 19.452289259945214], [-99.21866193481992, 19.453063808265647], [-99.2193494913756, 19.452877829558282], [-99.21981076964698, 19.45286025046447], [-99.21990684283074, 19.45286082715643], [-99.21997365102531, 19.452861923686758]]]}, "properties": {"nombre": "PERIODISTA", "cve_col": "  16-063"}}]}